{
  "Name": "Autumn Drop Berry",
  "Description": "A unique tasting berry. It is commonly found by the mountain ridge. It presents a nutty yet sweet taste.",
  "Category": "Fruit",
  "Edibility": 10,
  "Price": 55,
  "IsColored": false,
  "Recipe": null,
  "GiftTastes":
  {
  "Love": ["Flor", "Kenneth"],
  "Like": ["Olga", "Alex", "Caroline", "Clint", "Demetrius", "Dwarf", "Elliott", "Emily", "Evelyn", "George", "Gus", "Jas", "Jodi", "Kent", "Krobus", "Leah", "Lewis", "Linus", "Marnie", "Maru", "Pam", "Penny", "Pierre", "Robin", "Sandy", "Shane", "Willy", "Wizard","Abigail", "Haley", "Sam", "Sebastian", "Vincent"],
  },
}