{
  "Name": "Apricot Juice",
  "Description": "Refreshing and relaxing!",
  "Category": "Cooking",
  "Price": 30,
  "Edibility": 15,
  "EdibleIsDrink": true,
  "IsColored": false,
  "GiftTastes":{
    "Love": ["Alissa", "Daia", "Shane", "Corine", "Ysabelle", "Penny", "Vincent", "Jas"],
    "Like": ["Abigail", "Emily", "Haley", "Leah", "Maru", "Penny", "Caroline", "Jodi", "Sandy", "Demetrius", "Gus", "Pierre"],
    "Dislike": ["Krobus", "Dwarf"]
  },
  "Recipe":
    {
        "ResultCount": 1,
        "Ingredients": [
        {
            "Object": 634,
            "Count": 1,
        },
        ],
        "CanPurchase": false,
    },

    "NameLocalization":
    { 
      //remove the "//" from your language
        //"es": "PLACEHOLDER",
        //"ko": "PLACEHOLDER",
        //"de": "PLACEHOLDER",
        //"fr": "PLACEHOLDER",
        //"hu": "PLACEHOLDER",
        //"it": "PLACEHOLDER",
        //"ja": "PLACEHOLDER",
        //"pt": "PLACEHOLDER",
        //"ru": "PLACEHOLDER",
        //"tr": "PLACEHOLDER",
        //"zh": "PLACEHOLDER",
    },
    "DescriptionLocalization":
    {
      //remove the "//" from your language      
        //"es": "PLACEHOLDER",
        //"ko": "PLACEHOLDER",
        //"de": "PLACEHOLDER",
        //"fr": "PLACEHOLDER",
        //"hu": "PLACEHOLDER",
        //"it": "PLACEHOLDER",
        //"ja": "PLACEHOLDER",
        //"pt": "PLACEHOLDER",
        //"ru": "PLACEHOLDER",
        //"tr": "PLACEHOLDER",
        //"zh": "PLACEHOLDER",
    }
}