{
  "Name": "Violet Devil's Claw",
  "Description": "It's alluring scent and aesthetic makes it popular for perfumes and decorations.",
  "Category": "Flower",
  "Edibility": 5,
  "EdibleBuffs": {
    "Farming": 0,
    "Fishing": 0,
    "Mining": 0,
    "Luck": 0,
	"Foraging": 0,
	"MaxStamina": 0,
    "MagnetRadius": 0,
	"Speed": 0,
	"Defense": 0,
	"Attack": 1,
    "Duration": 10,
	},
  "Price": 50,
  "IsColored": false,
  "Recipe": null,
  "GiftTastes":
  {
  "Love": ["Trinnie", "Daia", "Bliss", "Louie", "Philip", "Flor", "Aguar", "Demetrius", "Wizard", "Olivia", "Lewis"],
  "Like": ["Jas", "Leah", "Maddie"],
  },

      "NameLocalization":
    { 
      //remove the "//" from your language
        //"es": "PLACEHOLDER",
        //"ko": "PLACEHOLDER",
        //"de": "PLACEHOLDER",
        //"fr": "PLACEHOLDER",
        //"hu": "PLACEHOLDER",
        //"it": "PLACEHOLDER",
        //"ja": "PLACEHOLDER",
        //"pt": "PLACEHOLDER",
        //"ru": "PLACEHOLDER",
        //"tr": "PLACEHOLDER",
        //"zh": "PLACEHOLDER",
    },
    "DescriptionLocalization":
    {
      //remove the "//" from your language      
        //"es": "PLACEHOLDER",
        //"ko": "PLACEHOLDER",
        //"de": "PLACEHOLDER",
        //"fr": "PLACEHOLDER",
        //"hu": "PLACEHOLDER",
        //"it": "PLACEHOLDER",
        //"ja": "PLACEHOLDER",
        //"pt": "PLACEHOLDER",
        //"ru": "PLACEHOLDER",
        //"tr": "PLACEHOLDER",
        //"zh": "PLACEHOLDER",
    }
}