{
"Changes": [


	/*********
	** Map Changes
	*********/	

//Cliff Sky

	{
		"Action": "EditMap",
		"Target": "Maps/Custom_Ridgeside_RSVCliff",
		"FromFile": "Assets/Maps/OutdoorMaps/RSVCliff.tmx",
		"FromArea": { "X": 0, "Y": 0, "Width": 108, "Height": 40 },
		"ToArea": { "X": 0, "Y": 0, "Width": 108, "Height": 40 },
		"PatchMode": "ReplaceByLayer",
		"When": { "Time": "{{Range: 0600, 1900}}" },
		"Update": "OnLocationChange"
	},
	{
		"Action": "EditMap",
		"Target": "Maps/Custom_Ridgeside_RSVCliff",
		"FromFile": "Assets/Maps/DynamicMaps/RSVCliffNight.tmx",
		"FromArea": { "X": 0, "Y": 0, "Width": 108, "Height": 40 },
		"ToArea": { "X": 0, "Y": 0, "Width": 108, "Height": 40 },
		"PatchMode": "Overlay",
		"When": { "Time": "{{Range: 1900, 2600}}" },
		"Update": "OnLocationChange"
	},

//Ride Sky
	{
		"Action": "EditMap",
		"Target": "Maps/Custom_Ridgeside_RSVTheRide",
		"FromFile": "Assets/Maps/EventMaps/RSVTheRide.tmx",
		"ToArea": { "X": 0, "Y": 0, "Width": 93, "Height": 40 },
		"PatchMode": "ReplaceByLayer",
		"When": { "Time": "{{Range: 0600, 1900}}" },
		"Update": "OnLocationChange"
	},
	{
		"Action": "EditMap",
		"Target": "Maps/Custom_Ridgeside_RSVTheRide",
		"FromFile": "Assets/Maps/DynamicMaps/RSVTheRideNight.tmx",
		"ToArea": { "X": 0, "Y": 0, "Width": 93, "Height": 40 },
		"PatchMode": "Overlay",
		"When": { "Time": "{{Range: 1900, 2600}}" },
		"Update": "OnLocationChange"
	},

//Lamp posts
	{
		"Action": "EditMap",
		"Target": "Maps/Custom_Ridgeside_RidgesideVillage",
		"MapProperties": {
			"Outdoors": "T",
			"Light": "101 6 4 126 22 4 46 27 4 58 25 4 74 25 4 111 26 4 118 26 4 143 26 4 107 41 4 121 41 4 95 47 4 124 29 4 135 49 4 8 61 4 37 56 4 72 57 4 95 57 4 112 53 4 116 53 4 64 70 4 93 75 4 112 64 4 126 74 4 133 74 4 126 83 4 133 83 4 81 85 4 87 85 4 87 110 4 62 41 4 86 39 4 62 44 4 65 50 4 69 50 4 89 46 4 89 49 4 101 50 4 70 14 4 17 80 4 110 83 4 66 35 4 68 35 4 70 35 4 72 35 4 74 35 4 76 35 4 78 35 4 80 35 4 82 35 4 90 36 4 02 36 4 94 36 4 96 36 4 98 36 4 100 36 4",
			"NightTiles": "AlwaysFront 101 6 908 AlwaysFront 126 22 908 AlwaysFront 46 27 908 AlwaysFront 58 25 908 AlwaysFront 74 25 908 AlwaysFront 111 26 908 AlwaysFront 118 26 908 AlwaysFront 143 26 908 AlwaysFront 107 41 908 AlwaysFront 121 41 908 AlwaysFront 95 47 908 AlwaysFront 124 29 908 AlwaysFront 135 49 908 AlwaysFront 8 61 908 AlwaysFront 37 56 908 AlwaysFront 72 57 908 AlwaysFront 95 57 908 AlwaysFront 112 53 908 AlwaysFront 116 53 908 AlwaysFront 64 70 908 AlwaysFront 93 75 908 AlwaysFront 112 64 908 AlwaysFront 126 74 908 AlwaysFront 133 74 908 AlwaysFront 126 83 908 AlwaysFront 133 83 908 AlwaysFront 81 85 908 AlwaysFront 87 85 908 AlwaysFront 87 110 908 AlwaysFront 70 14 507 AlwaysFront 17 80 507 AlwaysFront 110 83 507"
		},
		"When": { "Time": "{{Range: 1900, 2600}}" },
		"Update": "OnLocationChange"
	},	

//Hike House Peek (11PM-11:30PM Thursday)
	{
		"Action": "EditMap",
		"Target": "Maps/Custom_Ridgeside_RSVTheHike",
		"FromFile": "Assets/Maps/EventMaps/CliffHousePeek.tmx",
		"FromArea": { "X": 0, "Y": 0, "Width": 2, "Height": 2 },
		"ToArea": { "X": 57, "Y": 41, "Width": 2, "Height": 2 },
		"PatchMode": "ReplaceByLayer",
		"When": { "Time": "{{Range: 2300, 2330}}", "DayOfWeek": "Thursday", "HasSeenEvent: |contains=75160182": false },
		"Update": "OnLocationChange, OnTimeChange"
	},
	{
        "Action": "EditMap",
        "Target": "Maps/Custom_Ridgeside_RSVTheHike",
        "MapTiles": [
			{
				"Position": { "X": 57, "Y": 42 },
				"Layer": "Buildings",
				"SetProperties": {
				"Action": "MessageOnce 75160181 '???: {{i18n:Find.Undreya}}'"
               }
            }
		],
		"When": { "Time": "{{Range: 2300, 2330}}", "DayOfWeek": "Thursday", "HasSeenEvent |contains=75160181": false },
		"Update": "OnLocationChange, OnTimeChange"
    },
	{
        "Action": "EditMap",
        "Target": "Maps/Custom_Ridgeside_RSVTheHike",
        "MapTiles": [
			{
				"Position": { "X": 57, "Y": 42 },
				"Layer": "Buildings",
				"SetProperties": {
				"Action": "Message rsv.undreyapeek"
               }
            }
		],
		"When": { "Time": "{{Range: 2300, 2330}}", "DayOfWeek": "Thursday", "HasSeenEvent |contains=75160181": true },
		"Update": "OnLocationChange, OnTimeChange"
    },
    //Undreya's house unlock nextday
	{
		"Action": "EditMap",
		"Target": "Maps/Custom_Ridgeside_RSVTheHike",
		"FromFile": "Assets/Maps/EventMaps/UndreyaUnlock.tmx",
		"ToArea": { "X": 60, "Y": 41, "Width": 1, "Height": 2 },
		"When": { "Time": "{{Range: 2300, 2600}}", "HasSeenEvent |contains=75160181": true, "HasSeenEvent: |contains=75160182": false, "DayOfWeek: |contains=Thursday": false },
		"Update": "OnLocationChange, OnTimeChange"
	},
	//Undreya house unlock with time change
	{
		"Action": "EditMap",
		"Target": "Maps/Custom_Ridgeside_RSVTheHike",
		"FromFile": "Assets/Maps/EventMaps/UndreyaUnlock.tmx",
		"ToArea": { "X": 60, "Y": 41, "Width": 1, "Height": 2 },
		"When": { "Time": "{{Range: 2300, 2600}}", "HasSeenEvent |contains=75160182": true },
		"Update": "OnLocationChange, OnTimeChange"
	},
	//Undreya calendar
	{
		"Action": "EditMap",
		"Target": "Maps/Custom_Ridgeside_RSVAbandonedHouse",
		"FromFile": "Assets/Maps/EventMaps/RSVAbandonedHouse_Sched.tmx",
		"ToArea": { "X": 2, "Y": 3, "Width": 1, "Height": 2 },
		"PatchMode": "Replace",
		"When": { "HasSeenEvent": 75160273 },
		"Update": "OnLocationChange"
	},
	
//Unlock Minecarts
	{
        "Action": "EditMap",
        "Target": "Maps/Custom_Ridgeside_RidgesideVillage",
        "MapTiles": [
			{
				"Position": { "X": 69, "Y": 15 },
				"Layer": "Buildings",
				"SetProperties": {
				"Action": "RSVMinecart2"
               }
            },
			{
				"Position": { "X": 16, "Y": 81 },
				"Layer": "Buildings",
				"SetProperties": {
				"Action": "RSVMinecart3"
               }
            },
            {
				"Position": { "X": 109, "Y": 84 },
				"Layer": "Buildings",
				"SetProperties": {
				"Action": "RSVMinecart4"
               }
            }
		],
		"When": { "HasFlag: hostPlayer": "RSV.FixedMinecart" },
		"Update": "OnLocationChange"
    },
	{
        "Action": "EditMap",
        "Target": "Maps/Custom_Ridgeside_RSVCableCar",
        "MapTiles": [
			{
				"Position": { "X": 25, "Y": 17 },
				"Layer": "Buildings",
				"SetProperties": {
				"Action": "RSVMinecart1"
               }
            }
		],
		"When": { "HasFlag: hostPlayer": "RSV.FixedMinecart" },
		"Update": "OnLocationChange"
	},
	{
        "Action": "EditMap",
        "Target": "Maps/Custom_Ridgeside_SummitFarm",
        "MapTiles": [
			{
				"Position": { "X": 77, "Y": 47 },
				"Layer": "Buildings",
				"SetProperties": {
				"Action": "RSVMinecart5"
               }
            }
		],
		"When": { "HasFlag: hostPlayer": "RSV.FixedMinecart" },
		"Update": "OnLocationChange"
	},
	//Open Entrance
	{
		"Action": "EditMap",
		"Target": "Maps/Custom_Ridgeside_RidgesideVillage",
		"FromFile": "Assets/Maps/EventMaps/RSVOpenPlot.tmx",
		"ToArea": { "X": 68, "Y": 18, "Width": 3, "Height": 2 },
		"PatchMode": "Replace",
		"When": { "HasSeenEvent": 75160189 },
		"Update": "OnLocationChange"
	},
	//Remove minecart donation box when done
	{
		"Action": "EditMap",
		"Target": "Maps/Custom_Ridgeside_RidgesideVillage",
		"FromFile": "Assets/Maps/EventMaps/RSVFixedMinecart.tmx",
		"FromArea": { "X": 0, "Y": 0, "Width": 2, "Height": 3 },
		"ToArea": { "X": 67, "Y": 14, "Width": 2, "Height": 3 },
		"PatchMode": "ReplaceByLayer",
		"When": { "HasFlag": "RSV.FixedMinecart" },
		"Update": "OnLocationChange"
	},

//Event changes
	//Aguar Events
     	{
         "Action": "EditMap",
         "Target": "Maps/Custom_Ridgeside_RidgesideVillage",
         "FromFile": "Assets/Maps/EventMaps/AguarWaterfalls.tmx",
         "FromArea": { "X": 0, "Y": 0, "Width": 1, "Height": 1 },
         "ToArea": { "X": 64, "Y": 106, "Width": 1, "Height": 1 },
         "PatchMode": "Overlay",
         "When": { "HasSeenEvent |contains=75160063": true, },
         "Update": "OnLocationChange, OnTimeChange"         
      	},
     	{
         "Action": "EditMap",
         "Target": "Maps/Custom_Ridgeside_AguarCave",
         "FromFile": "Assets/Maps/EventMaps/AguarCaveFixed.tmx",
         "FromArea": { "X": 0, "Y": 0, "Width": 20, "Height": 25 },
         "ToArea": { "X": 0, "Y": 0, "Width": 20, "Height": 25 },
         "PatchMode": "Replace",
         "When": { "HasSeenEvent |contains=75160064": true,	},
         "Update": "OnLocationChange, OnTimeChange"
      	},

    //Richard vase
     	{
         "Action": "EditMap",
         "Target": "Maps/Custom_Ridgeside_LogCabinHotel3rdFloor",
         "FromFile": "Assets/Maps/EventMaps/Richard8HeartsEffect.tmx",
         "FromArea": { "X": 0, "Y": 0, "Width": 1, "Height": 2 },
         "ToArea": { "X": 6, "Y": 13, "Width": 1, "Height": 2 },
         "PatchMode": "Replace",
         "Update": "OnLocationChange, OnTimeChange",
         "When": {
			"HasSeenEvent": 75160105,
		}         
      	},

    //Jio shop     	      	
     	{
         "Action": "EditMap",
         "Target": "Maps/Custom_Ridgeside_RSVNinjaHouse",
         "FromFile": "Assets/Maps/QuestMaps/RSVJioShop.tmx",
         "FromArea": { "X": 0, "Y": 0, "Width": 2, "Height": 2 },
         "ToArea": { "X": 10, "Y": 5, "Width": 2, "Height": 2 },
         "PatchMode": "Replace",
         "Update": "OnLocationChange, OnTimeChange",
         "When": {
			"HasSeenEvent": 75160187,
		}         
      	}, 
      	{
         "Action": "EditMap",
         "Target": "Maps/Custom_Ridgeside_RSVNinjaHouse",
         "FromFile": "Assets/Maps/QuestMaps/RSVDaiaBook.tmx",
         "FromArea": { "X": 0, "Y": 0, "Width": 1, "Height": 2 },
         "ToArea": { "X": 12, "Y": 3, "Width": 1, "Height": 2 },
         "PatchMode": "Replace",
         "Update": "OnLocationChange, OnTimeChange",
         "When": {
			"HasSeenEvent": 75160187,
		}         
      	},
      	{
         "Action": "EditMap",
         "Target": "Maps/Custom_Ridgeside_RSVNinjaHouse",
         "FromFile": "Assets/Maps/EventMaps/RSVNinjaHouse_SOBoard.tmx",
         "FromArea": { "X": 0, "Y": 0, "Width": 3, "Height": 2 },
         "ToArea": { "X": 2, "Y": 3, "Width": 3, "Height": 2 },
         "PatchMode": "Replace",
         "Update": "OnLocationChange, OnTimeChange",
         "When": {
			"HasSeenEvent": 75160264,
		}         
      	},
      	{
         "Action": "EditMap",
         "Target": "Maps/Custom_Ridgeside_Ridge",
         "FromFile": "Assets/Maps/DynamicMaps/LockedNinjaHouse.tmx",
         "FromArea": { "X": 0, "Y": 0, "Width": 1, "Height": 2 },
         "ToArea": { "X": 89, "Y": 18, "Width": 1, "Height": 2 },
         "PatchMode": "Replace",
         "When": {
			"HasFlag": "RSV.CompleteDaiaQuest",
			"HasSeenEvent |contains=75160255": false,
		}         
      	},

    //Sewer Open
    	{
         "Action": "EditMap",
         "Target": "Maps/Custom_Ridgeside_RSVCableCar",
         "FromFile": "Assets/Maps/DynamicMaps/RSVCableCar_SewerEntrance.tmx",
         "FromArea": { "X": 0, "Y": 0, "Width": 5, "Height": 4 },
         "ToArea": { "X": 1, "Y": 2, "Width": 5, "Height": 4 },
         "PatchMode": "Replace",
         "Update": "OnLocationChange, OnTimeChange",
         "When": {
			"HasWalletItem": "RustyKey",
		}         
      	}, 


    //Community Greenhouse unlock
     	 {
         "Action": "EditMap",
         "Target": "Maps/Custom_Ridgeside_RidgesideVillage",
         "FromFile": "Assets/Maps/EventMaps/UnlockGH1.tmx",
         "FromArea": { "X": 0, "Y": 0, "Width": 13, "Height": 11 },
         "ToArea": { "X": 90, "Y": 64, "Width": 13, "Height": 11 },
         "PatchMode": "Overlay",
         "When": {
			 "HasFlag: hostPlayer |contains=GH1letter": true,
		}         
      	},

    //Hike Greenhouse unlock
     	 {
         "Action": "EditMap",
         "Target": "Maps/Custom_Ridgeside_RSVTheHike",
         "FromFile": "Assets/Maps/EventMaps/UnlockGH2.tmx",
         "FromArea": { "X": 0, "Y": 0, "Width": 7, "Height": 10 },
         "ToArea": { "X": 35, "Y": 14, "Width": 7, "Height": 10 },
         "PatchMode": "Overlay",
         "Update": "OnTimeChange, OnLocationChange",
    	 "When": {
             "Time": "{{Range: 2400, 2600}}",
             "HasSeenEvent": 75160266,
             "HasSeenEvent |contains=75160271": false
      	}
      	},
      	//Permanent unlock (after finishing quest)
      	{
         "Action": "EditMap",
         "Target": "Maps/Custom_Ridgeside_RSVTheHike",
         "FromFile": "Assets/Maps/EventMaps/UnlockGH2.tmx",
         "FromArea": { "X": 0, "Y": 0, "Width": 7, "Height": 10 },
         "ToArea": { "X": 35, "Y": 14, "Width": 7, "Height": 10 },
         "PatchMode": "Overlay",
         "Update": "OnLocationChange",
    	 "When": {
             "HasSeenEvent": 75160271,
      	}
      	},


//Hotel Room
	{
        "Action": "EditMap",
        "Target": "Maps/Custom_Ridgeside_LogCabinHotel2ndFloor",
        "FromFile": "Assets/Maps/DynamicMaps/RSVBedTile.tmx",
        "FromArea": { "X": 0, "Y": 0, "Width": 1, "Height": 2 },
        "ToArea": { "X": 4, "Y": 21, "Width": 1, "Height": 2 },
		"When": { "HasFlag": "RSV.HotelRoomBooked" },
		"Update": "OnLocationChange"
    },
//Hotel Expansion after Naomi's introduction
	{
		"Action": "EditMap",
		"Target": "Maps/Custom_Ridgeside_LogCabinHotelLobby",
		"FromFile": "Assets/Maps/EventMaps/LogCabinHotelLobbyExpanded.tmx",
		"FromArea": { "X": 0, "Y": 0, "Width": 46, "Height": 18 },
		"ToArea": { "X": 0, "Y": 0, "Width": 46, "Height": 18 },
		"When": { "HasFlag: hostPlayer |contains=RSV.UnlockHotelExpansion": true },
		"Update": "OnLocationChange"
	},
//Pastry Shop Randomize display
	{
		"Action": "EditMap",
		"Target": "Maps/Custom_Ridgeside_LogCabinHotelLobby",
		"FromFile": "Assets/Maps/DynamicMaps/PastryRandom{{Random:1,2,3}}.tmx",
		"FromArea": { "X": 0, "Y": 0, "Width": 3, "Height": 2 },
		"ToArea": { "X": 41, "Y": 13, "Width": 3, "Height": 2 },
		"PatchMode": "ReplaceByLayer",
		"When": { "HasFlag: hostPlayer |contains=RSV.UnlockHotelExpansion": true },
		"Update": "OnLocationChange"
	},
//Spouse Picture during wedding reception
	{
		"Action": "EditImage",
		"Target": "Maps/z_RSVspousePic",
		"FromFile": "{{FirstValidFile: Assets/WeddingReception/NPCs/{{spouse}}.png, Assets/WeddingReception/z_RSVspousePic.png }}",
		"Update": "OnLocationChange, OnTimeChange",
	}, 

//Event Hall Sign
	{
        "Action": "EditMap",
        "Target": "Maps/Custom_Ridgeside_LogCabinHotelLobby",
        "MapTiles": [
			{
				"Position": { "X": 31, "Y": 5 },
				"Layer": "Buildings",
				"SetProperties": {
				"Action": "Message rsv.eventhall1"
               }
            }
		],
		"When": { 
			"HasFlag |contains=RSV.ReservedReception": false,
			"HasFlag |contains=RSV.BirthdayBooked": false 
		},
		"Update": "OnLocationChange"
    }, 
    {
        "Action": "EditMap",
        "Target": "Maps/Custom_Ridgeside_LogCabinHotelLobby",
        "MapTiles": [
			{
				"Position": { "X": 31, "Y": 5 },
				"Layer": "Buildings",
				"SetProperties": {
				"Action": "Message rsv.eventhall2"
               }
            }
		],
		"When": { "HasFlag": "RSV.ReservedReception" },
		"Update": "OnLocationChange"
    },
    {
        "Action": "EditMap",
        "Target": "Maps/Custom_Ridgeside_LogCabinHotelLobby",
        "MapTiles": [
			{
				"Position": { "X": 31, "Y": 5 },
				"Layer": "Buildings",
				"SetProperties": {
				"Action": "Message rsv.eventhall3"
               }
            }
		],
		"When": { "HasFlag": "RSV.BirthdayBooked" },
		"Update": "OnLocationChange"
    },
    {
        "Action": "EditMap",
        "Target": "Maps/Custom_Ridgeside_LogCabinHotelLobby",
        "MapTiles": [
			{
				"Position": { "X": 31, "Y": 5 },
				"Layer": "Buildings",
				"SetProperties": {
				"Action": "Message rsv.eventhallbdaytoday"
               }
            }
		],
		"When": { "HasFlag": "RSV.BirthdayBooked", "HasValue:{{Rafseazz.RidgesideVillage/Celebrant}}": true },
		"Update": "OnLocationChange"
    },
    //After Bday Party

    //Closes event hall (disabled due to potential multiplayer bugs)
    /*{
    	"Action": "EditMap",
    	"Target": "Maps/Custom_Ridgeside_LogCabinHotelLobby",
    	"MapTiles": [
    		{
    			"Position": { "X": 33, "Y": 3},
    			"Layer": "Buildings",
    			"SetProperties": {
    				"Action": "Message rsv.eventhall.closed"
    			}
    		},
    		{
    			"Position": { "X": 34, "Y": 3},
    			"Layer": "Buildings",
    			"SetProperties": {
    				"Action": "Message rsv.eventhall.closed"
    			}
    		}
    	],
    	"When": { "HasSeenEvent": 75160247, "HasValue:{{Rafseazz.RidgesideVillage/Celebrant}}": true },
    	"Update": "OnLocationChange"
    },*/
    {
        "Action": "EditMap",
        "Target": "Maps/Custom_Ridgeside_LogCabinHotelLobby",
        "MapTiles": [
			{
				"Position": { "X": 31, "Y": 5 },
				"Layer": "Buildings",
				"SetProperties": {
				"Action": "Message rsv.eventhall1"
               }
            }
		],
		"When": { "HasSeenEvent": 75160247, "HasValue:{{Rafseazz.RidgesideVillage/Celebrant}}": true },
		"Update": "OnLocationChange"
    },

//Nightingale Orchard Expansion after Kimpoi's introduction
	{
		"Action": "EditMap",
		"Target": "Maps/Custom_Ridgeside_AlissaShed",
		"FromFile": "Assets/Maps/EventMaps/AlissaShedOpen.tmx",
		"FromArea": { "X": 8, "Y": 0, "Width": 8, "Height": 14 },
		"ToArea": { "X": 8, "Y": 0, "Width": 8, "Height": 14 },
		"When": { "HasFlag: hostPlayer |contains=RSV.UnlockOrchardShop": true },
		"Update": "OnLocationChange"
	},

//Open bridge to Ridgefalls
	{
		"Action": "EditMap",
		"Target": "Maps/Custom_Ridgeside_Ridge",
		"FromFile": "Assets/Maps/EventMaps/RidgeOpenBridge.tmx",
		"FromArea": { "X": 0, "Y": 0, "Width": 2, "Height": 5 },
		"ToArea": { "X": 0, "Y": 20, "Width": 2, "Height": 5 },
		"When": { "HasSeenEvent |contains=75160258": true },
		"PatchMode": "Replace",
		"Update": "OnLocationChange"
	},

//Corrupt Spirit Realm
	{
		"Action": "EditImage",
		"Target": "Maps/zrsvspiritrealm",
		"FromFile": "Assets/Maps/TileSheets/{{TargetWithoutPath}}_corrupt.png",
		"When": {
			"HasSeenEvent |contains=75160263": false,
			"LocationName": "Custom_Ridgeside_RSVSpiritRealm"
		},
		"Update": "OnLocationChange"
	},
	{
		"Action": "EditImage",
		"Target": "Maps/spring_zridgeside, Maps/summer_zridgeside, Maps/fall_zridgeside, Maps/winter_zridgeside",
		"FromFile": "Assets/Maps/TileSheets/zrsvspiritrealm_corruptfalls.png",
		"FromArea": {
				"X": 0,
				"Y": 0,
				"Width": 288,
				"Height": 144
			},
			"ToArea": {
				"X": 0,
				"Y": 272,
				"Width": 288,
				"Height": 144
			},
		"When": {
			"HasSeenEvent |contains=75160263": false,
			"LocationName": "Custom_Ridgeside_RSVSpiritRealm"
		},
		"Update": "OnLocationChange"
	},

//Corrupt Flames
	{
		"Action": "EditMap",
		"Target": "Maps/Custom_Ridgeside_RSVSpiritRealm",
		"FromFile": "Assets/Maps/QuestMaps/RSVCorruptedFire.tmx",
		"FromArea": { "X": 0, "Y": 0, "Width": 1, "Height": 2 },
		"ToArea": { "X": 5, "Y": 67, "Width": 1, "Height": 2 },
		"When": { "HasSeenEvent |contains=75160263": false },
		"PatchMode": "Overlay",
		"Update": "OnLocationChange"
	},
	{
		"Action": "EditMap",
		"Target": "Maps/Custom_Ridgeside_RSVSpiritRealm",
		"FromFile": "Assets/Maps/QuestMaps/RSVCorruptedFire.tmx",
		"FromArea": { "X": 0, "Y": 0, "Width": 1, "Height": 2 },
		"ToArea": { "X": 15, "Y": 23, "Width": 1, "Height": 2 },
		"When": { "HasSeenEvent |contains=75160263": false },
		"PatchMode": "Overlay",
		"Update": "OnLocationChange"
	},
	{
		"Action": "EditMap",
		"Target": "Maps/Custom_Ridgeside_RSVSpiritRealm",
		"FromFile": "Assets/Maps/QuestMaps/RSVCorruptedFire.tmx",
		"FromArea": { "X": 0, "Y": 0, "Width": 1, "Height": 2 },
		"ToArea": { "X": 48, "Y": 19, "Width": 1, "Height": 2 },
		"When": { "HasSeenEvent |contains=75160263": false },
		"PatchMode": "Overlay",
		"Update": "OnLocationChange"
	},
	{
		"Action": "EditMap",
		"Target": "Maps/Custom_Ridgeside_RSVSpiritRealm",
		"FromFile": "Assets/Maps/QuestMaps/RSVCorruptedFire.tmx",
		"FromArea": { "X": 0, "Y": 0, "Width": 1, "Height": 2 },
		"ToArea": { "X": 96, "Y": 23, "Width": 1, "Height": 2 },
		"When": { "HasSeenEvent |contains=75160263": false },
		"PatchMode": "Overlay",
		"Update": "OnLocationChange"
	},
	{
		"Action": "EditMap",
		"Target": "Maps/Custom_Ridgeside_RSVSpiritRealm",
		"FromFile": "Assets/Maps/QuestMaps/RSVCorruptedFire.tmx",
		"FromArea": { "X": 0, "Y": 0, "Width": 1, "Height": 2 },
		"ToArea": { "X": 94, "Y": 65, "Width": 1, "Height": 2 },
		"When": { "HasSeenEvent |contains=75160263": false },
		"PatchMode": "Overlay",
		"Update": "OnLocationChange"
	},

//Open summit farm
	{
		"Action": "EditMap",
		"Target": "Maps/Custom_Ridgeside_RidgeForest",
		"FromFile": "Assets/Maps/DynamicMaps/RSVSummitEntrance.tmx",
		"FromArea": { "X": 0, "Y": 0, "Width": 6, "Height": 3 },
		"ToArea": { "X": 95, "Y": 4, "Width": 6, "Height": 3 },
		"When": { "HasSeenEvent |contains=75160263": true },
		"PatchMode": "Replace",
		"Update": "OnLocationChange"
	},

//Open crystals at mountain
	{
        "Action": "EditMap",
        "Target": "Maps/Custom_Ridgeside_RidgesideVillage",
        "MapTiles": [
			{
				"Position": { "X": 125, "Y": 12 },
				"Layer": "Buildings",
				"SetProperties": {
				"Action": "RSVWarp Custom_Ridgeside_RidgesideVillage 46 72"
               }
            }
		],
		"When": { "HasSeenEvent": 75160265 },
		"Update": "OnLocationChange"
    },
    {
        "Action": "EditMap",
        "Target": "Maps/Custom_Ridgeside_RidgesideVillage",
        "MapTiles": [
			{
				"Position": { "X": 45, "Y": 72 },
				"Layer": "Buildings",
				"SetProperties": {
				"Action": "RSVWarp Custom_Ridgeside_RidgesideVillage 67 123"
               }
            }
		],
		"When": { "HasSeenEvent": 75160265 },
		"Update": "OnLocationChange"
    },
    {
        "Action": "EditMap",
        "Target": "Maps/Custom_Ridgeside_RidgesideVillage",
        "MapTiles": [
			{
				"Position": { "X": 67, "Y": 124 },
				"Layer": "Buildings",
				"SetProperties": {
				"Action": "RSVWarp Custom_Ridgeside_RSVTheHike 60 27"
               }
            }
		],
		"When": { "HasSeenEvent": 75160265 },
		"Update": "OnLocationChange"
    },
    {
        "Action": "EditMap",
        "Target": "Maps/Custom_Ridgeside_RSVTheHike",
        "MapTiles": [
			{
				"Position": { "X": 60, "Y": 26 },
				"Layer": "Buildings",
				"SetProperties": {
				"Action": "RSVWarp Custom_Ridgeside_RidgesideVillage 125 13"
               }
            }
		],
		"When": { "HasSeenEvent": 75160265 },
		"Update": "OnLocationChange"
    },

//Greenhouse 2 Corrupted
	{
		"Action": "EditMap",
		"Target": "Maps/Custom_Ridgeside_RSVGreenhouse2",
		"FromFile": "Assets/Maps/EventMaps/RSVGreenhouse2_Corrupt.tmx",
		"FromArea": { "X": 0, "Y": 0, "Width": 20, "Height": 24 },
		"ToArea": { "X": 0, "Y": 0, "Width": 20, "Height": 24 },
		"PatchMode": "Replace",
		"When": { "HasSeenEvent |contains=75160270": false },
		"Update": "OnLocationChange"
	},



]
}