{
"Changes": [

	/*********
	** Portrait Changes
	*********/	
	
	{
		"LogName": "Corine Ninja Outfit Portrait",
		"Action": "EditImage",
		"Target": "Portraits/Corine",
		"FromFile": "Assets/Portraits/Corine_Ninja.png",
		"Update": "OnLocationChange",
		"When": {
			"HasSeenEvent: hostPlayer": 75160125,
			"LocationName": "Custom_Ridgeside_RidgesideVillage, Custom_Ridgeside_Ridge, Farm, FarmHouse, Custom_Ridgeside_RidgeForest, Custom_Ridgeside_RSVCorineDate",
			"DayOfWeek": "Thursday",
		},
	},

	{
		"LogName": "Maddie Lab Outfit Portrait",
		"Action": "EditImage",
		"Target": "Portraits/Maddie",
		"FromFile": "Assets/Portraits/Maddie_Lab.png",
		"Update": "OnLocationChange",
		"When": {
			"LocationName": "Custom_Ridgeside_AguarLab"
		},
	},

	{
		"LogName": "Jio random take off mask",
		"Action": "EditImage",
		"Target": "Portraits/Jio",
		"FromFile": "Assets/Portraits/Jio_Unmask.png",
		"When": { "RandomNumber": "{{Range: 4,6}}" }
	},

]
}