{
"Changes": [

	/*********
	** Schedule Changes
	*********/	

	{
		"LogName": "Corine Schedule Change",
		"Action": "EditData",
		"Target": "Characters/Schedules/Corine",
		"Entries": {
			"Thu": "610 Custom_Ridgeside_RidgesideVillage 133 86 2 corine_train/1200 Custom_Ridgeside_Ridge 96 32 2 corine_meditate/1500 Custom_Ridgeside_Ridge 95 34 1 corine_slash/1900 Custom_Ridgeside_EzekielHouse 24 5 0/2200 Custom_Ridgeside_Ridge 76 38 2",
		},
		"When": { "HasSeenEvent: hostPlayer": 75160125, },
	},
	{
		"LogName": "Ian Schedule Change",
		"Action": "EditData",
		"Target": "Characters/Schedules/Ian",
		"Entries": {
			"Fri": "800 Custom_Ridgeside_LogCabinHotelLobby 2 15 2/1200 ArchaeologyHouse 17 14 2/1800 Custom_Ridgeside_RidgesideVillage 64 49 2/2200 Custom_Ridgeside_IanHouse 10 5 0 ian_sleep",
		},
		"When": { "HasSeenEvent: hostPlayer": 75160149, },
	},

		//Kiwi dynamics
		{
			//Temporary Schedule
			"Action": "Load",
			"Target": "Characters/Schedules/Kiwi",
			"FromFile": "Assets/Schedules/BlankSchedule.json",
			"When": {
				"HasSeenEvent: hostPlayer |contains=75160188": false
			},
		},
		{
		//Official Schedule
			"Action": "Load",
			"Target": "Characters/Schedules/Kiwi",
			"FromFile": "Assets/Schedules/Kiwi.json",
			"When": {
				"HasSeenEvent: hostPlayer |contains=75160188": true
			},
		},

]
}