{
"Changes": [

	/*********
	** Sprite Changes
	*********/	
		//Corine Ninja Change
	{
		"LogName": "Corine Ninja Outfit Sprite",
		"Action": "EditImage",
		"Target": "Characters/Corine",
		"FromFile": "Assets/{{Target}}_Ninja.png",
		"Update": "OnLocationChange",
		"When": {
			"HasSeenEvent: hostPlayer": 75160125,
			"LocationName": "Custom_Ridgeside_RidgesideVillage, Custom_Ridgeside_Ridge, Farm, FarmHouse, Custom_Ridgeside_RidgeForest, Custom_Ridgeside_RSVCorineDate",
			"DayOfWeek": "Thursday",
		},
	},

		//Undreya SPRITE RANDOMIZE
		{
			"Action": "EditImage",
			"Target": "Characters/Undreya",
			"FromFile": "Assets/LooseSprites/Undreya/Undreya{{Random:1, 2, 3, 4, 5, 6, 7, 8}}.png",
			"When": {
				"HasSeenEvent: hostPlayer": 75160182,
				"DayOfWeek: |contains=Thursday": false,
				"HasFlag: hostPlayer |contains=RSV.UndreyaStayHome": false,
			},
		},

	{
		"LogName": "Maddie Lab Outfit Character",
		"Action": "EditImage",
		"Target": "Characters/Maddie",
		"FromFile": "Assets/Characters/Maddie_Lab.png",
		"Update": "OnLocationChange",
		"When": {
			"LocationName": "Custom_Ridgeside_AguarLab"
		},
	},



]
}