{
  //Specific Items
  "Sweet Gem Berry": {
    "Effect": "Buff",
    "Value": 5,
    "Duration": 2000,
    "BuffType": "Speed",
    "ScriptKey": "sweetgemOffering"
  },
  
  "Foxbloom": {
    "Value": 10,
    "Effect": "GrowPlants",
    "ScriptKey": "foxbloomOffering"
  },

  "Opal Halo": {
    "ScriptKey": "haloOffering"
  },

  "Lucky Purple Shorts": {
    "ScriptKey": "shortsOffering"
  },

  "rsv_quest_item": {
    "ScriptKey": "rsvquestitemOffering"
  },

  //categories
  //Offer a meal
  "category_cooking": {
    "Effect": "Buff",
    "Value": 1,
    "Duration": 2000,
    "BuffType": "Luck",
    "ScriptKey": "mealOffering"
  },

  //Offer produce
  "category_flowers": {
    "ScriptKey": "normalOffering"
  },
  "category_fruits": {
    "ScriptKey": "normalOffering"
  },
  "category_vegetable": {
    "ScriptKey": "normalOffering"
  },
  "category_egg": {
    "ScriptKey": "normalOffering"
  },
  "category_greens": {
    "ScriptKey": "normalOffering"
  },
  "category_milk": {
    "ScriptKey": "normalOffering"
  },
  "category_fish": {
    "ScriptKey": "normalOffering"
  },
  "category_sell_at_pierres_and_marnies": {
    "ScriptKey": "normalOffering"
  },
  "category_sell_at_pierres": {
    "ScriptKey": "normalOffering"
  },

  //Offer artisan goods
  "category_syrup": {
    "ScriptKey": "normalOffering"
  },
  "category_artisan_goods": {
    "ScriptKey": "normalOffering"
  },

  //Offer materials
  "category_crafting": {
    "ScriptKey": "normalOffering"
  },
  "category_minerals": {
    "ScriptKey": "normalOffering"
  },
  "category_meat": {
    "ScriptKey": "normalOffering"
  },
  "category_metal": {
    "ScriptKey": "normalOffering"
  },

  //Offer trash
  "category_junk": {
    "ScriptKey": "trashOffering"
  },

  //Offer monster loot
  "category_monster_loot": {
    "ScriptKey": "normalOffering"
  },

  //Offer seeds
  "category_seeds": {
    "ScriptKey": "normalOffering"
  },

  //Offer weapon
  "category_weapon": {
    "ScriptKey": "normalOffering"
  }

  //Offer clothes

}