[
  {
    "tilePosition": "13, 47",
    "RequiredItemName": "Moose Statue"
  },
  {
    "tilePosition": "12, 45",
    "RequiredItemName": "Relic Fox Mask"
  },
  {
    "tilePosition": "12, 43",
    "RequiredItemName": "Sapphire Pearl"
  },
  {
    "tilePosition": "13, 41",
    "RequiredItemName": "Ancient Music Box"
  },
  {
    "tilePosition": "15, 41",
    "RequiredItemName": "Everfrost Stone"
  },
  {
    "tilePosition": "17, 41",
    "RequiredItemName": "Village Hero Sculpture"
  },
  {
    "tilePosition": "18, 43",
    "RequiredItemName": "Pale Candelabrum"
  },
  {
    "tilePosition": "18, 45",
    "RequiredItemName": "Elven Comb"
  },
  {
    "tilePosition": "17, 47",
    "RequiredItemName": "Opal Halo"
  }
]