{
	"AreaList": [
		{
			"MapName": "Custom_Ridgeside_RidgesideVillage",
			"Area": {
				"X": 0,
				"Y": 145,
				"Width": 651,
				"Height": 556
			},
			"IsOutdoors": true
		},
		{
			"MapName": "Custom_Ridgeside_Ridge",
			"Area": {
				"X": 300,
				"Y": 30,
				"Width": 150,
				"Height": 116
			},
			"IsOutdoors": true
		},
		{
			"MapName": "Custom_Ridgeside_RidgeFalls",
			"Area": {
				"X": 48,
				"Y": 0,
				"Width": 148,
				"Height": 122
			},
			"IsOutdoors": true
		},
		{
			"MapName": "Custom_Ridgeside_RSVCliff",
			"Area": {
				"X": 672,
				"Y": 210,
				"Width": 234,
				"Height": 106
			},
			"IsOutdoors": true
		},
		{
			"MapName": "Custom_Ridgeside_KennethHouse",
			"Area": {
				"X": 774,
				"Y": 290,
				"Width": 1,
				"Height": 1
			},
			"IsOutdoors": false
		},
		{
			"MapName": "Custom_Ridgeside_RSVNinjaHouse",
			"Area": {
				"X": 420,
				"Y": 72,
				"Width": 1,
				"Height": 1
			},
			"IsOutdoors": false
		},
		{
			"MapName": "Custom_Ridgeside_3Bros",
			"Area": {
				"X": 294,
				"Y": 204,
				"Width": 1,
				"Height": 1
			},
			"IsOutdoors": false
		},
		{
			"MapName": "Custom_Ridgeside_3Bros2ndFloor",
			"Area": {
				"X": 294,
				"Y": 204,
				"Width": 1,
				"Height": 1
			},
			"IsOutdoors": false
		},
		{
			"MapName": "Custom_Ridgeside_EzekielHouse",
			"Area": {
				"X": 325,
				"Y": 204,
				"Width": 1,
				"Height": 1
			},
			"IsOutdoors": false
		},
		{
			"MapName": "Custom_Ridgeside_MaddieHouse",
			"Area": {
				"X": 353,
				"Y": 238,
				"Width": 1,
				"Height": 1
			},
			"IsOutdoors": false
		},
		{
			"MapName": "Custom_Ridgeside_LogCabinHotelLobby",
			"Area": {
				"X": 435,
				"Y": 221,
				"Width": 1,
				"Height": 1
			},
			"IsOutdoors": false
		},
		{
			"MapName": "Custom_Ridgeside_LogCabinHotel2ndFloor",
			"Area": {
				"X": 435,
				"Y": 221,
				"Width": 1,
				"Height": 1
			},
			"IsOutdoors": false
		},
		{
			"MapName": "Custom_Ridgeside_LogCabinHotel3rdFloor",
			"Area": {
				"X": 435,
				"Y": 221,
				"Width": 1,
				"Height": 1
			},
			"IsOutdoors": false
		},
		{
			"MapName": "Custom_Ridgeside_ÏanHouse",
			"Area": {
				"X": 507,
				"Y": 217,
				"Width": 1,
				"Height": 1
			},
			"IsOutdoors": false
		},
		{
			"MapName": "Custom_Ridgeside_PaulaClinic",
			"Area": {
				"X": 520,
				"Y": 276,
				"Width": 1,
				"Height": 1
			},
			"IsOutdoors": false
		},
		{
			"MapName": "Custom_Ridgeside_ShiroHouse",
			"Area": {
				"X": 500,
				"Y": 306,
				"Width": 1,
				"Height": 1
			},
			"IsOutdoors": false
		},
		{
			"MapName": "Custom_Ridgeside_LennyHouse",
			"Area": {
				"X": 434,
				"Y": 285,
				"Width": 1,
				"Height": 1
			},
			"IsOutdoors": false
		},
		{
			"MapName": "Custom_Ridgeside_FayeHouse",
			"Area": {
				"X": 389,
				"Y": 366,
				"Width": 1,
				"Height": 1
			},
			"IsOutdoors": false
		},
		{
			"MapName": "Custom_Ridgeside_PurpleMansion",
			"Area": {
				"X": 497,
				"Y": 408,
				"Width": 1,
				"Height": 1
			},
			"IsOutdoors": false
		},
		{
			"MapName": "Custom_Ridgeside_PurpleMansion2ndFloor",
			"Area": {
				"X": 497,
				"Y": 408,
				"Width": 1,
				"Height": 1
			},
			"IsOutdoors": false
		},
		{
			"MapName": "Custom_Ridgeside_AguarLab",
			"Area": {
				"X": 410,
				"Y": 550,
				"Width": 1,
				"Height": 1
			},
			"IsOutdoors": false
		},
		{
			"MapName": "Custom_Ridgeside_BertHouse",
			"Area": {
				"X": 288,
				"Y": 570,
				"Width": 1,
				"Height": 1
			},
			"IsOutdoors": false
		},
		{
			"MapName": "Custom_Ridgeside_BertHouse2ndFloor",
			"Area": {
				"X": 288,
				"Y": 570,
				"Width": 1,
				"Height": 1
			},
			"IsOutdoors": false
		},
		{
			"MapName": "Custom_Ridgeside_AlissaHouse",
			"Area": {
				"X": 105,
				"Y": 490,
				"Width": 1,
				"Height": 1
			},
			"IsOutdoors": false
		},
		{
			"MapName": "Custom_Ridgeside_AlissaShed",
			"Area": {
				"X": 70,
				"Y": 505,
				"Width": 1,
				"Height": 1
			},
			"IsOutdoors": false
		},
		{
			"MapName": "Custom_Ridgeside_RSVGreenHouse1",
			"Area": {
				"X": 367,
				"Y": 416,
				"Width": 1,
				"Height": 1
			},
			"IsOutdoors": false
		},
		{
			"MapName": "Custom_Ridgeside_PikaHouse",
			"Area": {
				"X": 289,
				"Y": 363,
				"Width": 1,
				"Height": 1
			},
			"IsOutdoors": false
		},
		{
			"MapName": "Custom_Ridgeside_BlairHouse",
			"Area": {
				"X": 295,
				"Y": 415,
				"Width": 1,
				"Height": 1
			},
			"IsOutdoors": false
		},
		{
			"MapName": "Custom_Ridgeside_FreddieHouse",
			"Area": {
				"X": 55,
				"Y": 375,
				"Width": 1,
				"Height": 1
			},
			"IsOutdoors": false
		},
		{
			"MapName": "Custom_Ridgeside_LolaShed",
			"Area": {
				"X": 30,
				"Y": 318,
				"Width": 1,
				"Height": 1
			},
			"IsOutdoors": false
		},
		{
			"MapName": "Custom_Ridgeside_IanHouse",
			"Area": {
				"X": 506,
				"Y": 216,
				"Width": 1,
				"Height": 1
			},
			"IsOutdoors": false
		},
		{
			"MapName": "Custom_Ridgeside_JericHouse",
			"Area": {
				"X": 81,
				"Y": 216,
				"Width": 1,
				"Height": 1
			},
			"IsOutdoors": false
		},
	],
	"DrawYOffsets": {
		"Aguar": 1,
		"Alissa": 3,
		"Bert": -1,
		"Corine": 3,
		"Ezekiel": 0,
		"Flor": 3,
		"Freddie": 2,
		"Ian": -1,
		"Jeric": -1,
		"Jio": -2,
		"Keahi": 7,
		"Kenneth": -1,
		"Kiwi": 16,
		"Lenny": 3,
		"Lola": 3,
		"Maddie": 3,
		"Olga": 3,
		"Philip": -1,
		"Pika": -1,
		"Richard": 1,
		"Shiro": -1,
		"Trinnie": 7,
		"Ysabelle": 3,
		"Yuuma": 6,
		"Blair": 4,
		"Shanice": 3,
		"Faye": 2,
		"Irene": 3,
		"Louie": 6,
		"Daia": 3,
		"Malaya": 3,
		"Naomi": 3
	}
}