{
	"Name": "Honey Glazed Salad",
	"Description": "Pika's special salad, glazed with homemade honey. Super sweet!",
	"Category": "Cooking",
	"Edibility": 60,
	"EdibleIsDrink": false,
	"EdibleBuffs": {
    "Farming": 1,
    "Fishing": 0,
    "Mining": 0,
    "Luck": 0,
	"Foraging": 2,
	"MaxStamina": 2,
    "MagnetRadius": 0,
	"Speed": 0,
	"Defense": 0,
	"Attack": 0,
    "Duration": 300,
	},
	"Price": 300,
	"IsColored": false,
	"GiftTastes":
	{
		"Love": ["Pika", "Alissa"],
	},
    "Recipe":
    {
        "ResultCount": 1,
        "Ingredients": [
        {
            "Object": 340,
            "Count": 1,
        },
        {
            "Object": 266,
            "Count": 1,
        },
        {
            "Object": "Highland Chard",
            "Count": 1,
        },
        {
            "Object": "Ridge Cherry",
            "Count": 1,
        },
        ],
        "CanPurchase": false,
    },

    "NameLocalization":
    { 
    	//remove the "//" from your language
        //"es": "PLACEHOLDER",
        //"ko": "PLACEHOLDER",
        //"de": "PLACEHOLDER",
        //"fr": "PLACEHOLDER",
        //"hu": "PLACEHOLDER",
        //"it": "PLACEHOLDER",
        //"ja": "PLACEHOLDER",
        //"pt": "PLACEHOLDER",
        //"ru": "PLACEHOLDER",
        //"tr": "PLACEHOLDER",
        //"zh": "PLACEHOLDER",
    },
    "DescriptionLocalization":
    {
    	//remove the "//" from your language    	
        //"es": "PLACEHOLDER",
        //"ko": "PLACEHOLDER",
        //"de": "PLACEHOLDER",
        //"fr": "PLACEHOLDER",
        //"hu": "PLACEHOLDER",
        //"it": "PLACEHOLDER",
        //"ja": "PLACEHOLDER",
        //"pt": "PLACEHOLDER",
        //"ru": "PLACEHOLDER",
        //"tr": "PLACEHOLDER",
        //"zh": "PLACEHOLDER",
    }
}