{
	"Name": "Pumpkin Darling Slice",
	"Description": "It's gourd-geous",
	"Category": "Cooking",
    "Edibility": 40,
    "EdibleIsDrink": false,
    "EdibleBuffs": {
    "Farming": 0,
    "Fishing": 0,
    "Mining": 0,
    "Luck": 0,
    "Foraging": 0,
    "MaxStamina": 0,
    "MagnetRadius": 0,
    "Speed": 0,
    "Defense": 2,
    "Attack": 0,
    "Duration": 300,
	},
	"Price": 350,
	"IsColored": false,
	"GiftTastes":
	{
		"Love": ["Alex", "Sebastian", "Evelyn", "Kenneth", "Flor", "Ezekiel", "Kimpoi"],
        "Like": ["Richard", "Jio", "Ysabelle"]
	},
    "Recipe":
    {
        "ResultCount": 1,
        "Ingredients": [
        {
            "Object": 246,
            "Count": 1,
        },
        {
            "Object": 245,
            "Count": 1,
        },
        {
            "Object": 276,
            "Count": 1,
        },
        {
            "Object": "Mountain Arugula",
            "Count": 1,
        },
        {
            "Object": "Mountain Plumcot",
            "Count": 1,
        },
        ],
        "CanPurchase": false,
    },

    "NameLocalization":
    { 
    	//remove the "//" from your language
        //"es": "PLACEHOLDER",
        //"ko": "PLACEHOLDER",
        //"de": "PLACEHOLDER",
        //"fr": "PLACEHOLDER",
        //"hu": "PLACEHOLDER",
        //"it": "PLACEHOLDER",
        //"ja": "PLACEHOLDER",
        //"pt": "PLACEHOLDER",
        //"ru": "PLACEHOLDER",
        //"tr": "PLACEHOLDER",
        //"zh": "PLACEHOLDER",
    },
    "DescriptionLocalization":
    {
    	//remove the "//" from your language    	
        //"es": "PLACEHOLDER",
        //"ko": "PLACEHOLDER",
        //"de": "PLACEHOLDER",
        //"fr": "PLACEHOLDER",
        //"hu": "PLACEHOLDER",
        //"it": "PLACEHOLDER",
        //"ja": "PLACEHOLDER",
        //"pt": "PLACEHOLDER",
        //"ru": "PLACEHOLDER",
        //"tr": "PLACEHOLDER",
        //"zh": "PLACEHOLDER",
    }
}