{
"Changes": [
	{
   
   "Action": "EditData",
   "Target": "Characters/Dialogue/Jeric",
   "Entries": {

	"Introduction": "{{i18n:Jeric.Dialogue.Introduction}}",

//Spring
	"spring_1": "{{i18n:Jeric.Dialogue.spring_1}}",
	"spring_12": "{{i18n:Jeric.Dialogue.spring_12}}",
	"spring_23": "{{i18n:Jeric.Dialogue.spring_23}}",

//Summer
	"summer_1": "{{i18n:Jeric.Dialogue.summer_1}}",
	"summer_10": "{{i18n:Jeric.Dialogue.summer_10}}",
	"summer_27": "{{i18n:Jeric.Dialogue.summer_27}}",

//Fall
	"fall_1": "{{i18n:Jeric.Dialogue.fall_1}}",
	"fall_15": "{{i18n:Jeric.Dialogue.fall_15}}",
	"fall_26": "{{i18n:Jeric.Dialogue.fall_26}}",

//Winter
	"winter_1": "{{i18n:Jeric.Dialogue.winter_1}}",
	"winter_7": "{{i18n:Jeric.Dialogue.winter_7}}",
	"winterNightMarket_14": "{{i18n:Jeric.Dialogue.winter_14}}",
	//"winter_15": "{{i18n:Jeric.Dialogue.winter_15}}",
	//"winter_16": "{{i18n:Jeric.Dialogue.winter_16}}",
	"BeachNightMarket": "{{i18n:Jeric.Dialogue.winter_17}}",
	"winter_24": "{{i18n:Jeric.Dialogue.winter_24}}",

//Days of the Week

	//0 Hearts
	"Mon": "{{i18n:Jeric.Dialogue.Mon}}",
	"Tue": "{{i18n:Jeric.Dialogue.Tue}}",
	"Wed": "{{i18n:Jeric.Dialogue.Wed}}",
	"Thu": "{{i18n:Jeric.Dialogue.Thu}}",
	"Fri": "{{i18n:Jeric.Dialogue.Fri}}",
	"Sat": "{{i18n:Jeric.Dialogue.Sat}}",
	"Sun": "{{i18n:Jeric.Dialogue.Sun}}",
	
	//2 Hearts
	"Mon2": "{{i18n:Jeric.Dialogue.Mon2}}",
	"Tue2": "{{i18n:Jeric.Dialogue.Tue2}}",
	"Wed2": "{{i18n:Jeric.Dialogue.Wed2}}",
	"Thu2": "{{i18n:Jeric.Dialogue.Thu2}}",
	"Fri2": "{{i18n:Jeric.Dialogue.Fri2}}",
	"Sat2": "{{i18n:Jeric.Dialogue.Sat2}}",
	"Sun2": "{{i18n:Jeric.Dialogue.Sun2}}",
	
	//4 Hearts
	"Mon4": "{{i18n:Jeric.Dialogue.Mon4}}",
	"Tue4": "{{i18n:Jeric.Dialogue.Tue4}}",
	"Wed4": "{{i18n:Jeric.Dialogue.Wed4}}",
	"Thu4": "{{i18n:Jeric.Dialogue.Thu4}}",
	"Fri4": "{{i18n:Jeric.Dialogue.Fri4}}",
	"Sat4": "{{i18n:Jeric.Dialogue.Sat4}}",
	"Sun4": "{{i18n:Jeric.Dialogue.Sun4}}",
	
	//6 Hearts
	"Mon6": "{{i18n:Jeric.Dialogue.Mon6}}",
	"Tue6": "{{i18n:Jeric.Dialogue.Tue6}}",
	"Wed6": "{{i18n:Jeric.Dialogue.Wed6}}",
	"Thu6": "{{i18n:Jeric.Dialogue.Thu6}}",
	"Fri6": "{{i18n:Jeric.Dialogue.Fri6}}",
	"Sat6": "{{i18n:Jeric.Dialogue.Sat6}}",
	"Sun6": "{{i18n:Jeric.Dialogue.Sun6}}",
	
	//8 Hearts
	"Mon8": "{{i18n:Jeric.Dialogue.Mon8}}",
	"Tue8": "{{i18n:Jeric.Dialogue.Tue8}}",
	"Wed8": "{{i18n:Jeric.Dialogue.Wed8}}",
	"Thu8": "{{i18n:Jeric.Dialogue.Thu8}}",
	"Fri8": "{{i18n:Jeric.Dialogue.Fri8}}",
	"Sat8": "{{i18n:Jeric.Dialogue.Sat8}}",
	"Sun8": "{{i18n:Jeric.Dialogue.Sun8}}",
	
	//10 Hearts
	"Mon10": "{{i18n:Jeric.Dialogue.Mon10}}",
	"Tue10": "{{i18n:Jeric.Dialogue.Tue10}}",
	"Wed10": "{{i18n:Jeric.Dialogue.Wed10}}",
	"Thu10": "{{i18n:Jeric.Dialogue.Thu10}}",
	"Fri10": "{{i18n:Jeric.Dialogue.Fri10}}",
	"Sat10": "{{i18n:Jeric.Dialogue.Sat10}}",
	"Sun10": "{{i18n:Jeric.Dialogue.Sun10}}",

//Special Dialogue
	"breakUp": "{{i18n:Jeric.Dialogue.breakUp}}",
	"danceRejection": "{{i18n:Jeric.Dialogue.danceRejection}}",
	"divorced": "{{i18n:Jeric.Dialogue.divorced}}",
	"summer_Mon": "{{i18n:Jeric.Dialogue.summer_Mon}}",
	"summer_Mon4": "{{i18n:Jeric.Dialogue.summer_Mon4}}",
	"summer_Wed": "{{i18n:Jeric.Dialogue.summer_Wed}}",
	"summer_Fri": "{{i18n:Jeric.Dialogue.summer_Fri}}",
	"winter_Mon": "{{i18n:Jeric.Dialogue.winter_Mon}}",
	"'winter_Thu": "{{i18n:Jeric.Dialogue.'winter_Thu}}",
	"winter_Sat": "{{i18n:Jeric.Dialogue.winter_Sat}}",
	"fall_Fri": "{{i18n:Jeric.Dialogue.fall_Fri}}",
	"MovieInvitation": "{{i18n:Jeric.Dialogue.MovieInvitation}}",

//Resort
	"Resort_Entering": "{{i18n:Jeric.Dialogue.Resort_Entering}}",
	"Resort_Leaving": "{{i18n:Jeric.Dialogue.Resort_Leaving}}",
	"Resort_Leaving_2": "{{i18n:Jeric.Dialogue.Resort_Leaving_2}}",
	"Resort_Shore": "{{i18n:Jeric.Dialogue.Resort_Shore}}",
	"Resort_Shore_2": "{{i18n:Jeric.Dialogue.Resort_Shore_2}}",
	"Resort_Umbrella": "{{i18n:Jeric.Dialogue.Resort_Umbrella}}",
	"Resort_Umbrella_2": "{{i18n:Jeric.Dialogue.Resort_Umbrella_2}}",
	"Resort_Umbrella_3": "{{i18n:Jeric.Dialogue.Resort_Umbrella_3}}",
	"Resort_Wander": "{{i18n:Jeric.Dialogue.Resort_Wander}}",
	"Resort_Bar": "{{i18n:Jeric.Dialogue.Resort_Bar}}",
	"Resort": "{{i18n:Jeric.Dialogue.Resort}}",

		},
	},
]
}
