{
"Changes": [
	
//-------------------------
// D I S P O S I T I O N S 
//-------------------------

	{
		"LogName": "NPC Dispositions",
		"Action": "EditData",
		"Target": "Data/NPCDispositions",
		"Entries": {
		
			"Aguar": "adult/rude/neutral/negative/male/not-datable/null/Town/summer 25//Custom_Ridgeside_AguarBasement 2 8/{{i18n:Name.Aguar}}",
			"Alissa": "teen/polite/shy/neutral/female/datable/null/Town/spring 5/{{i18n:NPC_Data.Alissa}}/Custom_Ridgeside_AlissaHouse 11 5/{{i18n:Name.Alissa}}",
			"Bert": "adult/neutral/neutral/neutral/male/non-datable/null/Town/spring 28/{{i18n:NPC_Data.Bert}}/Custom_Ridgeside_BertHouse2ndFloor 2 5/{{i18n:Name.Bert}}",
			"Corine": "teen/polite/outgoing/positive/female/datable/null/Town/fall 26/{{i18n:NPC_Data.Corine}}/Custom_Ridgeside_EzekielHouse 31 5/{{i18n:Name.Corine}}",
			"Ezekiel": "adult/rude/outgoing/positive/male/not-datable/null/Town/spring 12/{{i18n:NPC_Data.Ezekiel}}/Custom_Ridgeside_EzekielHouse 4 5/{{i18n:Name.Ezekiel}}",
			"Flor": "teen/neutral/shy/negative/female/datable/null/Town/summer 14//Custom_Ridgeside_LogCabinHotel2ndFloor 3 5/{{i18n:Name.Flor}}",
			"Freddie": "adult/polite/outgoing/positive/male/non-datable/null/Town/winter 18/{{i18n:NPC_Data.Freddie}}/Custom_Ridgeside_FreddieHouse 3 5/{{i18n:Name.Freddie}}",
			"Ian": "teen/polite/shy/positive/male/datable/null/Town/fall 14//Custom_Ridgeside_IanHouse 17 9/{{i18n:Name.Ian}}",
			"Jeric": "teen/polite/neutral/neutral/male/datable/null/Town/winter 2//Custom_Ridgeside_JericHouse 18 5/{{i18n:Name.Jeric}}",
			"Jio": "teen/neutral/neutral/neutral/male/non-datable/null/Other/null//Custom_Ridgeside_RSVNinjaHouse 14 5/{{i18n:Name.Jio}}",
			"Keahi": "child/polite/outgoing/positive/male/non-datable/null/Town/winter 11/{{i18n:NPC_Data.Keahi}}/Custom_Ridgeside_PikaHouse 26 5/{{i18n:Name.Keahi}}",
			"Kenneth": "teen/neutral/neutral/neutral/male/datable/null/Town/summer 18//Custom_Ridgeside_KennethHouse 16 5/{{i18n:Name.Kenneth}}",
			"Kiwi": "child/rude/outgoing/negative/female/non-datable/null/Other/null//Custom_Ridgeside_RSVHiddenWarp 10 1/{{i18n:Name.Kiwi}}",
			"Lenny": "adult/polite/outgoing/positive/female/non-datable/null/Town/summer 16/{{i18n:NPC_Data.Lenny}}/Custom_Ridgeside_LennyHouse 21 5/{{i18n:Name.Lenny}}",
			"Lola": "adult/polite/neutral/neutral/female/non-datable/null/Town/summer 2/{{i18n:NPC_Data.Lola}}/Custom_Ridgeside_FreddieHouse 4 5/{{i18n:Name.Lola}}",
			"Maddie": "teen/rude/neutral/neutral/female/datable/null/Town/fall 23//Custom_Ridgeside_MaddieHouse 20 5/{{i18n:Name.Maddie}}",
			"Olga": "adult/polite/neutral/positive/female/non-datable/null/Town/summer 9/{{i18n:NPC_Data.Olga}}/Custom_Ridgeside_BertHouse2ndFloor 3 5/{{i18n:Name.Olga}}",
			"Philip": "teen/polite/outgoing/positive/male/datable/null/Town/spring 17//Custom_Ridgeside_LogCabinHotel2ndFloor 13 22/{{i18n:Name.Philip}}",
			"Pika": "adult/polite/outgoing/neutral/male/non-datable/null/Town/winter 21/{{i18n:NPC_Data.Pika}}/Custom_Ridgeside_PikaHouse 18 5/{{i18n:Name.Pika}}",
			"Richard": "adult/neutral/neutral/neutral/male/non-datable/null/Town/fall 3/{{i18n:NPC_Data.Richard}}/Custom_Ridgeside_LogCabinHotel3rdFloor 3 12/{{i18n:Name.Richard}}",
			"Shiro": "teen/rude/shy/negative/male/datable/null/Town/winter 28/{{i18n:NPC_Data.Shiro}}/Custom_Ridgeside_ShiroHouse 10 5/{{i18n:Name.Shiro}}",
			"Trinnie": "child/polite/outgoing/negative/female/non-datable/null/Town/spring 16/{{i18n:NPC_Data.Trinnie}}/Custom_Ridgeside_BertHouse2ndFloor 18 5/{{i18n:Name.Trinnie}}",
			"Ysabelle": "teen/rude/outgoing/positive/female/datable/null/Town/spring 11/{{i18n:NPC_Data.Ysabelle}}/Custom_Ridgeside_LogCabinHotel2ndFloor 14 5/{{i18n:Name.Ysabelle}}",
			"Yuuma": "child/neutral/neutral/neutral/male/non-datable/null/Town/fall 4/{{i18n:NPC_Data.Yuuma}}/Custom_Ridgeside_ShiroHouse 14 5/{{i18n:Name.Yuuma}}",

			"Undreya": "child/neutral/neutral/neutral/female/non-datable/null/Other/null//Custom_Ridgeside_RSVAbandonedHouse 5 5/{{i18n:Name.Undreya}}",
			"Helen": "adult/neutral/neutral/neutral/female/non-datable/null/Other/null/{{i18n:NPC_Data.Helen}}/Custom_Ridgeside_RSVHiddenWarp2 5 5/{{i18n:Name.Helen}}",		
		},
	},


]
}
