{
	"Name": "Pale Candelabrum",
    "Price": 500,
	"Description": "The candles are lined with skull patterns. The wick seems to be moist, making it difficult to light the candles.",
	
    "NameLocalization":
    { 
    	//remove the "//" from your language
        //"es": "PLACEHOLDER",
        //"ko": "PLACEHOLDER",
        //"de": "PLACEHOLDER",
        //"fr": "PLACEHOLDER",
        //"hu": "PLACEHOLDER",
        //"it": "PLACEHOLDER",
        //"ja": "PLACEHOLDER",
        //"pt": "PLACEHOLDER",
        //"ru": "PLACEHOLDER",
        //"tr": "PLACEHOLDER",
        //"zh": "PLACEHOLDER",
    },
    "DescriptionLocalization":
    {
    	//remove the "//" from your language    	
        //"es": "PLACEHOLDER",
        //"ko": "PLACEHOLDER",
        //"de": "PLACEHOLDER",
        //"fr": "PLACEHOLDER",
        //"hu": "PLACEHOLDER",
        //"it": "PLACEHOLDER",
        //"ja": "PLACEHOLDER",
        //"pt": "PLACEHOLDER",
        //"ru": "PLACEHOLDER",
        //"tr": "PLACEHOLDER",
        //"zh": "PLACEHOLDER",
    }
}