{
"Changes": [

	{
		"LogName": "Ian Base Schedule",
		"Action": "EditData",
		"Target": "Characters/Schedules/Ian",
		"Entries": {

			"spring": "800 Custom_Ridgeside_LogCabinHotelLobby 2 15 2/1200 Custom_Ridgeside_LogCabinHotelLobby 21 10 2 ian_clean/1400 Custom_Ridgeside_LogCabinHotelLobby 3 5 2 ian_clean/1500 Custom_Ridgeside_RSVCliff 14 8 1/1800 Custom_Ridgeside_RidgesideVillage 95 56 2/2200 Custom_Ridgeside_IanHouse 17 9 0 ian_sleep",
			"summer": "800 Custom_Ridgeside_LogCabinHotelLobby 2 15 2/1200 Custom_Ridgeside_LogCabinHotelLobby 21 10 2 ian_clean/1400 Custom_Ridgeside_LogCabinHotelLobby 3 5 2 ian_clean/1500 Custom_Ridgeside_RSVCliff 14 8 1/1800 Custom_Ridgeside_RidgesideVillage 95 56 2/2200 Custom_Ridgeside_IanHouse 17 9 0 ian_sleep",
			"fall": "800 Custom_Ridgeside_LogCabinHotelLobby 2 15 2/1200 Custom_Ridgeside_LogCabinHotelLobby 21 10 2 ian_clean/1400 Custom_Ridgeside_LogCabinHotelLobby 3 5 2 ian_clean/1500 Custom_Ridgeside_RSVCliff 14 8 1/1800 Custom_Ridgeside_RidgesideVillage 95 56 2/2200 Custom_Ridgeside_IanHouse 17 9 0 ian_sleep",
			"winter": "800 Custom_Ridgeside_LogCabinHotelLobby 2 15 2/1200 Custom_Ridgeside_LogCabinHotelLobby 21 10 2 ian_clean/1400 Custom_Ridgeside_LogCabinHotelLobby 3 5 2 ian_clean/1600 Custom_Ridgeside_RSVCliff 14 8 1/1900 Custom_Ridgeside_IanHouse 4 5 3/2200 Custom_Ridgeside_IanHouse 17 9 0 ian_sleep",
			"rain": "800 ScienceHouse 2 19 0/1200 Custom_Ridgeside_LogCabinHotelLobby 2 15 2/1600 Custom_Ridgeside_LennyHouse 14 16 1/1800 Custom_Ridgeside_IanHouse 4 5 3/2200 Custom_Ridgeside_IanHouse 17 9 0",
			"Wed": "610 Custom_Ridgeside_RSVCliff 14 8 1/900 Town 40 58 2/1600 Saloon 31 6 3/2200 Custom_Ridgeside_IanHouse 4 5 3 ian_sleep",
			"Tue": "610 Custom_Ridgeside_RidgesideVillage 118 76 1/1000 Mountain 42 11 1/1600 Saloon 31 6 3/2200 Custom_Ridgeside_IanHouse 4 5 3 ian_sleep",
			"Thu": "GOTO Tue",
			"winter_17": "610 Custom_Ridgeside_RidgesideVillage 118 76 1/1000 Mountain 42 11 1/1300 Beach 13 21 2/2600 Custom_Ridgeside_IanHouse 4 5 3 ian_sleep",

			//Marriage Schedule
			"marriage_Mon": "800 Custom_Ridgeside_LogCabinHotelLobby 2 15 2/1200 Custom_Ridgeside_LogCabinHotelLobby 21 10 2 ian_clean/1400 Custom_Ridgeside_LogCabinHotelLobby 3 5 2 ian_clean/1500 Custom_Ridgeside_RSVCliff 14 8 1/1800 Custom_Ridgeside_RidgesideVillage 95 56 2/2200 BusStop -1 23 3",
			"marriage_Tue": "800 SeedShop 13 23 0/1400 BusStop -1 23 3",
			"marriage_Wed": "700 Custom_Ridgeside_RSVCliff 14 8 1/900 Town 40 58 2/1600 Saloon 31 6 3/2200 BusStop -1 23 3",
			"marriage_Fri": "1000 ArchaeologyHouse 17 14 2/1600 BusStop -1 23 3",
			"marriage_winter_17": "1000 Mountain 42 11 1/1700 Beach 13 21 2/2200 BusStop -1 23 3",

					},
	},

]
}