{
"Changes": [

	{
		"LogName": "Olga Base Schedule",
		"Action": "EditData",
		"Target": "Characters/Schedules/Olga",
		"Entries": {

			"spring": "700 Custom_Ridgeside_RidgesideVillage 18 110 3 square_1_6_3/1200 SeedShop 2 21 3/1500 Custom_Ridgeside_RidgesideVillage 54 112 3/1800 Custom_Ridgeside_BertHouse 4 5 0/2200 Custom_Ridgeside_BertHouse2ndFloor 3 5 0 olga_sleep",
			"summer": "700 Custom_Ridgeside_RidgesideVillage 18 110 3 square_1_6_3/1200 SeedShop 2 21 3/1500 Custom_Ridgeside_RidgesideVillage 54 112 3/1800 Custom_Ridgeside_BertHouse 4 5 0/2200 Custom_Ridgeside_BertHouse2ndFloor 3 5 0 olga_sleep",
			"fall": "700 Custom_Ridgeside_RidgesideVillage 18 110 3 square_1_6_3/1200 SeedShop 2 21 3/1500 Custom_Ridgeside_RidgesideVillage 54 112 3/1800 Custom_Ridgeside_BertHouse 4 5 0/2200 Custom_Ridgeside_BertHouse2ndFloor 3 5 0 olga_sleep",
			"winter": "GOTO rain",
			"rain": "900 Custom_Ridgeside_BertHouse 4 5 0/1400 LogCabinHotel2ndFloor 27 15 3/1800 Custom_Ridgeside_BertHouse 4 5 0/2200 Custom_Ridgeside_BertHouse2ndFloor 3 5 0 olga_sleep",
			"Fri": "700 Custom_Ridgeside_RidgesideVillage 18 110 3 square_1_6_3/1200 ArchaeologyHouse 19 5 0/1700 Saloon 20 23 3/2200 Custom_Ridgeside_BertHouse2ndFloor 3 5 0 olga_sleep",
			"Wed": "GOTO Fri",
			"winter_15": "900 Custom_Ridgeside_BertHouse 4 5 0/1100 Beach 14 16 2/2600 Custom_Ridgeside_BertHouse2ndFloor 3 5 0 olga_sleep",
	
					},
	},

]
}