{
"Changes": [


//Load blank json files for events
	{
		"LogName": "Load Blank Jsons for Events",
		"Action": "Load",
		"Target": "Data/Events/Custom_Ridgeside_RidgesideVillage, Data/Events/Custom_Ridgeside_AguarBasement, Data/Events/Custom_Ridgeside_AguarLab, Data/Events/Custom_Ridgeside_AlissaHouse, Data/Events/Custom_Ridgeside_AlissaShed, Data/Events/Custom_Ridgeside_BertHouse, Data/Events/Custom_Ridgeside_EzekielHouse, Data/Events/Custom_Ridgeside_FreddieHouse, Data/Events/Custom_Ridgeside_JericHouse, Data/Events/Custom_Ridgeside_KennethHouse, Data/Events/Custom_Ridgeside_LennyHouse, Data/Events/Custom_Ridgeside_LogCabinHotelLobby, Data/Events/Custom_Ridgeside_LogCabinHotel2ndFloor, Data/Events/Custom_Ridgeside_LogCabinHotel3rdFloor, Data/Events/Custom_Ridgeside_LolaShed, Data/Events/Custom_Ridgeside_MaddieHouse, Data/Events/Custom_Ridgeside_PikaHouse, Data/Events/Custom_Ridgeside_RSVCableCar, Data/Events/Custom_Ridgeside_RSVCliff, Data/Events/Custom_Ridgeside_RSVNinjaHouse, Data/Events/Custom_Ridgeside_Ridge, Data/Events/Custom_Ridgeside_ShiroHouse, Data/Events/Custom_Ridgeside_MysticFalls1, Data/Events/Custom_Ridgeside_MysticFalls2, Data/Events/Custom_Ridgeside_MysticFalls3, Data/Events/Custom_Ridgeside_RSVAbandonedHouse, Data/Events/Custom_Ridgeside_RidgeForestQ1, Data/Events/Custom_Ridgeside_RidgeForestQ2, Data/Events/Custom_Ridgeside_RidgeForestQ3, Data/Events/Custom_Ridgeside_RidgeForestQ4",
		"FromFile": "Assets/EventFiles/{{TargetWithoutPath}}.json",
	},

//Load blank AdventureGuild json for events
	{
		"Action": "Load blank AdventureGuild.json for events",
		"Action": "Load",
		"Target": "Data/Events/AdventureGuild",
		"FromFile": "Assets/EventFiles/AdventureGuild.json",
		"When": {
			"HasMod: |contains=FlashShifter.StardewValleyExpandedCP, Wolf.Marlon, Yoshimax.BefriendMarlon": false,
		}
	},
	
//Special Characters
	{	
		"LogName": "Special Characters",
		"Action": "Load",
		"Target": "Characters/RSVSpirit1, Characters/RSVSpirit2, Characters/RSVSpirit3, Characters/RSVSpirit4, Characters/RSVFirecracker, Characters/RSVLady1, Characters/RSVFlashback1, Characters/RSVFlashback2, Characters/Beast1, Characters/Beast2, Characters/Beast3, Characters/RSVSummoner1, Characters/RSVtent, Characters/RSVcampfire, Characters/RSVbunny1, Characters/RSVCart1, Characters/RSVCart2, Characters/RSVYsaDance, Characters/RSVMach, Characters/RSVDog, Characters/RSVSurprise, Characters/RSVBonfireLeft, Characters/RSVBonfireRight, Characters/RSVCableCar",
		"FromFile": "Assets/EventFiles/{{TargetWithoutPath}}.png",
	},

  	{    //Summit RSV spouse dialogue additions
	 	"Action": "EditData",
     	"Target": "Data/ExtraDialogue",
     	"Entries": { 
     		//Coded as events
	    	"SummitEvent_Dialogue3_Alissa": "Isn't this view wonderful, love?...$l\"/pause 500/faceDirection farmer 1/pause 500/speak Alissa \"All my life, I never thought that I could be as confident and happy as I am right now...$l#$b#You don't know how much you've made my life as beautiful, or even more, as this view...$h\"/pause 500/faceDirection Alissa 3/pause 300/speak Alissa \"I'm happy and contented, @...$l#$b#Thank you...$l#$b#I love you...$l",
	    	
	    	"SummitEvent_Dialogue3_Corine": "Hey... I didn't expect you to find me here.$l\"/pause 500/faceDirection farmer 1/emote farmer 28/faceDirection Corine 3/emote Corine 20/speak Corine \"Hey, no... I wanted you to find me.$l\"/emote farmer 20/speak Corine \"A lot of stuff has happened in my life.#$b#But whatever and however those events affected my life, All I know is they led me to you.$h\"/faceDirection Corine 0/emote Corine 60/speak Corine \"...and...$l\"/faceDirection Corine 3/pause 300/speak Corine \"I wouldn't want it any other way...$l",

	    	"SummitEvent_Dialogue3_Flor": "I'm happy @...$l",

	    	"SummitEvent_Dialogue3_Maddie": "faceDirection farmer 1/faceDirection Madde 3/pause 300/speak Maddie \"What brings you here babe? Miss me that much?$6#$b#Just kidding, come over here you!$h\"/pause 500/faceDirection farmer 0/faceDirection Maddie 0/pause 500/speak Maddie \"The view’s stunning, isn’t it? But I’m sure it doesn’t hold a torch to how beautiful you've made my life...$6\"/faceDirection Maddie 3/faceDirection farmer 1/emote farmer 20/pause 500/faceDirection Maddie 0/speak Maddie \"On a more serious note, I was thinking about the years that have gone by.#$b#We grew so much, who would’ve thought you’d break the ice queen huh?$h#$b#Okay, I’d like to tell you something and this’ll be a one time thing only okay?$l\"/faceDirection Maddie 3/pause 300/speak Maddie \"I know I’m not that showy, nor am I clingy. But I’d just like to tell you that I’m very grateful to have you in my life.$l#$b#Life would be drab without you in it, and with you, I feel content.$l#$b#I love you so much, @!",

	    	"SummitEvent_Dialogue3_Ysabelle": "The view’s breathtaking isn’t it?$h\"/faceDirection farmer 1/faceDirection Ysabelle 3/pause 300/speak Ysabelle \"I’m undeniably lucky to have you here with me, love.$l\"/emote farmer 20/faceDirection farmer 0/faceDirection Ysabelle 0/speak Ysabelle \"Before I met you, I wasn’t really true to myself...$6#$b#I’d just like to thank you for being patient with me.$l\"/faceDirection Ysabelle 3/faceDirection farmer 1/pause 300/speak Ysabelle \"You made me see that it’s never too late for your dreams. Without you, I wouldn’t be who I am now.$l#$b#Thank you for everything, love.$h#$b#You’ll always be my greatest blessing.$l",

	    	"SummitEvent_Dialogue3_Ian": "I'm happy @...$l",

	    	"SummitEvent_Dialogue3_Jeric": "Oh, hey babe!$h#$b#I missed you!$7\"/faceDirection farmer 1/emote farmer 20/speak Jeric \"Oh, nothing. I was just thinking about how far we’ve come.$l#$b#Couldn’t have survived it without my best guy!$l^Couldn’t have survived it without my best gal!$l\"/faceDirection Jeric 3/emote Jeric 20/speak Jeric \"You know, you’re the best thing that happened to this town.$l#$b#Everything seemed to liven up when you arrived!$h#$b#I really am glad to call you mine!$l\"/faceDirection Jeric 0/faceDirection farmer 0/pause 800/speak Jeric \"Here’s to our best lifetime @!$h",

	    	"SummitEvent_Dialogue3_Kenneth": "I'm happy @...$l",

	    	"SummitEvent_Dialogue3_Philip": "Ah! Isn't the view majestic?$h\"/faceDirection farmer 1/pause 500/faceDirection Philip 3/pause 300/speak Philip \"@...$l#$b#Heh, I just want to say...$l#$b#I'm happy. And you're a huge reason why I am.$h\"/emote farmer 20/emote Philip 20/speak Philip \"Whatever happens, I'll always be by your side.$h#$b#I love you!$h",
	    	
	    	"SummitEvent_Dialogue3_Shiro": "I'm happy @...$l",
			}
	},

	
]
}
