{
  "Changes": [
    {
      "Action": "EditData",
      "Target": "Data/ObjectContextTags",
      "Entries": {

        //Fishes
        "Bladetail Sturgeon": "color_green, fish_bladetail_sturgeon",
        "Caped Tree Frog": "color_green, fish_caped_tree_frog",
        "Cardia Septal Jellyfish": "color_purple, fish_cardia_septal_jellyfish",
        "Crimson Spiked Clam": "color_red, fish_crimson_spiked_clam",
        "Fairytale Lionfish": "color_blue, fish_fairytale_lionfish",
        "Fixer Eel": "color_yellow, fish_fixer_eel",
        "Golden Rose Fin": "color_yellow, fish_golden_rose_fin",
        "Harvester Trout": "color_red, fish_harvester_trout",
        "Lullaby Carp": "color_green, fish_lullaby_carp",
        "Pebble Back Crab": "color_gray, fish_pebble_back_crab",
        "Ridgeside Bass": "color_brown, fish_ridgeside_bass",

        "Cutthroat Trout": "color_dark_yellow, fish_cutthroat_trout",
        "Deep Ridge Angler": "color_light_blue, fish_deep_ridge_angler, fish_legendary",
        "Mountain Redbelly Dace": "color_dark_yellow, fish_mountain_redbelly_dace",
        "Mountain Whitefish": "color_white, fish_mountain_whitefish",
        "Ridge Bluegill": "color_blue, fish_ridge_bluegill",
        "Skulpin Fish": "color_brown, fish_skulpin_fish",
        "Sockeye Salmon": "color_dark_red, fish_sockeye_salmon, fish_legendary",
        "Waterfall Snakehead": "color_green, fish_waterfall_snakehead, fish_legendary",

        //Artifacts
        "Ancient Music Box": "color_gold",
        "Elven Comb": "color_green",
        "Entombed Ring": "color_pink",
        "Everfrost Stone": "color_white",
        "Golden Skull Coral": "color_gold",
        "Hollowed Bear": "color_brown",
        "Inked Fossil": "color_gray",
        "Lover's Sorrow": "color_purple",
        "Moose Statue": "color_brown",
        "Nightblack Diamond": "color_black",
        "Opal Halo": "color_light_blue",
        "Pale Candelabrum": "color_dark_yellow",
        "Relic Fox Mask": "color_red",
        "Sapphire Pearl": "color_blue",
        "Shell Bracelet": "color_light_blue",
        "Silver Fish Bones": "color_iron",
        "Village Hero Sculpture": "color_brown",
        "Yellow Wood Sculpture": "color_yellow",
        
        //Flowers, Fruits, Vegetables, and Forage
        "Aurorean Iris": "color_purple",
        "Autumn Drop Berry": "color_dark_red",
        "Cherry Pluot": "color_red",
        "Desert Tangelo": "color_orange",
        "Ember Blood Lime": "color_dark_red",
        "Forest Amancay": "color_yellow",
        "Foxbloom": "color_red",
        "Frost Clump Berry": "color_white",
        "Highland Butterwort": "color_purple",
        "Highland Chard": "color_green",
        "Highland Jostaberry": "color_dark_pink",
        "Lava Lily": "color_orange",
        "Mountain Arugula": "color_green",
        "Mountain Chico": "color_brown",
        "Mountain Hokkaido": "color_blue",
        "Mountain Mistbloom": "color_light_purple",
        "Mountain Plumcot": "color_pink",
        "Northern Limequat": "color_light_green",
        "Paradise Rangpur": "color_light_orange",
        "Ridge Azorean Bellflower": "color_light_pink",
        "Ridge Cherry": "color_red",
        "Ridge Wild Apple": "color_red",
        "Ridgeside Clementine": "color_orange",
        "Ridgeside Monkshood": "color_purple",
        "Sierra Wintergreen": "color_red",
        "Summit Snowbell": "color_light_purple",
        "Tropi Ugli Fruit": "color_yellow",
        "Violet Devil's Claw": "color_purple",

        //Dishes and Drinks
        "Apricot Juice": "color_light_yellow",
        "Arugula Roll": "color_green",
        "Autumn Dew Drop Juice": "color_dark_purple",
        "Cherry Berry Shakey": "color_red",
        "Clementine Cake": "color_orange",
        "Clementine Juice": "color_orange",
        "Crunchy Bagel": "color_brown",
        "Fluffy Apple Crumble": "color_brown",
        "Forage Souffle": "color_brown",
        "Forest Halva": "color_prismatic",
        "Fried Fish a la Ridge": "color_brown",
        "Fried Mountain Greens": "color_light_brown",
        "Highland Blueberry Pie": "color_blue",
        "Highland Ice Cream": "color_light_yellow",
        "Highland Revani": "color_light_brown",
        "Holiday Ice": "color_light_yellow",
        "Honey Glazed Salad": "color_gray",
        "Hundred Flavor Doughnut": "color_cyan",
        "Jumpy Coffee Cake": "color_brown",
        "Kedi Delight": "color_prismatic",
        "Kek's Small Dream": "color_light_pink",
        "Keks Style Shortcake": "color_red",
        "Pillowsoft Cheezy Sandwich": "color_yellow",
        "Pink Frosted Sprinkled Doughnut": "color_pink",
        "Pumpkin Darling Slice": "color_orange",
        "Ridge Apple Cake": "color_apple",
        "Ridge Fruity Plate": "color_red",
        "Ridge Mosaic Cake": "color_brown",
        "Ridgeside Shaketini": "color_orange",
        "Snow Bowl Surprise": "color_light_blue",
        "Snowball Slurpee": "color_light_blue",
        "Strawberry Lover Pie": "color_red",
        "Sweet Cranberry Cheesecake": "color_red",
        "Tropic Mango Cake": "color_yellow",
        "Wild Apple Juice": "color_red",
        "Zesty Tuna": "color_light_brown",

        //Quest items
        "Richard's Glasses": "rsv_quest_item",
        "Yuuma's Ring": "rsv_quest_item",
        "Freddie's Sword": "rsv_quest_item",

        //Miscellaneous
        "Spiritual Essence": "color_light_blue",
      }
    },

    //Foxbloom Universal
    {
      "Action": "EditData",
      "Target": "Data/NPCGiftTastes",
      "TextOperations": [
        {
          "Operation": "Append",
          "Target": ["Entries", "Universal_Love"],
          "Value": "{{spacechase0.JsonAssets/ObjectId:Foxbloom}}",
          "Delimiter": " "
        }
      ]
    }
  ]
}