{
	"Name": "Kedi Delight",
	"Description": "A sweet confection made of starch and sugar, often made with unique flavors.",
	"Category": "Cooking",
	"Edibility": 40,
	"EdibleIsDrink": false,
	"EdibleBuffs": {
    "Farming": 0,
    "Fishing": 0,
    "Mining": 0,
    "Luck": 0,
	"Foraging": 0,
	"MaxStamina": 0,
    "MagnetRadius": 1,
	"Speed": 1,
	"Defense": 0,
	"Attack": 0,
    "Duration": 300,
	},
	"Price": 420,
	"IsColored": false,
	"GiftTastes":
	{
		"Love": ["Bliss", "Jio", "Penny", "Naomi"],
        "Like": ["Jas", "Yuuma", "Kimpoi"]
	},
    "Recipe":
    {
        "ResultCount": 1,
        "Ingredients": [
        {
            "Object": 245,
            "Count": 3,
        },
        {
            "Object": 436,
            "Count": 1,
        },
        {
            "Object": 340,
            "Count": 1,
        },
        {
            "Object": "Desert Tangelo",
            "Count": 1,
        },
        {
            "Object": "Ember Blood Lime",
            "Count": 1,
        },
        ],
        "CanPurchase": false,
    },

    "NameLocalization":
    { 
    	//remove the "//" from your language
        //"es": "PLACEHOLDER",
        //"ko": "PLACEHOLDER",
        //"de": "PLACEHOLDER",
        //"fr": "PLACEHOLDER",
        //"hu": "PLACEHOLDER",
        //"it": "PLACEHOLDER",
        //"ja": "PLACEHOLDER",
        //"pt": "PLACEHOLDER",
        //"ru": "PLACEHOLDER",
        //"tr": "PLACEHOLDER",
        //"zh": "PLACEHOLDER",
    },
    "DescriptionLocalization":
    {
    	//remove the "//" from your language    	
        //"es": "PLACEHOLDER",
        //"ko": "PLACEHOLDER",
        //"de": "PLACEHOLDER",
        //"fr": "PLACEHOLDER",
        //"hu": "PLACEHOLDER",
        //"it": "PLACEHOLDER",
        //"ja": "PLACEHOLDER",
        //"pt": "PLACEHOLDER",
        //"ru": "PLACEHOLDER",
        //"tr": "PLACEHOLDER",
        //"zh": "PLACEHOLDER",
    }
}