{
	"Name": "Fixer Eel",
	"Description": "A close relative to the infamous electric eel. This variant is rarely found in rivers. It got it's name from local legends pertaining that it's meat can heal any kind of sickness or sadness. Because of that belief, it is overhunted.",
	"Category": "Fish",
	"Edibility": 10,
	"EdibleIsDrink": false,
	"EdibleBuffs": null,
	"Price": 2500,
	"IsColored": false,
	"GiftTastes":
	{
		"Love": ["Kenneth"],
	},
	"NameLocalization":
	{
		//
	},
	"DescriptionLocalization":
	{
		//
	},
}