{
	"Name": "Sweet Cranberry Cheesecake",
	"Description": "A berry cute sweet for a berry cute person.",
	"Category": "Cooking",
    "Edibility": 40,
    "EdibleIsDrink": false,
    "EdibleBuffs": {
    "Farming": 0,
    "Fishing": 0,
    "Mining": 0,
    "Luck": 0,
    "Foraging": 1,
    "MaxStamina": 0,
    "MagnetRadius": 0,
    "Speed": 0,
    "Defense": 0,
    "Attack": 2,
    "Duration": 300,
	},
	"Price": 440,
	"IsColored": false,
	"GiftTastes":
	{
		"Love": ["Jeric", "Flor", "Daia", "Jio", "Bliss", "Emily", "Robin", "Ariah"],
        "Like": ["Jodi", "Vincent", "Caroline"]
	},
    "Recipe":
    {
        "ResultCount": 1,
        "Ingredients": [
        {
            "Object": 246,
            "Count": 1,
        },
        {
            "Object": 245,
            "Count": 1,
        },
        {
            "Object": 424,
            "Count": 1,
        },
        {
            "Object": 282,
            "Count": 2,
        },
        {
            "Object": "Northern Limequat",
            "Count": 1,
        }
        ],
        "CanPurchase": false,
    },

    "NameLocalization":
    { 
    	//remove the "//" from your language
        //"es": "PLACEHOLDER",
        //"ko": "PLACEHOLDER",
        //"de": "PLACEHOLDER",
        //"fr": "PLACEHOLDER",
        //"hu": "PLACEHOLDER",
        //"it": "PLACEHOLDER",
        //"ja": "PLACEHOLDER",
        //"pt": "PLACEHOLDER",
        //"ru": "PLACEHOLDER",
        //"tr": "PLACEHOLDER",
        //"zh": "PLACEHOLDER",
    },
    "DescriptionLocalization":
    {
    	//remove the "//" from your language    	
        //"es": "PLACEHOLDER",
        //"ko": "PLACEHOLDER",
        //"de": "PLACEHOLDER",
        //"fr": "PLACEHOLDER",
        //"hu": "PLACEHOLDER",
        //"it": "PLACEHOLDER",
        //"ja": "PLACEHOLDER",
        //"pt": "PLACEHOLDER",
        //"ru": "PLACEHOLDER",
        //"tr": "PLACEHOLDER",
        //"zh": "PLACEHOLDER",
    }
}