[
  //RSV Recipes by friendship
  {
    "Id": "RSV.shanice.recipe",
    "Title": "shanice.recipe.title",
    "Text": "shanice.recipe.text",
    "Recipe": "Clementine Cake",
    "Repeatable": false,
    "FriendshipConditions": [
      {
        "NpcName": "Shanice",
        "FriendshipLevel": 8,

      }
    ]
  },

  {
    "Id": "RSV.paula.recipe",
    "Title": "paula.recipe.title",
    "Text": "paula.recipe.text",
    "Recipe": "Crunchy Bagel",
    "Repeatable": false,
    "FriendshipConditions": [
      {
        "NpcName": "Paula",
        "FriendshipLevel": 8,

      }
    ]
  },

  {
    "Id": "RSV.blair.recipe",
    "Title": "blair.recipe.title",
    "Text": "blair.recipe.text",
    "Recipe": "Fluffy Apple Crumble",
    "Repeatable": false,
    "FriendshipConditions": [
      {
        "NpcName": "Blair",
        "FriendshipLevel": 8,

      }
    ]
  },

  {
    "Id": "RSV.lorenzo.recipe",
    "Title": "lorenzo.recipe.title",
    "Text": "lorenzo.recipe.text",
    "Recipe": "Forage Souffle",
    "Repeatable": false,
    "FriendshipConditions": [
      {
        "NpcName": "Lorenzo",
        "FriendshipLevel": 8,

      }
    ]
  },

  {
    "Id": "RSV.louie.recipe",
    "Title": "louie.recipe.title",
    "Text": "louie.recipe.text",
    "Recipe": "Forest Halva",
    "Repeatable": false,
    "FriendshipConditions": [
      {
        "NpcName": "Louie",
        "FriendshipLevel": 8,

      }
    ]
  },

  {
    "Id": "RSV.malaya.recipe",
    "Title": "malaya.recipe.title",
    "Text": "malaya.recipe.text",
    "Recipe": "Highland Blueberry Pie",
    "Repeatable": false,
    "FriendshipConditions": [
      {
        "NpcName": "Malaya",
        "FriendshipLevel": 8,

      }
    ]
  },

  {
    "Id": "RSV.sonny.recipe",
    "Title": "sonny.recipe.title",
    "Text": "sonny.recipe.text",
    "Recipe": "Highland Revani",
    "Repeatable": false,
    "FriendshipConditions": [
      {
        "NpcName": "Sonny",
        "FriendshipLevel": 8,

      }
    ]
  },

  {
    "Id": "RSV.sean.recipe",
    "Title": "sean.recipe.title",
    "Text": "sean.recipe.text",
    "Recipe": "Holiday Ice",
    "Repeatable": false,
    "FriendshipConditions": [
      {
        "NpcName": "Sean",
        "FriendshipLevel": 8,

      }
    ]
  },

  {
    "Id": "RSV.kiarra.recipe",
    "Title": "kiarra.recipe.title",
    "Text": "kiarra.recipe.text",
    "Recipe": "Jumpy Coffee Cake",
    "Repeatable": false,
    "FriendshipConditions": [
      {
        "NpcName": "Kiarra",
        "FriendshipLevel": 8,

      }
    ]
  },

  {
    "Id": "RSV.kimpoi.recipe",
    "Title": "kimpoi.recipe.title",
    "Text": "kimpoi.recipe.text",
    "Recipe": "Pumpkin Darling Slice",
    "Repeatable": false,
    "FriendshipConditions": [
      {
        "NpcName": "Kimpoi",
        "FriendshipLevel": 8,

      }
    ]
  },

  {
    "Id": "RSV.Carmen.recipe",
    "Title": "Carmen.recipe.title",
    "Text": "Carmen.recipe.text",
    "Recipe": "Ridge Apple Pie",
    "Repeatable": false,
    "FriendshipConditions": [
      {
        "NpcName": "Carmen",
        "FriendshipLevel": 8,

      }
    ]
  },

  {
    "Id": "RSV.naomi.recipe",
    "Title": "naomi.recipe.title",
    "Text": "naomi.recipe.text",
    "Recipe": "Ridge Mosaic Cake",
    "Repeatable": false,
    "FriendshipConditions": [
      {
        "NpcName": "Naomi",
        "FriendshipLevel": 8,

      }
    ]
  },

  {
    "Id": "RSV.irene.recipe",
    "Title": "irene.recipe.title",
    "Text": "irene.recipe.text",
    "Recipe": "Strawberry Lover Pie",
    "Repeatable": false,
    "FriendshipConditions": [
      {
        "NpcName": "Irene",
        "FriendshipLevel": 8,

      }
    ]
  },

  {
    "Id": "RSV.faye.recipe",
    "Title": "faye.recipe.title",
    "Text": "faye.recipe.text",
    "Recipe": "Sweet Cranberry Cheesecake",
    "Repeatable": false,
    "FriendshipConditions": [
      {
        "NpcName": "Faye",
        "FriendshipLevel": 8,

      }
    ]
  },

  {
    "Id": "RSV.maive.recipe",
    "Title": "maive.recipe.title",
    "Text": "maive.recipe.text",
    "Recipe": "Tropic Mango Cake",
    "Repeatable": false,
    "FriendshipConditions": [
      {
        "NpcName": "Maive",
        "FriendshipLevel": 8,

      }
    ]
  },

]