{
  "Name": "Snowball Slurpee",
  "Description": "A mix of different winter fruits. A cool and sweet winter treat.",
  "Category": "Cooking",
  "Price": 230,
  "Edibility": 51,
  "EdibleIsDrink": true,
  "EdibleBuffs": {
    "Duration": 420,
    "Luck": 0,
    "Speed": 1,
    "MaxStamina": 0,
    "Farming": 0,
    "Fishing": 0,
    "Mining": 0,
    "Foraging": 0,
    "MagnetRadius": 0,
    "Defense": 1,
    "Attack": 0
  },
  "IsColored": false,
  "GiftTastes":{
    "Love": ["Sam", "Sebastian", "Shane", "Alex", "Harvey", "Elliott", "Vincent", "Jas", "Keahi", "Trinnie", "Yuuma"],
    "Like": ["Abigail", "Emily", "Haley", "Leah", "Maru", "Penny", "Caroline", "Jodi", "Sandy", "Demetrius", "Gus", "Pierre"],
    "Dislike": ["Krobus", "Dwarf"]
  },
  "Recipe":
    {
        "ResultCount": 1,
        "Ingredients": [
        {
            "Object": "Ridgeside Clementine",
            "Count": 1,
        },
        {
            "Object": "Frost Clump Berry",
            "Count": 1,
        },
        {
            "Object": 414,
            "Count": 2,
        },
        ],
        "CanPurchase": false,
    },

    "NameLocalization":
    { 
      //remove the "//" from your language
        //"es": "PLACEHOLDER",
        //"ko": "PLACEHOLDER",
        //"de": "PLACEHOLDER",
        //"fr": "PLACEHOLDER",
        //"hu": "PLACEHOLDER",
        //"it": "PLACEHOLDER",
        //"ja": "PLACEHOLDER",
        //"pt": "PLACEHOLDER",
        //"ru": "PLACEHOLDER",
        //"tr": "PLACEHOLDER",
        //"zh": "PLACEHOLDER",
    },
    "DescriptionLocalization":
    {
      //remove the "//" from your language      
        //"es": "PLACEHOLDER",
        //"ko": "PLACEHOLDER",
        //"de": "PLACEHOLDER",
        //"fr": "PLACEHOLDER",
        //"hu": "PLACEHOLDER",
        //"it": "PLACEHOLDER",
        //"ja": "PLACEHOLDER",
        //"pt": "PLACEHOLDER",
        //"ru": "PLACEHOLDER",
        //"tr": "PLACEHOLDER",
        //"zh": "PLACEHOLDER",
    }
}