{

	"spring": "610 EzekielHouse 17 7 2/1000 RidgesideVillage 92 12 0 square_2_1_0/1500 RidgesideVillage 85 63 3/1800 EzekielHouse 16 17 2/2200 EzekielHouse 4 5 0 ezekiel_sleep",
	"summer": "610 EzekielHouse 17 7 2/1000 RSVTheRidge 45 36 0/1500 RidgesideVillage 85 63 3/1800 EzekielHouse 16 17 2/2200 EzekielHouse 4 5 0 ezekiel_sleep",
	"fall": "610 EzekielHouse 17 7 2/1000 BusStop 8 15 2/1500 Mountain 88 25 1/1800 EzekielHouse 16 17 2/2200 EzekielHouse 4 5 0 ezekiel_sleep",
	"winter": "610 EzekielHouse 17 7 2/1000 RSVTheRidge 45 36 0/1300 EzekielHouse 16 17 2/1800 EzekielHouse 17 7 2/2200 EzekielHouse 4 5 0 ezekiel_sleep",
	"rain": "610 EzekielHouse 17 7 2/1000 LogCabinHotelLobby 26 15 3/1400 LogCabinHotelLobby 2 12 1/1900 EzekielHouse 4 5 0 ezekiel_sleep",
	"Fri": "610 EzekielHouse 17 7 2/800 SeedShop 14 24 2/1600 Saloon 6 19 1/1900 EzekielHouse 4 5 0 ezekiel_sleep",
	"Mon": "610 RSVTheRidge 45 36 0/1000 RidgesideVillage 45 53 3/1800 EzekielHouse 17 7 2/2200 EzekielHouse 4 5 0 ezekiel_sleep",
	
}