{

	"spring": "610 RSVNinjaHouse 8 6 2 jio_meditate/1200 RSVTheRidge 76 38 0/2000 RSVTheRidge 63 32 1/2400 RSVNinjaHouse 14 5 0 jio_sleep",
	"summer": "610 RSVNinjaHouse 8 6 2 jio_meditate/1200 RSVTheRidge 76 38 0/2000 RSVTheRidge 63 32 1/2400 RSVNinjaHouse 14 5 0 jio_sleep",
	"fall": "610 RSVNinjaHouse 8 6 2 jio_meditate/1200 RSVTheRidge 76 38 0/2000 RSVTheRidge 63 32 1/2400 RSVNinjaHouse 14 5 0 jio_sleep",
	"winter": "610 RSVNinjaHouse 8 6 2 jio_meditate/1200 RSVTheRidge 76 38 0/2000 RSVTheRidge 63 32 1/2400 RSVNinjaHouse 14 5 0 jio_sleep",
	"rain": "610 RSVNinjaHouse 8 6 2 jio_meditate/1200 RSVTheRidge 76 38 0/2000 RSVTheRidge 63 32 1/2400 RSVNinjaHouse 14 5 0 jio_sleep",
	"3": "610 RSVNinjaHouse 8 6 2 jio_meditate/1200 RidgesideVillage 137 87 0/2200 RSVNinjaHouse 14 5 0 jio_sleep",
	"14": "GOTO 3",
	"20": "GOTO 3",
	
}