{

	"spring": "610 PikaHouse 7 10 3/900 RidgesideVillage 76 60 2 square_1_2_2/1400 RidgesideVillage 62 119 3 square_10_2_1/1800 PikaHouse 7 10 3/2200 PikaHouse 26 5 0 keahi_sleep",
	"summer": "610 PikaHouse 7 10 3/900 RidgesideVillage 76 60 2 square_1_2_2/1300 Beach 37 14 2 square_5_2_3/1800 PikaHouse 7 10 3/2200 PikaHouse 26 5 0 keahi_sleep",
	"fall": "610 PikaHouse 7 10 3/900 RidgesideVillage 76 60 2 square_1_2_2/1300 Mountain 11 33 1 square_5_2_3/1800 PikaHouse 7 10 3/2200 PikaHouse 26 5 0 keahi_sleep",
	"winter": "610 PikaHouse 7 10 3/900 RidgesideVillage 76 60 2 square_1_2_2/1400 BusStop 18 14 1 square_3_2_1/1800 PikaHouse 7 10 3/2200 PikaHouse 26 5 0 keahi_sleep",
	"rain": "610 PikaHouse 7 10 3/1200 PikaHouse 23 5 0/1800 PikaHouse 7 10 3/2200 PikaHouse 26 5 0 keahi_sleep",
	"Tue": "610 Town 103 92 2 keahi_dance/1100 ArchaeologyHouse 15 11 1/1130 ArchaeologyHouse 13 11 3 keahi_read/1400 Town 86 98 2 keahi_dance/1600 RidgesideVillage 76 60 2 square_1_2_2/1800 PikaHouse 7 10 3/2200 PikaHouse 26 5 0 keahi_sleep",
	"Wed": "GOTO Tue",
	"Fri": "GOTO Tue",
	"Mon": "900 RidgesideVillage 76 60 2 square_1_2_2/1200 RidgesideVillage 82 73 3 keahi_jump/1400 RidgesideVillage 125 105 0/1600 PikaHouse 7 10 3/2200 PikaHouse 26 5 0 keahi_sleep",
	
}