{

	"spring": "900 LennyHouse 10 5 2/1200 LennyHouse 25 10 1/1400 LennyHouse 3 7 0/1600 LennyHouse 10 5 2/1800 RidgesideVillage 81 63 1/2200 LennyHouse 22 5 0 lenny_sleep",
	"summer": "900 LennyHouse 10 5 2/1200 LennyHouse 25 10 1/1400 LennyHouse 3 7 0/1600 LennyHouse 10 5 2/1800 RidgesideVillage 81 63 1/2200 LennyHouse 22 5 0 lenny_sleep",
	"fall": "900 LennyHouse 10 5 2/1200 LennyHouse 25 10 1/1400 LennyHouse 3 7 0/1600 LennyHouse 10 5 2/1800 RidgesideVillage 81 63 1/2200 LennyHouse 22 5 0 lenny_sleep",
	"winter": "900 LennyHouse 10 5 2/1200 LennyHouse 25 10 1/1400 LennyHouse 3 7 0/1600 LennyHouse 10 5 2/1800 RidgesideVillage 81 63 1/2200 LennyHouse 22 5 0 lenny_sleep",
	"rain": "900 LennyHouse 10 5 2/1200 LennyHouse 25 10 1/1400 LennyHouse 3 7 0/1600 LennyHouse 10 5 2/1800 LennyHouse 25 10 1/2000 LennyHouse 3 7 0/2200 LennyHouse 22 5 0 lenny_sleep",
	"Tue": "610 RidgesideVillage 113 42 3 square_1_2_3/900 LennyHouse 10 5 2/1200 ManorHouse 4 5 3/1600 Saloon 8 20 0/2200 LennyHouse 22 5 0 lenny_sleep",
	"Thu": "GOTO Tue",
	
}