{

	"spring": "700 LogCabinHotelLobby 11 6 2/1600 RidgesideVillage 118 41 2/1800 LogCabinHotel3rdFloor 21 11 1 ysabelle_ballet/2100 LogCabinHotel2ndFloor 14 5 0 ysabelle_sleep",
	"summer": "700 LogCabinHotelLobby 11 6 2/1530 Beach 34 14 2/1900 LogCabinHotel3rdFloor 21 11 1 ysabelle_ballet/2100 LogCabinHotel2ndFloor 14 5 0 ysabelle_sleep",
	"fall": "700 LogCabinHotelLobby 11 6 2/1600 RidgesideVillage 82 58 0/1800 LogCabinHotel3rdFloor 21 11 1 ysabelle_ballet/2100 LogCabinHotel2ndFloor 14 5 0 ysabelle_sleep",
	"winter": "700 LogCabinHotelLobby 11 6 2/1600 RidgesideVillage 118 41 2/1800 LogCabinHotel3rdFloor 21 11 1 ysabelle_ballet/2100 LogCabinHotel2ndFloor 14 5 0 ysabelle_sleep",
	"rain": "700 LogCabinHotelLobby 11 6 2/1600 LogCabinHotel3rdFloor 21 11 1 ysabelle_ballet/1900 LogCabinHotel2ndFloor 16 5 1/2100 LogCabinHotel2ndFloor 14 5 0 ysabelle_sleep",
	"Fri": "800 BusStop 6 14 0/900 Town 27 23 2/1400 Town 54 71 0/1700 Saloon 36 22 1/2200 LogCabinHotel2ndFloor 14 5 0 ysabelle_sleep",

	//Marriage Schedule
	"marriage_Mon": "700 LogCabinHotelLobby 11 6 2/1600 RidgesideVillage 118 41 2/1800 LogCabinHotel3rdFloor 21 11 1 ysabelle_ballet/2200 BusStop -1 23 3",
	"marriage_Tue": "700 LogCabinHotelLobby 11 6 2/1530 Beach 34 14 2/1900 LogCabinHotel3rdFloor 21 11 1 ysabelle_ballet/2200 BusStop -1 23 3",
	"marriage_Wed": "700 LogCabinHotelLobby 11 6 2/1600 RidgesideVillage 82 58 0/1800 LogCabinHotel3rdFloor 21 11 1 ysabelle_ballet/2200 BusStop -1 23 3",
	"marriage_Fri": "800 BusStop 6 14 0/900 Town 27 23 2/1400 Town 54 71 0/1700 Saloon 36 22 1/2200 BusStop -1 23 3",

}