{
   "Changes": [

{
   "Action": "EditData",
   "Target": "Strings/SpecialOrderStrings",
   "Entries": {
      "RSV.SpecialOrder.FixMinecart_Name": "{{i18n:RSV.SpecialOrder.FixMinecart_Name}}",
      "RSV.SpecialOrder.FixMinecart_Text": "{{i18n:RSV.SpecialOrder.FixMinecart_Text}}",
      "RSV.SpecialOrder.FixMinecart_Objective1_Text": "{{i18n:RSV.SpecialOrder.FixMinecart_Objective1_Text}}",
      "RSV.SpecialOrder.FixMinecart_Objective2_Text": "{{i18n:RSV.SpecialOrder.FixMinecart_Objective2_Text}}",
      "RSV.SpecialOrder.FixMinecart_Objective3_Text": "{{i18n:RSV.SpecialOrder.FixMinecart_Objective3_Text}}",

      "RSV.SpecialOrder.FixGreenhouse_Name": "{{i18n:RSV.SpecialOrder.FixGreenhouse_Name}}",
      "RSV.SpecialOrder.FixGreenhouse_Text": "{{i18n:RSV.SpecialOrder.FixGreenhouse_Text}}",
      "RSV.SpecialOrder.FixGreenhouse_Objective1_Text": "{{i18n:RSV.SpecialOrder.FixGreenhouse_Objective1_Text}}",
      "RSV.SpecialOrder.FixGreenhouse_Objective2_Text": "{{i18n:RSV.SpecialOrder.FixGreenhouse_Objective2_Text}}",
      "RSV.SpecialOrder.FixGreenhouse_Objective3_Text": "{{i18n:RSV.SpecialOrder.FixGreenhouse_Objective3_Text}}",

      "RSV.SpecialOrder.DaiaQuest_Name": "{{i18n:RSV.SpecialOrder.DaiaQuest_Name}}",
      "RSV.SpecialOrder.DaiaQuest_Text": "{{i18n:RSV.SpecialOrder.DaiaQuest_Text}}",
      "RSV.SpecialOrder.DaiaQuest_Objective1_Text": "{{i18n:RSV.SpecialOrder.DaiaQuest_Objective1_Text}}",
      "RSV.SpecialOrder.DaiaQuest_Objective2_Text": "{{i18n:RSV.SpecialOrder.DaiaQuest_Objective2_Text}}",
      "RSV.SpecialOrder.DaiaQuest_Objective3_Text": "{{i18n:RSV.SpecialOrder.DaiaQuest_Objective3_Text}}",
      "RSV.SpecialOrder.DaiaQuest_Objective4_Text": "{{i18n:RSV.SpecialOrder.DaiaQuest_Objective4_Text}}",
      "RSV.SpecialOrder.DaiaQuest_Objective5_Text": "{{i18n:RSV.SpecialOrder.DaiaQuest_Objective5_Text}}",
      "RSV.SpecialOrder.DaiaQuest_Objective6_Text": "{{i18n:RSV.SpecialOrder.DaiaQuest_Objective6_Text}}",
      "RSV.SpecialOrder.DaiaQuest_Objective7_Text": "{{i18n:RSV.SpecialOrder.DaiaQuest_Objective7_Text}}",
      "RSV.SpecialOrder.DaiaQuest_Objective8_Text": "{{i18n:RSV.SpecialOrder.DaiaQuest_Objective8_Text}}",
      "RSV.SpecialOrder.DaiaQuest_Objective9_Text": "{{i18n:RSV.SpecialOrder.DaiaQuest_Objective9_Text}}",
      "RSV.SpecialOrder.DaiaQuest_Objective10_Text": "{{i18n:RSV.SpecialOrder.DaiaQuest_Objective10_Text}}",

      "RSV.SpecialOrder.ColorCrystals_Name_Red": "{{i18n:RSV.SpecialOrder.ColorCrystals_Name_Red}}",
      "RSV.SpecialOrder.ColorCrystals_Name_Orange": "{{i18n:RSV.SpecialOrder.ColorCrystals_Name_Orange}}",
      "RSV.SpecialOrder.ColorCrystals_Name_Yellow": "{{i18n:RSV.SpecialOrder.ColorCrystals_Name_Yellow}}",
      "RSV.SpecialOrder.ColorCrystals_Name_Green": "{{i18n:RSV.SpecialOrder.ColorCrystals_Name_Green}}",
      "RSV.SpecialOrder.ColorCrystals_Name_Blue": "{{i18n:RSV.SpecialOrder.ColorCrystals_Name_Blue}}",
      "RSV.SpecialOrder.ColorCrystals_Name_Purple": "{{i18n:RSV.SpecialOrder.ColorCrystals_Name_Purple}}",
      "RSV.SpecialOrder.ColorCrystals_Name_Gray": "{{i18n:RSV.SpecialOrder.ColorCrystals_Name_Gray}}",
      "RSV.SpecialOrder.ColorCrystals_Text": "{{i18n:RSV.SpecialOrder.ColorCrystals_Text}}",
      "RSV.SpecialOrder.ColorCrystals_Red_Text": "{{i18n:RSV.SpecialOrder.ColorCrystals_Red_Text}}",
      "RSV.SpecialOrder.ColorCrystals_Orange_Text": "{{i18n:RSV.SpecialOrder.ColorCrystals_Orange_Text}}",
      "RSV.SpecialOrder.ColorCrystals_Yellow_Text": "{{i18n:RSV.SpecialOrder.ColorCrystals_Yellow_Text}}",
      "RSV.SpecialOrder.ColorCrystals_Green_Text": "{{i18n:RSV.SpecialOrder.ColorCrystals_Green_Text}}",
      "RSV.SpecialOrder.ColorCrystals_Blue_Text": "{{i18n:RSV.SpecialOrder.ColorCrystals_Blue_Text}}",
      "RSV.SpecialOrder.ColorCrystals_Purple_Text": "{{i18n:RSV.SpecialOrder.ColorCrystals_Purple_Text}}",
      "RSV.SpecialOrder.ColorCrystals_Gray_Text": "{{i18n:RSV.SpecialOrder.ColorCrystals_Gray_Text}}",

      "RSV.SpecialOrder.HauntedGH_Name": "{{i18n:RSV.SpecialOrder.HauntedGH_Name}}",
      "RSV.SpecialOrder.HauntedGH_Text": "{{i18n:RSV.SpecialOrder.HauntedGH_Text}}",
      "RSV.SpecialOrder.HauntedGH_Objective1_Text": "{{i18n:RSV.SpecialOrder.HauntedGH_Objective1_Text}}",
      "RSV.SpecialOrder.HauntedGH_Objective2_Text": "{{i18n:RSV.SpecialOrder.HauntedGH_Objective2_Text}}",
      "RSV.SpecialOrder.HauntedGH_Objective3_Text": "{{i18n:RSV.SpecialOrder.HauntedGH_Objective3_Text}}",

      "RSV.SpecialOrder.CleanUp_Name": "{{i18n:RSV.SpecialOrder.CleanUp_Name}}",
      "RSV.SpecialOrder.CleanUp_Text": "{{i18n:RSV.SpecialOrder.CleanUp_Text}}",
      "RSV.SpecialOrder.CleanUp_Objective1_Text": "{{i18n:RSV.SpecialOrder.CleanUp_Objective1_Text}}",

      "RSV.SpecialOrder.PikaDeliver_Name": "{{i18n:RSV.SpecialOrder.PikaDeliver_Name}}",
      "RSV.SpecialOrder.PikaDeliver_Text": "{{i18n:RSV.SpecialOrder.PikaDeliver_Text}}",
      "RSV.SpecialOrder.PikaDeliver_Objective1_Text": "{{i18n:RSV.SpecialOrder.PikaDeliver_Objective1_Text}}",
      "RSV.SpecialOrder.PikaDeliver_Objective2_Text": "{{i18n:RSV.SpecialOrder.PikaDeliver_Objective2_Text}}",
      "RSV.SpecialOrder.PikaDeliver_Objective3_Text": "{{i18n:RSV.SpecialOrder.PikaDeliver_Objective3_Text}}",
      "RSV.SpecialOrder.PikaDeliver_Objective4_Text": "{{i18n:RSV.SpecialOrder.PikaDeliver_Objective4_Text}}",
      "RSV.SpecialOrder.PikaDeliver_Objective5_Text": "{{i18n:RSV.SpecialOrder.PikaDeliver_Objective5_Text}}",

      "RSV.SpecialOrder.ExoticIngredients_Name": "{{i18n:RSV.SpecialOrder.ExoticIngredients_Name}}",
      "RSV.SpecialOrder.ExoticIngredients_Text": "{{i18n:RSV.SpecialOrder.ExoticIngredients_Text}}",
      "RSV.SpecialOrder.ExoticIngredients_Objective1_Text": "{{i18n:RSV.SpecialOrder.ExoticIngredients_Objective1_Text}}",
      "RSV.SpecialOrder.ExoticIngredients_Objective2_Text": "{{i18n:RSV.SpecialOrder.ExoticIngredients_Objective1_Text}}",
      "RSV.SpecialOrder.ExoticIngredients_Objective3_Text": "{{i18n:RSV.SpecialOrder.ExoticIngredients_Objective1_Text}}",
      "RSV.SpecialOrder.ExoticIngredients_Objective4_Text": "{{i18n:RSV.SpecialOrder.ExoticIngredients_Objective1_Text}}",

      "RSV.SpecialOrder.HotelPower_Name": "{{i18n:RSV.SpecialOrder.HotelPower_Name}}",
      "RSV.SpecialOrder.HotelPower_Text": "{{i18n:RSV.SpecialOrder.HotelPower_Text}}",
      "RSV.SpecialOrder.HotelPower_Objective1_Text": "{{i18n:RSV.SpecialOrder.HotelPower_Objective1_Text}}",
      "RSV.SpecialOrder.HotelPower_Objective2_Text": "{{i18n:RSV.SpecialOrder.HotelPower_Objective2_Text}}",

      "RSV.SpecialOrder.MaiveCharity_Name": "{{i18n:RSV.SpecialOrder.MaiveCharity_Name}}",
      "RSV.SpecialOrder.MaiveCharity_Text": "{{i18n:RSV.SpecialOrder.MaiveCharity_Text}}",
      "RSV.SpecialOrder.MaiveCharity_Objective1_Text": "{{i18n:RSV.SpecialOrder.MaiveCharity_Objective1_Text}}",
      "RSV.SpecialOrder.MaiveCharity_Objective2_Text": "{{i18n:RSV.SpecialOrder.MaiveCharity_Objective2_Text}}",
      "RSV.SpecialOrder.MaiveCharity_Objective3_Text": "{{i18n:RSV.SpecialOrder.MaiveCharity_Objective3_Text}}",

      "RSV.SpecialOrder.SlayViperial_Name": "{{i18n:RSV.SpecialOrder.SlayViperial_Name}}",
      "RSV.SpecialOrder.SlayViperial_Text": "{{i18n:RSV.SpecialOrder.SlayViperial_Text}}",
      "RSV.SpecialOrder.SlayViperial_Objective1_Text": "{{i18n:RSV.SpecialOrder.SlayViperial_Objective1_Text}}",

      "RSV.SpecialOrder.LinkedFishes_Name": "{{i18n:RSV.SpecialOrder.LinkedFishes_Name}}",
      "RSV.SpecialOrder.LinkedFishes_Text": "{{i18n:RSV.SpecialOrder.LinkedFishes_Text}}",
      "RSV.SpecialOrder.LinkedFishes_Objective1_Text": "{{i18n:RSV.SpecialOrder.LinkedFishes_Objective1_Text}}",
      "RSV.SpecialOrder.LinkedFishes_Objective2_Text": "{{i18n:RSV.SpecialOrder.LinkedFishes_Objective2_Text}}",
      "RSV.SpecialOrder.LinkedFishes_Objective3_Text": "{{i18n:RSV.SpecialOrder.LinkedFishes_Objective3_Text}}",
      "RSV.SpecialOrder.LinkedFishes_Objective4_Text": "{{i18n:RSV.SpecialOrder.LinkedFishes_Objective4_Text}}",
      "RSV.SpecialOrder.LinkedFishes_Objective5_Text": "{{i18n:RSV.SpecialOrder.LinkedFishes_Objective5_Text}}",
      "RSV.SpecialOrder.LinkedFishes_Objective6_Text": "{{i18n:RSV.SpecialOrder.LinkedFishes_Objective6_Text}}",
      "RSV.SpecialOrder.LinkedFishes_Objective7_Text": "{{i18n:RSV.SpecialOrder.LinkedFishes_Objective7_Text}}",
      "RSV.SpecialOrder.LinkedFishes_Objective8_Text": "{{i18n:RSV.SpecialOrder.LinkedFishes_Objective8_Text}}",
      "RSV.SpecialOrder.LinkedFishes_Objective9_Text": "{{i18n:RSV.SpecialOrder.LinkedFishes_Objective9_Text}}",
      "RSV.SpecialOrder.LinkedFishes_Objective10_Text": "{{i18n:RSV.SpecialOrder.LinkedFishes_Objective10_Text}}",

      "RSV.SpecialOrder.MythFlower_Name": "{{i18n:RSV.SpecialOrder.MythFlower_Name}}",
      "RSV.SpecialOrder.MythFlower_Text": "{{i18n:RSV.SpecialOrder.MythFlower_Text}}",
      "RSV.SpecialOrder.MythFlower_Objective1_Text": "{{i18n:RSV.SpecialOrder.MythFlower_Objective1_Text}}",
   }
}

],
}