{
"Changes": [

	{
		"LogName": "Undreya Base Schedule",
		"Action": "EditData",
		"Target": "Characters/Schedules/Undreya",
		"Entries": {

			"spring": "610 Custom_Ridgeside_RSVAbandonedHouse 5 5 2/1200 Custom_Ridgeside_RSVAbandonedHouse 2 8 2/1800 Custom_Ridgeside_RSVAbandonedHouse 9 5 1",
			"Thu": "610 Custom_Ridgeside_RSVAbandonedHouse 5 5 2/1200 Custom_Ridgeside_RSVAbandonedHouse 2 8 2/1800 Custom_Ridgeside_RSVAbandonedHouse 9 5 1",

					},
		"When": {
				"HasSeenEvent: hostPlayer |contains=75160182": false,
			}

	},

		//Undreya Spawn
		{
			"Action": "EditData",
			"Target": "Characters/Schedules/Undreya",
			"Entries": {
				"spring": "{{RANDOMUNDREYA}}/2600 Custom_Ridgeside_RSVAbandonedHouse 5 5 0"
			},
			"When": {
				"HasSeenEvent: hostPlayer |contains=75160182": true,
				"DayOfWeek |contains=Thursday": false
			},
			"Update": "OnLocationChange"
		},

]
}