{
  "Name": "Sierra Wintergreen",
  "Description": "A lovely flower to gift and decorate during the winter holidays.",
  "Category": "Flower",
  "Edibility": 5,
  "EdibleBuffs": {
    "Farming": 0,
    "Fishing": 1,
    "Mining": 0,
    "Luck": 0,
	"Foraging": 0,
	"MaxStamina": 0,
    "MagnetRadius": 0,
	"Speed": 0,
	"Defense": 0,
	"Attack": 0,
    "Duration": 10,
	},
  "Price": 40,
  "IsColored": false,
  "Recipe": null,
  "GiftTastes":
  {
  "Love": ["Trinnie", "Lenny", "Freddie", "Naomi", "Lola", "Richard", "Bliss", "Olga", "Bert", "Malaya", "Kimpoi"],
  "Like": ["Jas", "Marnie", "Robin"],
  },

      "NameLocalization":
    { 
      //remove the "//" from your language
        //"es": "PLACEHOLDER",
        //"ko": "PLACEHOLDER",
        //"de": "PLACEHOLDER",
        //"fr": "PLACEHOLDER",
        //"hu": "PLACEHOLDER",
        //"it": "PLACEHOLDER",
        //"ja": "PLACEHOLDER",
        //"pt": "PLACEHOLDER",
        //"ru": "PLACEHOLDER",
        //"tr": "PLACEHOLDER",
        //"zh": "PLACEHOLDER",
    },
    "DescriptionLocalization":
    {
      //remove the "//" from your language      
        //"es": "PLACEHOLDER",
        //"ko": "PLACEHOLDER",
        //"de": "PLACEHOLDER",
        //"fr": "PLACEHOLDER",
        //"hu": "PLACEHOLDER",
        //"it": "PLACEHOLDER",
        //"ja": "PLACEHOLDER",
        //"pt": "PLACEHOLDER",
        //"ru": "PLACEHOLDER",
        //"tr": "PLACEHOLDER",
        //"zh": "PLACEHOLDER",
    }
}