{
  "Name": "Torts",
  "Type": "Walking",
  "FrameSizeWidth": 16,
  "FrameSizeHeight": 16,
  "TravelSpeed": 1,
  "InspectionDialogue": "*Turtle noises*.",
  "Portrait": {
  "PortraitDisplayName": "Torts",
  "FrameSizeWidth": 64,
  "FrameSizeHeight": 64,
  "FrameIndex": 0,
  },

  "IdleBehavior": "Wander",
  "MaxIdleDistance": 500,
  "MaxDistanceBeforeTeleport": -1,

  "EnableBreathing": true,
  "EnableFarmerCollision": true,
  "EnableShadow": true,
  "Shadow": {
    "OffsetX": 0,
    "OffsetY": 8,
    "Scale": 1,
    "Alpha": 255
  },

  "DirectionChangeChanceWhileMoving": 0.003,
  "DirectionChangeChanceWhileIdle": 0.05,
  "ChanceForHalting": 0.1,
  "MinHaltTime": 10000,
  "MaxHaltTime": 20000,

  "DownAnimation": {
    "StartingFrame": 0,
    "NumberOfFrames": 4,
    "Duration": 500,

    "IdleAnimation": {
      "StartingFrame": 0,
      "NumberOfFrames": 1,
      "Duration": 500
    }
  },

  "RightAnimation": {
    "StartingFrame": 4,
    "NumberOfFrames": 4,
    "Duration": 500,

    "IdleAnimation": {
      "StartingFrame": 4,
      "NumberOfFrames": 1,
      "Duration": 500
    }
  },

  "UpAnimation": {
    "StartingFrame": 8,
    "NumberOfFrames": 4,
    "Duration": 500,

    "IdleAnimation": {
      "StartingFrame": 8,
      "NumberOfFrames": 1,
      "Duration": 500
    }
  },

  "LeftAnimation": {
    "StartingFrame": 12,
    "NumberOfFrames": 4,
    "Duration": 500,

    "IdleAnimation": {
      "StartingFrame": 12,
      "NumberOfFrames": 1,
      "Duration": 500
    }
  },
}