﻿{
	"Music": [
		{
			"Id": "AlissaConcert",
			"File": "Music/AlissaConcert.ogg",
			"Loop": false,
			"Preload": false
		},
		{
			"Id": "AlissaVocals",
			"File": "Music/AlissaVocals.ogg",
			"Loop": false,
			"Preload": false
		},
		{
			"Id": "AlissaWithPiano",
			"File": "Music/AlissaWithPiano.ogg",
			"Loop": false,
			"Preload": false
		},
		{
			"Id": "AlissaTheme",
			"File": "Music/AlissaTheme.ogg",
			"Preload": false
		},
		{
			"Id": "CorineTheme",
			"File": "Music/CorineTheme.ogg",
			"Preload": false
		},
		{
			"Id": "FlorTheme",
			"File": "Music/FlorTheme.ogg",
			"Preload": false
		},
		{
			"Id": "IanTheme",
			"File": "Music/IanTheme.ogg",
			"Preload": false
		},
		{
			"Id": "JericTheme",
			"File": "Music/JericTheme.ogg",
			"Preload": false
		},
		{
			"Id": "KennethTheme",
			"File": "Music/KennethTheme.ogg",
			"Preload": false
		},
		{
			"Id": "MaddieTheme",
			"File": "Music/MaddieTheme.ogg",
			"Preload": false
		},
		{
			"Id": "PhilipTheme",
			"File": "Music/PhilipTheme.ogg",
			"Preload": false
		},
		{
			"Id": "ShiroTheme",
			"File": "Music/ShiroTheme.ogg",
			"Preload": false
		},
		{
			"Id": "YsabelleTheme",
			"File": "Music/YsabelleTheme.ogg",
			"Preload": false
		},
		{
			"Id": "YsaDance",
			"File": "Music/YsaDance.ogg",
			"Preload": false
		},
		{
			"Id": "EmberNight",
			"File": "Music/EmberNight.ogg",
			"Preload": true
		},
		{
			"Id": "FallInRidgeside",
			"File": "Music/FallInRidgeside.ogg",
			"Loop": false,
			"Preload": true
		},
		{
			"Id": "WinterMountain",
			"File": "Music/WinterMountain.ogg",
			"Loop": false,
			"Preload": true
		},
		{
			"Id": "CaveDrip",
			"File": "Music/CaveDrip.ogg",
			"Preload": true
		},
		{
			"Id": "AlissaSerenade",
			"File": "Music/AlissaSerenade.ogg",
			"Loop": true,
			"Preload": false
		},
		{
			"Id": "AweAmbience",
			"File": "Music/AweAmbience.ogg",
			"Loop": true,
			"Preload": true
		}	
	]
}