{
	"Name": "Holiday Ice",
	"Description": "Ice cream made from an exotic tropical fruit! It even has a little umbrella for that extra tropical feel.",
	"Category": "Cooking",
	"Edibility": 25,
	"EdibleIsDrink": false,
	"EdibleBuffs": {
    "Farming": 0,
    "Fishing": 2,
    "Mining": 0,
    "Luck": 0,
	"Foraging": 0,
	"MaxStamina": 0,
    "MagnetRadius": 0,
	"Speed": 0,
	"Defense": 0,
	"Attack": 0,
    "Duration": 300,
	},
	"Price": 230,
	"IsColored": false,
	"GiftTastes":
	{
		"Love": ["Willy", "Leo", "Alissa", "Malaya", "Pika", "Sean"],
        "Like": ["Olga", "Trinnie", "Lewis"]
	},
    "Recipe":
    {
        "ResultCount": 1,
        "Ingredients": [
        {
            "Object": 834,
            "Count": 1,
        },
        {
            "Object": 184,
            "Count": 1,
        },
        {
            "Object": "Paradise Rangpur",
            "Count": 1,
        },
        ],
        "CanPurchase": false,
    },

    "NameLocalization":
    { 
    	//remove the "//" from your language
        //"es": "PLACEHOLDER",
        //"ko": "PLACEHOLDER",
        //"de": "PLACEHOLDER",
        //"fr": "PLACEHOLDER",
        //"hu": "PLACEHOLDER",
        //"it": "PLACEHOLDER",
        //"ja": "PLACEHOLDER",
        //"pt": "PLACEHOLDER",
        //"ru": "PLACEHOLDER",
        //"tr": "PLACEHOLDER",
        //"zh": "PLACEHOLDER",
    },
    "DescriptionLocalization":
    {
    	//remove the "//" from your language    	
        //"es": "PLACEHOLDER",
        //"ko": "PLACEHOLDER",
        //"de": "PLACEHOLDER",
        //"fr": "PLACEHOLDER",
        //"hu": "PLACEHOLDER",
        //"it": "PLACEHOLDER",
        //"ja": "PLACEHOLDER",
        //"pt": "PLACEHOLDER",
        //"ru": "PLACEHOLDER",
        //"tr": "PLACEHOLDER",
        //"zh": "PLACEHOLDER",
    }
}