{
  "Name": "Wild Apple Juice",
  "Description": "Makes you so Apple-ly!",
  "Category": "Cooking",
  "Price": 40,
  "Edibility": 25,
  "EdibleIsDrink": true,
  "IsColored": false,
  "GiftTastes":{
    "Love": ["Alissa", "Daia", "Shane", "Corine", "Ysabelle", "Penny", "Vincent", "Jas"],
    "Like": ["Abigail", "Emily", "Haley", "Leah", "Maru", "Penny", "Caroline", "Jodi", "Sandy", "Demetrius", "Gus", "Pierre"],
    "Dislike": ["Krobus", "Dwarf"],
    "Hate": ["Harvey"]
  },
  "Recipe":
    {
        "ResultCount": 1,
        "Ingredients": [
        {
            "Object": "Ridge Wild Apple",
            "Count": 2,
        },
        ],
        "CanPurchase": false,
    },

    "NameLocalization":
    { 
      //remove the "//" from your language
        //"es": "PLACEHOLDER",
        //"ko": "PLACEHOLDER",
        //"de": "PLACEHOLDER",
        //"fr": "PLACEHOLDER",
        //"hu": "PLACEHOLDER",
        //"it": "PLACEHOLDER",
        //"ja": "PLACEHOLDER",
        //"pt": "PLACEHOLDER",
        //"ru": "PLACEHOLDER",
        //"tr": "PLACEHOLDER",
        //"zh": "PLACEHOLDER",
    },
    "DescriptionLocalization":
    {
      //remove the "//" from your language      
        //"es": "PLACEHOLDER",
        //"ko": "PLACEHOLDER",
        //"de": "PLACEHOLDER",
        //"fr": "PLACEHOLDER",
        //"hu": "PLACEHOLDER",
        //"it": "PLACEHOLDER",
        //"ja": "PLACEHOLDER",
        //"pt": "PLACEHOLDER",
        //"ru": "PLACEHOLDER",
        //"tr": "PLACEHOLDER",
        //"zh": "PLACEHOLDER",
    }
}