{
"Changes": [
	
	/*********
	** East Scarpe
	*********/

	//Adds Eloise to Yuuma & Trinnie heart event.
	{
		"LogName": "BusStop Events with East Scarpe",
		"Action": "EditData",
		"Target": "Data/Events/BusStop",
		"When": { "HasMod: |contains=Lemurkat.JacobEloise.CP": true, },
		"Entries": {
		//Trinnie and other kids visit farmer (Trinnie 6 hearts)
			"75160108/f Trinnie 1500/t 800 1000/e 75160107/w sunny": "playful/4 23/farmer 2 23 1 Trinnie 5 23 3 Keahi 3 25 0 Vincent 4 22 2 Jas 5 24 3 Eloise 3 22 2/skippable/pause 500/emote farmer 16/pause 500/emote Trinnie 56 true/emote Vincent 32 true/emote Eloise 56 true/emote Jas 60/jump Keahi/pause 500/speak Trinnie \"{{i18n:InterModEvent.EastScarpe.Trinnie6Hearts.01}}\"/speak Eloise \"{{i18n:InterModEvent.EastScarpe.Trinnie6Hearts.02}}\"/speak Keahi \"{{i18n:InterModEvent.EastScarpe.Trinnie6Hearts.03}}\"/speak Vincent \"{{i18n:InterModEvent.EastScarpe.Trinnie6Hearts.04}}\"/speak Jas \"{{i18n:InterModEvent.EastScarpe.Trinnie6Hearts.05}}\"/emote farmer 8/pause 500/speak Trinnie \"{{i18n:InterModEvent.EastScarpe.Trinnie6Hearts.06}}\"/speak Vincent \"{{i18n:InterModEvent.EastScarpe.Trinnie6Hearts.07}}\"/speak Keahi \"{{i18n:InterModEvent.EastScarpe.Trinnie6Hearts.08}}\"/speak Eloise \"{{i18n:InterModEvent.EastScarpe.Trinnie6Hearts.09}}\"/speak Jas \"{{i18n:InterModEvent.EastScarpe.Trinnie6Hearts.10}}\"/emote Keahi 28/pause 500/emote farmer 28/pause 500/speak Trinnie \"{{i18n:InterModEvent.EastScarpe.Trinnie6Hearts.11}}\"/speak Keahi \"{{i18n:InterModEvent.EastScarpe.Trinnie6Hearts.12}}\"/speak Jas \"{{i18n:InterModEvent.EastScarpe.Trinnie6Hearts.13}}\"/speak Eloise \"{{i18n:InterModEvent.EastScarpe.Trinnie6Hearts.14}}\"/speak Vincent \"{{i18n:InterModEvent.EastScarpe.Trinnie6Hearts.15}}\"/faceDirection Trinnie 0/faceDirection Eloise 1/faceDirection Jas 0/emote Vincent 28/pause 500/speak Trinnie \"{{i18n:InterModEvent.EastScarpe.Trinnie6Hearts.16}}\"/speak Eloise \"{{i18n:InterModEvent.EastScarpe.Trinnie6Hearts.17}}\"/speak Jas \"{{i18n:InterModEvent.EastScarpe.Trinnie6Hearts.18}}\"/speak Keahi \"{{i18n:InterModEvent.EastScarpe.Trinnie6Hearts.19}}\"/emote farmer 28/pause 1000/end",
		
		//Yuuma looks at kids playing (Yuuma 4 hearts)
			"75160111/f Yuuma 1000/w sunny/e 75160110/t 1000 1200": "summer_day_ambient/15 21/farmer 11 23 1 Yuuma 15 22 0 Jas 17 15 3 Trinnie 15 15 1 Vincent 16 14 0 Keahi 18 16 0 Eloise 16 17 0/skippable/advancedMove Vincent true 2 0 0 2 -2 0 0 -2/advancedMove Keahi true -2 0 0 -2 2 0 0 2/pause 500/emote farmer 8/pause 500/move farmer 2 0 1/emote Yuuma 40/pause 500/faceDirection Yuuma 3/emote Yuuma 16/pause 500/move Yuuma 0 1 3/speak Yuuma \"{{i18n:InterModEvent.EastScarpe.Yuuma4Hearts.01}}\"/emote farmer 8/pause 500/faceDirection farmer 0/emote Yuuma 40/pause 500/faceDirection Yuuma 0/speak Yuuma \"{{i18n:InterModEvent.EastScarpe.Yuuma4Hearts.02}}\"/faceDirection Yuuma 1/speak Yuuma \"{{i18n:InterModEvent.EastScarpe.Yuuma4Hearts.03}}\"/faceDirection farmer 1/emote farmer 16/speed Yuuma 3/move Yuuma 10 0 1 true/pause 1500/end",
		},
	},
		//Adds Jacob and Eloise to Alissa's heart event.	
	{
		"LogName": "RidgesideVillage Map Events",
		"Action": "EditData",
		"Target": "Data/Events/Custom_Ridgeside_RidgesideVillage",
		"When": { "HasMod: |contains=Lemurkat.JacobEloise.CP": true, },
		"Entries": {
		//Alissa concert (Alissa 8 hearts part 2)
			"75160120/f Alissa 2000/n AlissaPerform/e 75160119/w sunny/t 900 1400": "distantBanjo/84 52/farmer 84 55 0 Alissa 84 51 1 Lenny 85 50 2 Olga 86 51 3 Bert 86 52 3 Eloise 85 44 2 Jacob 70 52 0 Keahi 85 45 2 Vincent 87 47 0 Jas 86 44 2 Trinnie 86 46 3 Pika 90 40 2 Corine 74 46 1 Alex 77 46 3 Haley 76 45 2 Penny 85 41 2 Flor 84 40 2 Maru 86 41 2 Ysabelle 75 45 2 Richard 70 49 1 Ezekiel 73 49 3 Abigail 82 49 0 Kenneth 80 52 0 Sebastian 79 51 1 Sam 80 50 2 Elliott 69 46 1 Leah 71 46 3 Maddie 77 51 2 Lola 90 51 3 Freddie 89 51 0 Lewis 71 48 2 Willy 72 50 0 Shane 75 50 2 Caroline 80 47 1 Jodi 82 47 3 Emily 81 46 2/skippable/showFrame Alissa 21/advancedMove Keahi true 0 2 2 0 0 -2 -2 0/advancedMove Vincent true 0 -2 -2 0 0 2 2 0/animate Shane false true 100 20 20 20 20 20 20 20 20 20 20 20 21 22 23 24 24 24 24 24 24 23 22 21 20 20 20 20/pause 500/move farmer 0 -2 0/emote farmer 56/pause 500/showFrame Alissa 20/emote Alissa 32/pause 500/speak Alissa \"{{i18n:event-75160120.01}}\"/emote farmer 56/pause 500/speak Lenny \"{{i18n:event-75160120.02}}\"/showFrame Alissa 21/speak Alissa \"{{i18n:event-75160120.03}}\"/speak Olga \"{{i18n:event-75160120.04}}\"/speak Bert \"{{i18n:event-75160120.05}}\"/speak Alissa \"{{i18n:event-75160120.06}}\"/faceDirection Abigail 1/speak Abigail \"{{i18n:event-75160120.07}}\"/showFrame Alissa 22/faceDirection Sam 1/speak Sam \"{{i18n:event-75160120.08}}\"/speak Sebastian \"{{i18n:event-75160120.09}}\"/emote Alissa 60/pause 500/speak Alissa \"{{i18n:event-75160120.10}}\"/speak Abigail \"{{i18n:event-75160120.11}}\"/speak Alissa \"{{i18n:event-75160120.12}}\"/faceDirection Abigail 3/showFrame Alissa 20/emote Alissa 60/pause 500/emote farmer 32/pause 500/speak Alissa \"{{i18n:event-75160120.13}}\"/pause 1000/globalFade/viewport -1000 -1000/stopMusic/speak Lenny \"{{i18n:event-75160120.14}}\"/speak Kenneth \"{{i18n:event-75160120.15}}\"/stopAdvancedMoves/warp Trinnie 73 41 true/faceDirection Trinnie 0 true/warp Eloise 76 41 true/faceDirection Eloise 0/warp Jacob 72 47 true/faceDirection Jacob 0 true/warp Keahi 72 41 true/faceDirection Keahi 0 true/warp Jas 74 41 true/faceDirection Jas 0 true/warp Vincent 75 41 true/faceDirection Vincent 0 true/warp Alex 79 45 true/faceDirection Alex 0/warp Haley 78 45 true/faceDirection Haley 0 true/warp Ysabelle 71 43 true/faceDirection Ysabelle 0 true/warp Corine 70 43 true/faceDirection Corine 0 true/warp Olga 78 42 true/faceDirection Olga 0 true/warp Bert 77 42 true/faceDirection Bert 0 true/warp farmer 74 43 true/faceDirection farmer 0 true/warp Flor 82 41 true/faceDirection Flor 3 true/warp Penny 81 42 true/faceDirection Penny 3 true/warp Maru 80 43 true/faceDirection Maru 0 true/warp Shane 72 45 true/stopAnimation Shane 0/faceDirection Shane 0 true/warp Pika 76 47 true/faceDirection Pika 0 true/warp Ezekiel 74 48 true/faceDirection Ezekiel 0 true/warp Richard 73 47 true/faceDirection Richard 0 true/warp Lewis 75 45 true/faceDirection Lewis 0 true/warp Willy 70 46 true/faceDirection Willy 0 true/warp Emily 76 43 true/faceDirection Emily 0 true/warp Maddie 66 41 true/faceDirection Maddie 1 true/warp Jodi 68 45 true/faceDirection Jodi 0 true/warp Caroline 67 45 true/faceDirection Caroline 0 true/warp Kenneth 66 43 true/faceDirection Kenneth 1 true/warp Elliott 68 42 true/warp Leah 69 42 true/faceDirection Elliott 0 true/faceDirection Leah 0 true/warp Sebastian 78 38 true/faceDirection Sebastian 2 true/positionOffset Sebastian 20 -20/warp Abigail 70 37 true/faceDirection Abigail 2 true/positionOffset Abigail 40 -24 true/warp Sam 76 37 true/showFrame Sam 20 true/warp Lenny 76 45 true/faceDirection Lenny 0 true/warp Freddie 79 47 true/warp Lola 80 47 true/faceDirection Freddie 0 true/faceDirection Lola 0 true/warp Alissa 74 38/showFrame Alissa 20/pause 800/fade/viewport 74 39/pause 1000/emote Alissa 60/pause 500/speak Alissa \"{{i18n:event-75160120.16}}\"/speak Trinnie \"{{i18n:event-75160120.17}}\"/speak Ysabelle \"{{i18n:event-75160120.18}}\"/speak Emily \"{{i18n:event-75160120.19}}\"/speak Sam \"{{i18n:event-75160120.20}}\"/positionOffset Alissa 0 5/pause 10/positionOffset Alissa 0 5/pause 10/positionOffset Alissa 0 5/pause 10/positionOffset Alissa 0 5/pause 10/positionOffset Alissa 0 5/pause 10/positionOffset Alissa 0 5/pause 10/positionOffset Alissa 0 5/pause 10/positionOffset Alissa 0 5/pause 10/positionOffset Alissa 0 5/pause 10/positionOffset Alissa 0 5/pause 10/playMusic cm:AlissaConcert/pause 1950/animate Alissa false true 400 19 19 19 27 27 19/animate Abigail false true 118 49 34 35 48/animate Sam false true 236 20 21/animate Sebastian false true 118 42 43 52 53/animate Keahi false true 236 16 17 18 17/animate Vincent false true 236 20 8 21 8/animate Emily false true 236 16 17/animate Maru false true 236 29 30/animate Olga false true 300 24 25/animate Bert false true 300 24 25/animate Emily false true 236 16 17/animate Leah false true 236 30 31/animate Elliott false true 236 36 37/animate Ysabelle false true 200 34 35/animate Corine false true 300 34 35/pause 103000/stopMusic/playMusic cm:AlissaTheme/stopAnimation Alissa/stopAnimation Sebastian/stopAnimation Abigail/stopAnimation Sam/stopAnimation Keahi/stopAnimation Vincent/stopAnimation Emily/stopAnimation Maru/stopAnimation Olga/stopAnimation Bert/stopAnimation Leah/stopAnimation Elliott/stopAnimation Ysabelle/stopAnimation Corine/speak Lewis \"{{i18n:event-75160120.21}}\"/speak Ysabelle \"{{i18n:event-75160120.22}}\"/speak Alex \"{{i18n:event-75160120.23}}\"/speak Emily \"{{i18n:event-75160120.24}}\"/speak Shane \"{{i18n:event-75160120.25}}\"/speak Lenny \"{{i18n:event-75160120.26}}\"/speak Jas \"{{i18n:event-75160120.27}}\"/speak Keahi \"{{i18n:event-75160120.28}}\"/speak Olga \"{{i18n:event-75160120.29}}\"/speak Alissa \"{{i18n:event-75160120.30}}\"/emote farmer 20/pause 300/emote Alissa 60/pause 2000/globalFade/viewport -1000 -1000/message \"{{i18n:event-75160120.31}}\"/end dialogue Alissa \"{{i18n:event-75160120.32}}\"",	


		},
	},


]
}