{
	"Changes": [


	/*********
	** Stardew Valley Expanded
	*********/	
	//Kenneth SVE Schedule Change
	{
		"LogName": "Kenneth SVE Schedule",
		"Action": "EditData",
		"Target": "Characters/schedules/Kenneth",
		"Entries": {
			"spring": "700 Town 24 54 0 kenneth_fixback/900 Town 25 61 3 kenneth_fixleft/930 Town 33 57 0 kenneth_fixback/1000 Town 37 67 1 kenneth_fixright/1030 Town 30 74 2 kenneth_fixfront/1100 Town 27 74 2 kenneth_fixfront/1130 Town 21 67 3 kenneth_fixleft/1200 Custom_Ridgeside_RidgesideVillage 80 38 3/1400 Custom_Ridgeside_RidgesideVillage 89 38 1/1800 Custom_Ridgeside_KennethHouse 5 8 3/2200 Custom_Ridgeside_KennethHouse 16 5 1 kenneth_sleep",
			"summer": "700 Town 24 54 0 kenneth_fixback/900 Town 25 61 3 kenneth_fixleft/930 Town 33 57 0 kenneth_fixback/1000 Town 37 67 1 kenneth_fixright/1030 Town 30 74 2 kenneth_fixfront/1100 Town 27 74 2 kenneth_fixfront/1130 Town 21 67 3 kenneth_fixleft/1200 Custom_Ridgeside_RidgesideVillage 84 61 2/1800 Custom_Ridgeside_KennethHouse 5 8 3/2200 Custom_Ridgeside_KennethHouse 16 5 1 kenneth_sleep",
			"fall": "700 Town 24 54 0 kenneth_fixback/900 Town 25 61 3 kenneth_fixleft/930 Town 33 57 0 kenneth_fixback/1000 Town 37 67 1 kenneth_fixright/1030 Town 30 74 2 kenneth_fixfront/1100 Town 27 74 2 kenneth_fixfront/1130 Town 21 67 3 kenneth_fixleft/1200 ScienceHouse 2 22 1/1500 Custom_Ridgeside_KennethHouse 5 8 3/2200 Custom_Ridgeside_KennethHouse 16 5 1 kenneth_sleep",
			"winter": "700 Town 24 54 0 kenneth_fixback/900 Town 25 61 3 kenneth_fixleft/930 Town 33 57 0 kenneth_fixback/1000 Town 37 67 1 kenneth_fixright/1030 Town 30 74 2 kenneth_fixfront/1100 Town 27 74 2 kenneth_fixfront/1130 Town 21 67 3 kenneth_fixleft/1200 Custom_Ridgeside_KennethHouse 5 8 3/2200 Custom_Ridgeside_KennethHouse 16 5 1 kenneth_sleep",
			"marriage_Mon": "700 Town 24 54 0 kenneth_fixback/900 Town 25 61 3 kenneth_fixleft/930 Town 33 57 0 kenneth_fixback/1000 Town 37 67 1 kenneth_fixright/1030 Town 30 74 2 kenneth_fixfront/1100 Town 27 74 2 kenneth_fixfront/1130 Town 21 67 3 kenneth_fixleft/1200 Custom_Ridgeside_RidgesideVillage 80 38 3/1400 Custom_Ridgeside_RidgesideVillage 89 38 1/2200 BusStop -1 23 3",
		},
		"When": { "HasMod: |contains=FlashShifter.StardewValleyExpandedCP": true, },
	},

	//Custom Wedding Patches (Not sure if this actually works)
	{
		"Action": "Load",
		"Target": "Data/CustomWeddingGuestPositions",
		"FromFile": "Data/LoadData/EmptyJson.json",
		"When": { "HasMod: |contains=FlashShifter.StardewValleyExpandedCP": false, },
	},
	{
		"Action": "EditData",
		"Target": "Data/CustomWeddingGuestPositions",
		"Entries": {
			"Olga": "29 69 0",
			"Trinnie": "30 69 0",
			"Bert": "31 69 0",
			"Lenny": "32 69 0"

		},
		"When": { "Relationship:Alissa": "Engaged" },
	},
	{
		"Action": "EditData",
		"Target": "Data/CustomWeddingGuestPositions",
		"Entries": {
			"Ysabelle": "29 69 0",
			"Richard": "30 69 0",
			"Ezekiel": "31 69 0",
			"Lenny": "32 69 0"

		},
		"When": { "Relationship:Corine": "Engaged" },
	},
	{
		"Action": "EditData",
		"Target": "Data/CustomWeddingGuestPositions",
		"Entries": {
			"Keahi": "29 69 0",
			"Trinnie": "30 69 0",
			"Yuuma": "31 69 0",
			"Lenny": "32 69 0"

		},
		"When": { "Relationship:Flor": "Engaged" },
	},
	{
		"Action": "EditData",
		"Target": "Data/CustomWeddingGuestPositions",
		"Entries": {
			"Aguar": "31 69 0",
			"Lenny": "32 69 0"

		},
		"When": { "Relationship:Maddie": "Engaged" },
	},
	{
		"Action": "EditData",
		"Target": "Data/CustomWeddingGuestPositions",
		"Entries": {
			"Corine": "29 69 0",
			"Richard": "30 69 0",
			"Ezekiel": "31 69 0",
			"Lenny": "32 69 0"

		},
		"When": { "Relationship:Ysabelle": "Engaged" },
	},
	{
		"Action": "EditData",
		"Target": "Data/CustomWeddingGuestPositions",
		"Entries": {
			"Lenny": "32 69 0"

		},
		"When": { "Relationship:Ian": "Engaged" },
	},
	{
		"Action": "EditData",
		"Target": "Data/CustomWeddingGuestPositions",
		"Entries": {
			"Lenny": "32 69 0"

		},
		"When": { "Relationship:Jeric": "Engaged" },
	},
	{
		"Action": "EditData",
		"Target": "Data/CustomWeddingGuestPositions",
		"Entries": {
			"Lenny": "32 69 0"

		},
		"When": { "Relationship:Kenneth": "Engaged" },
	},
	{
		"Action": "EditData",
		"Target": "Data/CustomWeddingGuestPositions",
		"Entries": {
			"Yuuma": "30 69 0",
			"Shiro": "31 69 0",
			"Lenny": "32 69 0"

		},
		"When": { "Relationship:Philip": "Engaged" },
	},
	{
		"Action": "EditData",
		"Target": "Data/CustomWeddingGuestPositions",
		"Entries": {
			"Yuuma": "29 69 0",
			"Philip": "30 69 0",
			"Lenny": "32 69 0"
		},
		"When": { "Relationship:Shiro": "Engaged" },
	},	

//SVE Versions of Festivals

	/*********
	** Flower Festival
	*********/
	{
		"Action": "EditMap",
		"Target": "Maps/Forest-FlowerFestival",
		"FromFile": "Assets/Maps/InterModMaps/FlowerFestival-Patch_SVE.tmx",
		"FromArea": { "X": 25, "Y": 8, "Width": 25, "Height": 37 },
		"ToArea": { "X": 25, "Y": 8, "Width": 25, "Height": 37 },
		"When": { "HasMod: |contains=FlashShifter.StardewValleyExpandedCP": true, "RSVNPCSAttendFestivals": true },
		"PatchMode": "ReplaceByLayer",
	},


	//Luau
	{
   "Action": "EditData",
   "Target": "Data/Festivals/summer11",
   "When": { "HasMod: |contains=FlashShifter.StardewValleyExpandedCP": true, "HasSeenEvent: |contains=6665292": false, "RSVNPCSAttendFestivals": true},
   "TextOperations": [
   
   //SetUp
		{
         "Operation": "Append",
         "Target": ["Entries", "Set-Up_additionalCharacters"],
         "Value": "Aguar 10 37 left/Alissa 25 13 left/Bert 23 9 right/Corine 18 17 right/Ezekiel 52 18 left/Flor 30 18 right/Freddie 19 12 right/Ian 35 36 down/Jeric 25 18 right/Keahi 13 8 down/Kenneth 22 6 down/Lenny 34 4 down/Lola 20 12 left/Maddie 32 19 up/Olga 24 9 left/Philip 14 16 down/Pika 53 19 left/Richard 35 4 down/Shiro 11 20 left/Trinnie 13 10 up/Ysabelle 19 16 down/Yuuma 11 21 left",
         "Delimiter": "/"
		},
	
   //MainEevent
		{
         "Operation": "Append",
         "Target": ["Entries", "MainEvent_additionalCharacters"],
         "Value": "Aguar 10 37 left/Alissa 25 13 left/Bert 23 9 right/Corine 18 17 right/Ezekiel 52 18 left/Flor 30 18 right/Freddie 19 12 right/Ian 35 36 down/Jeric 26 19 up/Keahi 13 8 down/Kenneth 22 6 right/Lenny 32 4 down/Lola 20 12 left/Maddie 32 19 up/Olga 24 9 left/Philip 14 16 down/Pika 53 19 left/Richard 35 4 down/Shiro 11 20 left/Trinnie 13 10 up/Ysabelle 19 16 down/Yuuma 11 21 left",
         "Delimiter": "/"
		},

	]	
	},

	{
   "Action": "EditData",
   "Target": "Data/Festivals/summer11",
   "When": { "HasMod: |contains=FlashShifter.StardewValleyExpandedCP": true, "HasSeenEvent: |contains=6665292": true, "RSVNPCSAttendFestivals": true},
   "TextOperations": [
   
   //SetUp
		{
         "Operation": "Append",
         "Target": ["Entries", "Set-Up_additionalCharacters"],
         "Value": "Aguar 10 37 left/Alissa 25 13 left/Bert 23 9 right/Corine 18 17 right/Ezekiel 52 18 left/Flor 30 18 right/Freddie 19 12 right/Ian 35 36 down/Jeric 25 18 right/Jio 38 31 down/Keahi 13 8 down/Kenneth 22 6 down/Kiwi 37 31 down/Lenny 30 4 down/Lola 20 12 left/Maddie 32 19 up/Olga 24 9 left/Philip 14 16 down/Pika 53 19 left/Richard 29 4 down/Shiro 11 20 left/Trinnie 13 10 up/Ysabelle 19 16 down/Yuuma 11 21 left",
         "Delimiter": "/"
		},
	
   //MainEevent
		{
         "Operation": "Append",
         "Target": ["Entries", "MainEvent_additionalCharacters"],
         "Value": "Aguar 10 37 left/Alissa 25 13 left/Bert 23 9 right/Corine 18 17 right/Ezekiel 52 18 left/Flor 30 18 right/Freddie 19 12 right/Ian 35 36 down/Jeric 26 19 up/Jio 38 31 down/Keahi 13 8 down/Kenneth 22 6 right/Kiwi 37 31 down/Lenny 30 4 down/Lola 20 12 left/Maddie 32 19 up/Olga 24 9 left/Philip 14 16 down/Pika 53 19 left/Richard 29 4 down/Shiro 11 20 left/Trinnie 13 10 up/Ysabelle 19 16 down/Yuuma 11 21 left",
         "Delimiter": "/"
		},

	]	
	},

	//Ice Festival
	{
   "Action": "EditData",
   "Target": "Data/Festivals/winter8",
   "When": { "HasMod: |contains=FlashShifter.StardewValleyExpandedCP": true, "RSVNPCSAttendFestivals": true},
   "TextOperations": [
   
   //SetUp
		{
         "Operation": "Append",
         "Target": ["Entries", "Set-Up_additionalCharacters"],
         "Value": "Aguar 94 37 left/Alissa 53 53 up/Bert 63 26 left/Corine 62 21 right/Ezekiel 65 22 left/Flor 58 35 right/Freddie 80 33 left/Ian 83 30 left/Jeric 53 51 down/Keahi 91 33 up/Kenneth 78 44 left/Lenny 69 42 up/Lola 80 34 left/Maddie 64 21 left/Olga 61 26 right/Philip 78 23 down/Pika 63 53 up/Richard 61 53 right/Shiro 88 26 left/Trinnie 89 34 left/Ysabelle 63 20 down/Yuuma 87 30 right",
         "Delimiter": "/"
		},
	
   //MainEevent
		{
         "Operation": "Append",
         "Target": ["Entries", "Main-Event_additionalCharacters"],
         "Value": "Aguar 94 37 left/Alissa 53 53 up/Bert 63 26 left/Corine 62 21 right/Ezekiel 65 22 left/Flor 58 35 right/Freddie 80 33 left/Ian 83 31 left/Jeric 53 51 down/Keahi 91 33 up/Kenneth 78 44 left/Lenny 69 42 up/Lola 80 34 left/Maddie 64 21 left/Olga 61 26 right/Philip 78 23 down/Pika 63 53 up/Richard 61 53 right/Shiro 88 26 left/Trinnie 89 34 left/Ysabelle 63 20 down/Yuuma 87 30 right",
         "Delimiter": "/"
		},

	]	
	},	

	//Spirit's Eve

	{

		"Action": "EditData",
		"Target": "Data/Festivals/fall27",
		"When": { "HasMod: |contains=FlashShifter.StardewValleyExpandedCP": true, "IsOddYear": true, "RSVNPCSAttendFestivals": true },
		"TextOperations": [

   //SetUp
   {
   	"Operation": "Append",
   	"Target": ["Entries", "Set-Up_additionalCharacters"],
   	"Value": "Aguar 22 100 down/Alissa 15 27 left/Bert 23 64 down/Corine 38 69 left/Ezekiel 38 70 left/Flor 34 38 up/Freddie 16 64 down/Ian 32 56 down/Jeric 31 64 right/Jio 34 4 down/Keahi 24 73 up/Kenneth 36 74 right/Kiwi 33 4 down/Lenny 27 69 down/Lola 17 64 down/Maddie 20 47 up/Olga 22 64 right/Philip 22 49 right/Pika 31 72 right/Richard 28 72 left/Shiro 23 49 up/Trinnie 23 72 right/Ysabelle 28 64 left/Yuuma 23 74 left",
   	"Delimiter": "/"
   },

]	
	},
	
	{
	//With SVE variant 2
	"Action": "EditData",
	"Target": "Data/Festivals/fall27",
	"When": { "HasMod: |contains=FlashShifter.StardewValleyExpandedCP": true, "IsOddYear": false },
	"TextOperations": [

   //SetUp
   {
   	"Operation": "Append",
   	"Target": ["Entries", "Set-Up_additionalCharacters"],
   	"Value": "Aguar 71 62 right/Alissa 22 65 right/Bert 24 64 down/Corine 27 67 down/Ezekiel 30 67 down/Flor 50 36 up/Freddie 36 69 left/Ian 27 54 down/Jeric 41 60 up/Jio 68 76 right/Keahi 73 30 right/Kenneth 50 64 left/Kiwi 72 77 down/Lenny 32 64 right/Lola 36 70 left/Maddie 50 68 right/Olga 23 64 down/Philip 77 38 left/Pika 26 58 right/Richard 35 64 left/Shiro 75 38 up/Trinnie 76 30 left/Ysabelle 28 67 down/Yuuma 75 32 up",
   	"Delimiter": "/"
   },

]	
},

	//Stardew Valley Fair
	{
		"Action": "EditData",
		"Target": "Data/Festivals/fall16",
		"When": { "HasMod: |contains=FlashShifter.StardewValleyExpandedCP": true, "RSVNPCSAttendFestivals": true},
		"TextOperations": [

   //SetUp
   {
   	"Operation": "Append",
   	"Target": ["Entries", "Set-Up_additionalCharacters"],
   	"Value": "Aguar 47 101 down/Alissa 33 66 right/Bert 14 53 up/Corine 18 65 right/Ezekiel 24 56 right/Flor 27 76 left/Freddie 20 27 down/Ian 17 73 down/Jeric 11 62 right/Jio 34 4 down/Keahi 36 78 up/Kenneth 22 49 up/Kiwi 33 4 down/Lenny 27 53 down/Lola 21 27 down/Maddie 24 29 up/Olga 27 60 right/Philip 24 65 up/Pika 25 23 up/Richard 23 53 down/Shiro 23 65 up/Trinnie 15 53 up/Ysabelle 19 64 down/Yuuma 34 77 right",
   	"Delimiter": "/"
   },

]	
	},

//WinterStar
{
	"Action": "EditData",
	"Target": "Data/Festivals/winter25",
	"When": { "HasMod: |contains=FlashShifter.StardewValleyExpandedCP": true, "RSVNPCSAttendFestivals": true},
	"TextOperations": [

   //SetUp
   {
   	"Operation": "Append",
   	"Target": ["Entries", "Set-Up_additionalCharacters"],
   	"Value": "Aguar 8 64 right/Alissa 25 66 left/Bert 41 57 down/Corine 32 61 left/Corine 32 61 left/Ezekiel 31 60 down/Flor 32 56 down/Freddie 38 72 left/Ian 21 71 right/Jeric 30 61 right/Jio 74 74 right/Keahi 27 70 up/Kenneth 26 55 right/Kiwi 74 75 right/Lenny 26 61 down/Lola 38 73 left/Maddie 23 53 down/Olga 21 66 right/Philip 28 55 right/Pika 33 65 right/Richard 30 74 up/Shiro 41 59 left/Trinnie 42 57 down/Ysabelle 31 74 up/Yuuma 41 60 left",
   	"Delimiter": "/"
   },

]	
},

//Egg Festival
{
	//WITH SVE
	"Action": "EditData",
	"Target": "Data/Festivals/spring13",
	"When": { "HasMod: |contains=FlashShifter.StardewValleyExpandedCP": true, "RSVNPCSAttendFestivals": true },
	"TextOperations": [

   //SetUp
   {
   	"Operation": "Append",
   	"Target": ["Entries", "Set-Up_additionalCharacters"],
   	"Value": "Aguar 38 84 up/Alissa 29 55 left/Bert 27 54 down/Corine 34 79 left/Ezekiel 36 71 left/Flor 26 57 down/Freddie 33 72 up/Ian 16 52 down/Jeric 32 76 down/Keahi 12 59 left/Kenneth 20 74 right/Lenny 24 69 right/Lola 32 72 up/Maddie 31 78 right/Olga 26 54 down/Philip 18 78 right/Pika 30 57 down/Richard 34 74 up/Shiro 19 79 up/Trinnie 10 59 right/Ysabelle 32 79 right/Yuuma 20 78 left",
   	"Delimiter": "/"
   },

   //MainEevent
   {
   	"Operation": "Append",
   	"Target": ["Entries", "MainEvent_additionalCharacters"],
   	"Value": "Aguar 38 84 up/Alissa 29 55 down/Bert 27 54 down/Corine 34 79 left/Ezekiel 36 71 left/Flor 26 57 down/Freddie 33 72 up/Ian 16 52 down/Jeric 32 76 down/Keahi 12 59 right/Kenneth 20 74 right/Lenny 24 69 right/Lola 32 72 up/Maddie 31 78 right/Olga 26 54 down/Philip 18 78 right/Pika 30 57 down/Richard 34 74 up/Shiro 19 79 up/Trinnie 12 60 right/Ysabelle 32 79 down/Yuuma 20 78 left",
   	"Delimiter": "/"
   },

]	
},

//Gathering Dialogue
{
	"LogName": "Ridgeside Gathering Dialogue for SVE",
	"Action": "EditData",
	"Target": "Data/Festivals/fall20",
	"Entries": {
		"Sophia": "{{i18n:InterModDialogue.GatheringDialogue.Sophia}}",
		"Victor": "{{i18n:InterModDialogue.GatheringDialogue.Victor}}",
		"Olivia": "{{i18n:InterModDialogue.GatheringDialogue.Olivia}}",
		"Claire": "{{i18n:InterModDialogue.GatheringDialogue.Claire}}",
		"Sophia_spouse": "{{i18n:InterModDialogue.GatheringDialogue.Sophia_spouse}}",
		"Victor_spouse": "{{i18n:InterModDialogue.GatheringDialogue.Victor_spouse}}",
		"Olivia_spouse": "{{i18n:InterModDialogue.GatheringDialogue.Olivia_spouse}}",
		"Claire_spouse": "{{i18n:InterModDialogue.GatheringDialogue.Claire_spouse}}",
		"Andy": "{{i18n:InterModDialogue.GatheringDialogue.Andy}}",
		"Martin": "{{i18n:InterModDialogue.GatheringDialogue.Martin}}",
		"Susan": "{{i18n:InterModDialogue.GatheringDialogue.Susan}}",
		"Gunther": "{{i18n:InterModDialogue.GatheringDialogue.Gunther}}",
	},
},
//Gathering Locations
{
	"Action": "EditData",
	"Target": "Data/Festivals/fall20",
	"TextOperations": [

   //SetUp
   {
   	"Operation": "Append",
   	"Target": ["Entries", "Set-Up_additionalCharacters"],
   	"Value": "Sophia 108 47 up/Victor 122 54 right/Olivia 86 51 left/Claire 74 49 up/Andy 81 46 down/Martin 102 61 up/Susan 99 60 right/Gunther 99 51 right",
   	"Delimiter": "/"
   },


   //MainEevent
   {
   	"Operation": "Append",
   	"Target": ["Entries", "MainEvent_additionalCharacters"],
   	"Value": "Sophia 88 40 right/Victor 88 41 left/Olivia 77 45 up/Claire 62 40 right/Andy 62 43 right/Martin 61 39 right/Susan 85 43 left/Gunther 87 37 left",
   	"Delimiter": "/"
   },

]	
},

//Ember of Resolutions Dialogue
{
	"LogName": "EmberOfResolutions",
	"Action": "EditData",
	"Target": "Data/Festivals/winter28",
	"Entries": {
		"Sophia": "{{i18n:InterModDialogue.EmberNightDialogue.Sophia}}",
		"Victor": "{{i18n:InterModDialogue.EmberNightDialogue.Victor}}",
		"Olivia": "{{i18n:InterModDialogue.EmberNightDialogue.Olivia}}",
		"Claire": "{{i18n:InterModDialogue.EmberNightDialogue.Claire}}",
		"Sophia_spouse": "{{i18n:InterModDialogue.EmberNightDialogue.Sophia_spouse}}",
		"Victor_spouse": "{{i18n:InterModDialogue.EmberNightDialogue.Victor_spouse}}",
		"Olivia_spouse": "{{i18n:InterModDialogue.EmberNightDialogue.Olivia_spouse}}",
		"Claire_spouse": "{{i18n:InterModDialogue.EmberNightDialogue.Claire_spouse}}",
		"Andy": "{{i18n:InterModDialogue.EmberNightDialogue.Andy}}",
		"Martin": "{{i18n:InterModDialogue.EmberNightDialogue.Martin}}",
		"Susan": "{{i18n:InterModDialogue.EmberNightDialogue.Susan}}",
		"Gunther": "{{i18n:InterModDialogue.EmberNightDialogue.Gunther}}",
	},
},		

//Ember of Resolutions Locations
{
	"Action": "EditData",
	"Target": "Data/Festivals/winter28",
	"TextOperations": [

   //SetUp
   {
   	"Operation": "Append",
   	"Target": ["Entries", "Set-Up_additionalCharacters"],
   	"Value": "Sophia 37 28 down/Victor 58 45 down/Olivia 35 45 left/Claire 25 44 right/Andy 52 30 left/Martin 25 45 left/Susan 35 35 left/Gunther 29 28 down",
   	"Delimiter": "/"
   },

   //MainEevent
   {
   	"Operation": "Append",
   	"Target": ["Entries", "MainEvent_additionalCharacters"],
   	"Value": "Sophia 29 44 right/Victor 35 51 up/Olivia 36 51 up/Claire 25 44 right/Andy 53 48 left/Martin 25 45 left/Susan 29 45 right/Gunther 56 47 left",
   	"Delimiter": "/"
   },

]	
},



]
}