{
	"Name": "Sockeye Salmon",
	"Description": "The sought after legendary fish of Ridgeside Village! It's docile and likes to eat cherries!",
	"Category": "Fish",
	"Edibility": 10,
	"EdibleIsDrink": false,
	"EdibleBuffs": null,
	"Price": 1800,
	"IsColored": false,
	"GiftTastes":
	{
		"Love": ["Willy"],
	},

    "NameLocalization":
    { 
    	//remove the "//" from your language
        //"es": "PLACEHOLDER",
        //"ko": "PLACEHOLDER",
        //"de": "PLACEHOLDER",
        //"fr": "PLACEHOLDER",
        //"hu": "PLACEHOLDER",
        //"it": "PLACEHOLDER",
        //"ja": "PLACEHOLDER",
        //"pt": "PLACEHOLDER",
        //"ru": "PLACEHOLDER",
        //"tr": "PLACEHOLDER",
        //"zh": "PLACEHOLDER",
    },
    "DescriptionLocalization":
    {
    	//remove the "//" from your language    	
        //"es": "PLACEHOLDER",
        //"ko": "PLACEHOLDER",
        //"de": "PLACEHOLDER",
        //"fr": "PLACEHOLDER",
        //"hu": "PLACEHOLDER",
        //"it": "PLACEHOLDER",
        //"ja": "PLACEHOLDER",
        //"pt": "PLACEHOLDER",
        //"ru": "PLACEHOLDER",
        //"tr": "PLACEHOLDER",
        //"zh": "PLACEHOLDER",
    }
}