{
	"Name": "Keks Style Shortcake",
	"Description": "A sweet treat! Who shaved that strawberry though?",
	"Category": "Cooking",
	"Edibility": 40,
	"EdibleIsDrink": false,
	"EdibleBuffs": {
    "Farming": 2,
    "Fishing": 0,
    "Mining": 0,
    "Luck": 0,
	"Foraging": 0,
	"MaxStamina": 0,
    "MagnetRadius": 1,
	"Speed": 1,
	"Defense": 0,
	"Attack": 0,
    "Duration": 300,
	},
	"Price": 410,
	"IsColored": false,
	"GiftTastes":
	{
		"Love": ["Ian", "Flor", "Haley", "Penny", "Lewis", "Marnie"],
        "Like": ["Keahi", "Jio", "Daia"]
	},
    "Recipe":
    {
        "ResultCount": 1,
        "Ingredients": [
        {
            "Object": 246,
            "Count": 1,
        },
        {
            "Object": 400,
            "Count": 1,
        },
        {
            "Object": 176,
            "Count": 1,
        },
        {
            "Object": "Cherry Pluot",
            "Count": 1,
        }
        ],
        "CanPurchase": false,
    },

    "NameLocalization":
    { 
    	//remove the "//" from your language
        //"es": "PLACEHOLDER",
        //"ko": "PLACEHOLDER",
        //"de": "PLACEHOLDER",
        //"fr": "PLACEHOLDER",
        //"hu": "PLACEHOLDER",
        //"it": "PLACEHOLDER",
        //"ja": "PLACEHOLDER",
        //"pt": "PLACEHOLDER",
        //"ru": "PLACEHOLDER",
        //"tr": "PLACEHOLDER",
        //"zh": "PLACEHOLDER",
    },
    "DescriptionLocalization":
    {
    	//remove the "//" from your language    	
        //"es": "PLACEHOLDER",
        //"ko": "PLACEHOLDER",
        //"de": "PLACEHOLDER",
        //"fr": "PLACEHOLDER",
        //"hu": "PLACEHOLDER",
        //"it": "PLACEHOLDER",
        //"ja": "PLACEHOLDER",
        //"pt": "PLACEHOLDER",
        //"ru": "PLACEHOLDER",
        //"tr": "PLACEHOLDER",
        //"zh": "PLACEHOLDER",
    }
}