{
	"Name": "Clementine Cake",
	"Description": "This will suite your peelings.",
	"Category": "Cooking",
	"Edibility": 50,
	"EdibleIsDrink": false,
	"EdibleBuffs": {
    "Farming": 0,
    "Fishing": 0,
    "Mining": 0,
    "Luck": 0,
	"Foraging": 3,
	"MaxStamina": 2,
    "MagnetRadius": 0,
	"Speed": 0,
	"Defense": 0,
	"Attack": 0,
    "Duration": 300,
	},
	"Price": 370,
	"IsColored": false,
	"GiftTastes":
	{
		"Love": ["Philip", "Corine", "Jio", "Ezekiel", "Richard", "Shanice"],
        "Like": ["Lola", "Pika", "George"]
	},
    "Recipe":
    {
        "ResultCount": 1,
        "Ingredients": [
        {
            "Object": 246,
            "Count": 1,
        },
        {
            "Object": 245,
            "Count": 1,
        },
        {
            "Object": 635,
            "Count": 1,
        },
        {
            "Object": "Ridgeside Clementine",
            "Count": 2,
        }
        ],
        "CanPurchase": false,
    },

    "NameLocalization":
    { 
    	//remove the "//" from your language
        //"es": "PLACEHOLDER",
        //"ko": "PLACEHOLDER",
        //"de": "PLACEHOLDER",
        //"fr": "PLACEHOLDER",
        //"hu": "PLACEHOLDER",
        //"it": "PLACEHOLDER",
        //"ja": "PLACEHOLDER",
        //"pt": "PLACEHOLDER",
        //"ru": "PLACEHOLDER",
        //"tr": "PLACEHOLDER",
        //"zh": "PLACEHOLDER",
    },
    "DescriptionLocalization":
    {
    	//remove the "//" from your language    	
        //"es": "PLACEHOLDER",
        //"ko": "PLACEHOLDER",
        //"de": "PLACEHOLDER",
        //"fr": "PLACEHOLDER",
        //"hu": "PLACEHOLDER",
        //"it": "PLACEHOLDER",
        //"ja": "PLACEHOLDER",
        //"pt": "PLACEHOLDER",
        //"ru": "PLACEHOLDER",
        //"tr": "PLACEHOLDER",
        //"zh": "PLACEHOLDER",
    }
}