{
	"Changes": [
	/*********
	** AntiSocial NPCs
	*********/	
		{
			"LogName": "Antisocial NPCs",
			"Action": "EditData",
			"Target": "Data/AntiSocialNPCs",
			"Entries": {
				"Undreya": true,
				"Helen": true,
				"Kiwi": true,
				"Jio": true,
				"Daia": true,
				"Belinda": true,
				"Raeriyala": true,
				"Bliss": true,
				"Sari": true,
				"Pipo": true,
				"Acorn": true,
				"Naomi": true,
				"Malaya": true,
				"Kimpoi": true,	
				"Zayne": true,	
				"Bryle": true,	
				"Acorn": true,	
				"TreehouseGirl": true,		
			}
		},
],
}