{
	"Changes": [

	/*********
	** NPC Exclusions
	*********/
		{
			"Action": "EditData",
			"Target": "Data/CustomNPCExclusions",
			"Entries": {
				"Kiwi": "TownEvent TownQuest OtherEvent",
				"Undreya": "ALL",
				"Helen": "ALL",
				"Belinda": "ALL",
				"Bliss": "ALL",
				"Sari": "ALL",
				"Pipo": "ALL",
				"Acorn": "ALL",
				"Naomi": "TownEvent TownQuest",
				"Malaya": "TownEvent TownQuest",
				"Kimpoi": "TownEvent TownQuest",
				"Raeriyala": "ALL",
				"Zayne": "ALL",
				"Bryle": "ALL",
				"Daia": "TownEvent TownQuest OtherEvent",
				"Jio": "TownEvent TownQuest OtherEvent",
				"TreehouseGirl": "ALL",

				"Anton": "MovieInvite IslandEvent",
				"Ariah": "MovieInvite IslandEvent",
				"Blair": "MovieInvite IslandEvent",
				"Carmen": "MovieInvite IslandEvent",
				"Faye": "MovieInvite IslandEvent",
				"Irene": "MovieInvite IslandEvent",
				"Kiarra": "MovieInvite IslandEvent",
				"Lorenzo": "MovieInvite IslandEvent",
				"Louie": "MovieInvite IslandEvent",
				"Maive": "MovieInvite IslandEvent",
				"Paula": "MovieInvite IslandEvent",
				"Sean": "MovieInvite IslandEvent",
				"Shanice": "MovieInvite IslandEvent",
				"Sonny": "MovieInvite IslandEvent",
			}
		},

//Easy introduction config
		{
			"Action": "EditData",
			"Target": "Data/CustomNPCExclusions",
			"When": {
				"EasyIntroduction": true
			},
			"Entries": {

				"Ian": "Socialize",
				"Jeric": "Socialize",
				"Kenneth": "Socialize",
				"Philip": "Socialize",
				"Shiro": "Socialize",
				"Alissa": "Socialize",
				"Flor": "Socialize",
				"Maddie": "Socialize",
				"Ysabelle": "Socialize",
				"Aguar": "Socialize",
				"Bert": "Socialize",
				"Ezekiel": "Socialize",
				"Freddie": "Socialize",
				"Keahi": "Socialize",
				"Lenny": "Socialize",
				"Lola": "Socialize",
				"Pika": "Socialize",
				"Richard": "Socialize",
				"Trinnie": "Socialize",
				"Yuuma": "Socialize",
				"Anton": "Socialize MovieInvite IslandEvent",
				"Ariah": "Socialize MovieInvite IslandEvent",
				"Blair": "Socialize MovieInvite IslandEvent",
				"Carmen": "Socialize MovieInvite IslandEvent",
				"Faye": "Socialize MovieInvite IslandEvent",
				"Irene": "Socialize MovieInvite IslandEvent",
				"Kiarra": "Socialize MovieInvite IslandEvent",
				"Lorenzo": "Socialize MovieInvite IslandEvent",
				"Louie": "Socialize MovieInvite IslandEvent",
				"Maive": "Socialize MovieInvite IslandEvent",
				"Paula": "Socialize MovieInvite IslandEvent",
				"Sean": "Socialize MovieInvite IslandEvent",
				"Shanice": "Socialize MovieInvite IslandEvent",
				"Sonny": "Socialize MovieInvite IslandEvent",
			}
		},

],
}