{
"Changes": [

   //Load sprites
   {
      "Action": "Load",
      "Target": "Characters/RSVTourists/Guest1, Characters/RSVTourists/Guest2, Characters/RSVTourists/Guest3, Characters/RSVTourists/Guest4, Characters/RSVTourists/Guest5, Characters/RSVTourists/Guest6, Characters/RSVTourists/Guest7, Characters/RSVTourists/Guest8, Characters/RSVTourists/Guest9, Characters/RSVTourists/Guest10",
      "FromFile": "Assets/LooseSprites/Tourists/{{TargetWithoutPath}}.png"
   },

   //Custom Companions Spawners

   //Halls
   {
      "Action": "EditMap",
      "Target": "Maps/Custom_Ridgeside_LogCabinHotel2ndFloor",
      "MapTiles": [
         {
            "Position": { "X": 31, "Y": 21 },
            "Layer": "Back",
            "SetProperties": {
               "CustomCompanions": "Spawn 1 Rafseazz.RSVCC.Guest{{RandomGuestNumber10}}"
            }
         }
      ],
      "When": { "Query: {{RandomNumber}} >= 3": true }
   },
   {
      "Action": "EditMap",
      "Target": "Maps/Custom_Ridgeside_LogCabinHotel2ndFloor",
      "MapTiles": [
         {
            "Position": { "X": 30, "Y": 15 },
            "Layer": "Back",
            "SetProperties": {
               "CustomCompanions": "Spawn 1 Rafseazz.RSVCC.Guest{{RandomGuestNumber7}}"
            }
         }
      ],
      "When": { "RandomNumber": "{{Range: 1,6}}" }
   },
   {
      "Action": "EditMap",
      "Target": "Maps/Custom_Ridgeside_LogCabinHotel2ndFloor",
      "MapTiles": [
         {
            "Position": { "X": 31, "Y": 11 },
            "Layer": "Back",
            "SetProperties": {
               "CustomCompanions": "Spawn 1 Rafseazz.RSVCC.Guest{{RandomGuestNumber3}}"
            }
         }
      ],
      "When": { "RandomNumber": "{{Range: 7,9}}" }
   },

   //Single rooms
   //room 1
   {
      "Action": "EditMap",
      "Target": "Maps/Custom_Ridgeside_LogCabinHotel2ndFloor",
      "MapTiles": [
         {
            "Position": { "X": 40, "Y": 6 },
            "Layer": "Back",
            "SetProperties": {
               "CustomCompanions": "Spawn 1 Rafseazz.RSVCC.Guest{{RandomGuestNumber1}}"
            }
         }
      ],
      "When": { "Query: {{RandomNumber}} >= 5": true }
   },

   //room 2
   {
      "Action": "EditMap",
      "Target": "Maps/Custom_Ridgeside_LogCabinHotel2ndFloor",
      "MapTiles": [
         {
            "Position": { "X": 50, "Y": 6 },
            "Layer": "Back",
            "SetProperties": {
               "CustomCompanions": "Spawn 1 Rafseazz.RSVCC.Guest{{RandomGuestNumber2}}"
            }
         }
      ],
      "When": { "RandomNumber": "{{Range: 5,7}}" }
   },

   //room 3
   {
      "Action": "EditMap",
      "Target": "Maps/Custom_Ridgeside_LogCabinHotel2ndFloor",
      "MapTiles": [
         {
            "Position": { "X": 40, "Y": 23 },
            "Layer": "Back",
            "SetProperties": {
               "CustomCompanions": "Spawn 1 Rafseazz.RSVCC.Guest{{RandomGuestNumber3}}"
            }
         }
      ],
      "When": { "Query: {{RandomNumber}} >= 4": true }
   },

   //room 4
   {
      "Action": "EditMap",
      "Target": "Maps/Custom_Ridgeside_LogCabinHotel2ndFloor",
      "MapTiles": [
         {
            "Position": { "X": 50, "Y": 23 },
            "Layer": "Back",
            "SetProperties": {
               "CustomCompanions": "Spawn 1 Rafseazz.RSVCC.Guest{{RandomGuestNumber4}}"
            }
         }
      ],
      "When": { "RandomNumber": "{{Range: 2,4}}" }
   },

   //Double bed rooms
   //room 1
   {
      "Action": "EditMap",
      "Target": "Maps/Custom_Ridgeside_LogCabinHotel2ndFloor",
      "MapTiles": [
         {
            "Position": { "X": 56, "Y": 6 },
            "Layer": "Back",
            "SetProperties": {
               "CustomCompanions": "Spawn 1 Rafseazz.RSVCC.Guest{{RandomGuestNumber5}}"
            }
         }
      ],
      "When": { "Query: {{RandomNumber}} > 7": true }
   },
   {
      "Action": "EditMap",
      "Target": "Maps/Custom_Ridgeside_LogCabinHotel2ndFloor",
      "MapTiles": [
         {
            "Position": { "X": 61, "Y": 6 },
            "Layer": "Back",
            "SetProperties": {
               "CustomCompanions": "Spawn 1 Rafseazz.RSVCC.Guest{{RandomGuestNumber6}}"
            }
         }
      ],
      "When": { "RandomNumber": "{{Range: 5,10}}" }
   },


   //room 2
   {
      "Action": "EditMap",
      "Target": "Maps/Custom_Ridgeside_LogCabinHotel2ndFloor",
      "MapTiles": [
         {
            "Position": { "X": 66, "Y": 6 },
            "Layer": "Back",
            "SetProperties": {
               "CustomCompanions": "Spawn 1 Rafseazz.RSVCC.Guest{{RandomGuestNumber7}}"
            }
         }
      ],
      "When": { "RandomNumber": "{{Range: 1,3}}" }
   },
   {
      "Action": "EditMap",
      "Target": "Maps/Custom_Ridgeside_LogCabinHotel2ndFloor",
      "MapTiles": [
         {
            "Position": { "X": 71, "Y": 6 },
            "Layer": "Back",
            "SetProperties": {
               "CustomCompanions": "Spawn 1 Rafseazz.RSVCC.Guest{{RandomGuestNumber8}}"
            }
         }
      ],
      "When": { "RandomNumber": "{{Range: 2,5}}" }
   },

   //room 3
   {
      "Action": "EditMap",
      "Target": "Maps/Custom_Ridgeside_LogCabinHotel2ndFloor",
      "MapTiles": [
         {
            "Position": { "X": 56, "Y": 23 },
            "Layer": "Back",
            "SetProperties": {
               "CustomCompanions": "Spawn 1 Rafseazz.RSVCC.Guest{{RandomGuestNumber9}}"
            }
         }
      ],
      "When": { "Query: {{RandomNumber}} < 3": true }
   },
   {
      "Action": "EditMap",
      "Target": "Maps/Custom_Ridgeside_LogCabinHotel2ndFloor",
      "MapTiles": [
         {
            "Position": { "X": 61, "Y": 23 },
            "Layer": "Back",
            "SetProperties": {
               "CustomCompanions": "Spawn 1 Rafseazz.RSVCC.Guest{{RandomGuestNumber10}}"
            }
         }
      ],
      "When": { "RandomNumber": "{{Range: 1,5}}" }
   },


   //room 4
   {
      "Action": "EditMap",
      "Target": "Maps/Custom_Ridgeside_LogCabinHotel2ndFloor",
      "MapTiles": [
         {
            "Position": { "X": 66, "Y": 23 },
            "Layer": "Back",
            "SetProperties": {
               "CustomCompanions": "Spawn 1 Rafseazz.RSVCC.Guest{{RandomGuestNumber1}}"
            }
         }
      ],
      "When": { "RandomNumber": "{{Range: 4,8}}" }
   },
   {
      "Action": "EditMap",
      "Target": "Maps/Custom_Ridgeside_LogCabinHotel2ndFloor",
      "MapTiles": [
         {
            "Position": { "X": 71, "Y": 23 },
            "Layer": "Back",
            "SetProperties": {
               "CustomCompanions": "Spawn 1 Rafseazz.RSVCC.Guest{{RandomGuestNumber2}}"
            }
         }
      ],
      "When": { "RandomNumber": "{{Range: 6,9}}" }
   },
]
}