{
"Changes": [
	
//NPCs for NPC Map Locations

	{
	"LogName": "NPC Sprite Offsets", 
	"Action": "EditData",
	"Target": "Mods/Bouhm.NPCMapLocations/NPCs",
	"When": { "HasMod: |contains=Yagisan.NPCMapLocationsForNPCs": false, "HasMod: |contains=Bouhm.NPCMapLocations": true },	  
	  "Entries": {

		// Adds NPCs

		"Aguar": {
			"MarkerCropOffset": 1
		},
		"Alissa": {
			"MarkerCropOffset": 6
		},
		"Bert": {
			"MarkerCropOffset": -1
		},
		"Corine": {
			"MarkerCropOffset": 3
		},
		"Ezekiel": {
			"MarkerCropOffset": 0
		},
		"Flor": {
			"MarkerCropOffset": 3
		},
		"Freddie": {
			"MarkerCropOffset": 2
		},
		"Ian": {
			"MarkerCropOffset": -1
		},
		"Jeric": {
			"MarkerCropOffset": -1
		},
		"Jio": {
			"MarkerCropOffset": 0
		},
		"Keahi": {
			"MarkerCropOffset": 7
		},
		"Kenneth": {
			"MarkerCropOffset": -1
		},
		"Kiwi": {
			"MarkerCropOffset": 16
		},
		"Lenny": {
			"MarkerCropOffset": 3
		},
		"Lola": {
			"MarkerCropOffset": 3
		},
		"Maddie": {
			"MarkerCropOffset": 3
		},
		"Olga": {
			"MarkerCropOffset": 3
		},
		"Philip": {
			"MarkerCropOffset": -1
		},
		"Pika": {
			"MarkerCropOffset": -1
		},
		"Richard": {
			"MarkerCropOffset": 1
		},
		"Shiro": {
			"MarkerCropOffset": -1
		},
		"Trinnie": {
			"MarkerCropOffset": 7
		},
		"Ysabelle": {
			"MarkerCropOffset": 3
		},
		"Yuuma": {
			"MarkerCropOffset": 6
		},
		"Helen": {
			"Exclude": true
		},
		"Undreya": {
			"Exclude": true
		},

		}
	},
	
]
}