{
"Changes": [

	{
		"LogName": "Corine Base Schedule",
		"Action": "EditData",
		"Target": "Characters/Schedules/Corine",
		"Entries": {

			"spring": "610 Custom_Ridgeside_EzekielHouse 16 5 0 square_3_1_0/900 Custom_Ridgeside_RidgesideVillage 81 56 2 square_2_1_2/2300 Custom_Ridgeside_EzekielHouse 31 5 0 corine_sleep",
			"summer": "610 Custom_Ridgeside_EzekielHouse 16 5 0 square_3_1_0/900 Custom_Ridgeside_RidgesideVillage 81 56 2 square_2_1_2/2300 Custom_Ridgeside_EzekielHouse 31 5 0 corine_sleep",
			"fall": "610 Custom_Ridgeside_RidgesideVillage 25 58 1/900 Custom_Ridgeside_RidgesideVillage 81 56 2 square_2_1_2/2300 Custom_Ridgeside_EzekielHouse 31 5 0 corine_sleep",
			"winter": "610 Custom_Ridgeside_EzekielHouse 16 5 0 square_3_1_0/900 Custom_Ridgeside_RidgesideVillage 81 56 2 square_2_1_2/2300 Custom_Ridgeside_EzekielHouse 31 5 0 corine_sleep",
			"rain": "610 Custom_Ridgeside_EzekielHouse 16 5 0 square_3_1_0/1000 Custom_Ridgeside_LogCabinHotelLobby 14 8 0/1400 Custom_Ridgeside_LogCabinHotelLobby 20 14 2/1800 Custom_Ridgeside_EzekielHouse 31 5 0 corine_sleep",
			"Fri": "610 Custom_Ridgeside_EzekielHouse 16 5 0 square_3_1_0/800 SeedShop 13 25 1/1300 Saloon 16 18 2 square_2_1_2/2300 Custom_Ridgeside_EzekielHouse 31 5 0 corine_sleep",
			"Sun": "610 Custom_Ridgeside_EzekielHouse 16 5 0 square_3_1_0/900 Custom_Ridgeside_RidgesideVillage 81 56 2 square_2_1_2/1600 Custom_Ridgeside_RidgesideVillage 117 41 2/1800 Custom_Ridgeside_EzekielHouse 16 5 0 square_3_1_0/2300 Custom_Ridgeside_EzekielHouse 31 5 0 corine_sleep",
			"winter_17": "610 Custom_Ridgeside_EzekielHouse 16 5 0 square_3_1_0/700 SeedShop 13 25 1/1300 Beach 13 29 1/2600 Custom_Ridgeside_EzekielHouse 31 5 0 corine_sleep",
			
			//Marriage Schedule
			"marriage_Mon": "900 Custom_Ridgeside_RidgesideVillage 81 56 2 square_2_1_2/1800 BusStop -1 23 3",
			"marriage_Wed": "900 Custom_Ridgeside_RidgesideVillage 81 56 2 square_2_1_2/1800 BusStop -1 23 3",
			"marriage_Thu": "610 Custom_Ridgeside_RidgesideVillage 133 86 2 corine_train/1200 Custom_Ridgeside_RidgesideVillage 140 86 2 corine_meditate/1500 Custom_Ridgeside_RidgesideVillage 135 87 1 corine_slash/1900 Custom_Ridgeside_EzekielHouse 24 5 0/2200 Custom_Ridgeside_Ridge 76 38 2",
			"marriage_Fri": "800 SeedShop 13 25 1/1300 Saloon 16 18 2 square_2_1_2/2200 BusStop -1 23 3",
			"marriage_winter_17": "800 SeedShop 13 25 1/1500 Beach 13 29 1/2200 BusStop -1 23 3",

					},
	},

]
}