{
"Changes": [

	{
		"LogName": "Jason Base Schedule",
		"Action": "EditData",
		"Target": "Characters/Schedules/Jason",
		"Entries": {

			"spring": "610 Custom_Ridgeside_MouseHouse 9 5 3/700 Custom_Ridgeside_MouseHouse 4 5 2",
			"summer": "610 Custom_Ridgeside_MouseHouse 9 5 3/800 Custom_Ridgeside_MouseHouse 4 5 2",
			"fall": "610 Custom_Ridgeside_MouseHouse 9 5 3/800 Custom_Ridgeside_MouseHouse 4 5 2",
			"winter": "610 Custom_Ridgeside_MouseHouse 9 5 3/800 Custom_Ridgeside_MouseHouse 4 5 2",
			"rain": "610 Custom_Ridgeside_MouseHouse 9 5 3/800 Custom_Ridgeside_MouseHouse 4 5 2",
	
					},
	},

]
}