{

			"spring": "610 Custom_Ridgeside_RSVNinjaHouse 6 8 2 kiwi_frontflip/1200 Custom_Ridgeside_Ridge 76 37 0/2000 Custom_Ridgeside_Ridge 64 31 1/2400 Custom_Ridgeside_RSVNinjaHouse 8 7 0 kiwi_sleep",
			"summer": "610 Custom_Ridgeside_RSVNinjaHouse 6 8 2 kiwi_frontflip/1200 Custom_Ridgeside_Ridge 76 37 0/2000 Custom_Ridgeside_Ridge 64 31 1/2400 Custom_Ridgeside_RSVNinjaHouse 8 7 0 kiwi_sleep",
			"fall": "610 Custom_Ridgeside_RSVNinjaHouse 6 8 2 kiwi_frontflip/1200 Custom_Ridgeside_Ridge 76 37 0/2000 Custom_Ridgeside_Ridge 64 31 1/2400 Custom_Ridgeside_RSVNinjaHouse 8 7 0 kiwi_sleep",
			"winter": "610 Custom_Ridgeside_RSVNinjaHouse 6 8 2 kiwi_frontflip/1200 Custom_Ridgeside_Ridge 76 37 0/2000 Custom_Ridgeside_Ridge 64 31 1/2400 Custom_Ridgeside_RSVNinjaHouse 8 7 0 kiwi_sleep",
			"rain": "610 Custom_Ridgeside_RSVNinjaHouse 6 8 2 kiwi_frontflip/1200 Custom_Ridgeside_Ridge 76 37 0/2000 Custom_Ridgeside_Ridge 64 31 1/2400 Custom_Ridgeside_RSVNinjaHouse 8 7 0 kiwi_sleep",
			"3": "610 Forest 33 97 2 kiwi_frontflip/1200 Forest 39 8 2/1600 Custom_Ridgeside_RSVNinjaHouse 8 7 3/2400 Custom_Ridgeside_RSVNinjaHouse 8 7 0 kiwi_sleep",
			"14": "GOTO 3",
			"20": "GOTO 3",
			"winter_15": "610 Custom_Ridgeside_RSVNinjaHouse 6 8 2 kiwi_frontflip/1200 Beach 43 24 2/2600 Custom_Ridgeside_RSVNinjaHouse 8 7 0 kiwi_sleep",
	
					},