{
"Changes": [

	{
		"LogName": "Shiro Base Schedule",
		"Action": "EditData",
		"Target": "Characters/Schedules/Shiro",
		"Entries": {

			"spring": "900 Custom_Ridgeside_ShiroHouse 3 9 2/1530 Custom_Ridgeside_RidgesideVillage 127 31 2/1800 Custom_Ridgeside_ShiroHouse 3 6 2/2200 Custom_Ridgeside_ShiroHouse 10 5 0 shiro_sleep",
			"summer": "900 Custom_Ridgeside_ShiroHouse 3 9 2/1530 Custom_Ridgeside_RidgesideVillage 127 31 2/1800 Custom_Ridgeside_ShiroHouse 3 6 2/2200 Custom_Ridgeside_ShiroHouse 10 5 0 shiro_sleep",
			"fall": "900 Custom_Ridgeside_ShiroHouse 3 9 2/1530 Custom_Ridgeside_RidgesideVillage 127 31 2/1800 Custom_Ridgeside_ShiroHouse 3 6 2/2200 Custom_Ridgeside_ShiroHouse 10 5 0 shiro_sleep",
			"winter": "900 Custom_Ridgeside_ShiroHouse 3 9 2/1530 Custom_Ridgeside_RidgesideVillage 127 31 2/1800 Custom_Ridgeside_ShiroHouse 3 6 2/2200 Custom_Ridgeside_ShiroHouse 10 5 0 shiro_sleep",
			"rain": "900 Custom_Ridgeside_ShiroHouse 2 5 0/1200 Custom_Ridgeside_ShiroHouse 3 6 2/1500 Custom_Ridgeside_ShiroHouse 19 5 3/1800 Custom_Ridgeside_ShiroHouse 3 6 2/2200 ShiroHouse 10 5 0 shiro_sleep",
			"Sun": "900 Hospital 13 16 1/1300 SeedShop 13 18 2/1600 Custom_Ridgeside_ShiroHouse 3 6 2/2200 Custom_Ridgeside_ShiroHouse 10 5 0 shiro_sleep",
			"Mon": "900 Custom_Ridgeside_ShiroHouse 3 9 2/1030 Custom_Ridgeside_RSVCliff 5 19 2 square_1_2_2/1200 Town 15 53 2/1400 Town 26 30 0/1500 Town 59 28 0/1600 Town 44 80 3/1800 Custom_Ridgeside_ShiroHouse 3 6 2/2200 Custom_Ridgeside_ShiroHouse 10 5 0 shiro_sleep",
			"winter_16": "900 Custom_Ridgeside_ShiroHouse 3 9 2/1530 Custom_Ridgeside_RidgesideVillage 127 31 2/1700 Beach 13 21 2/2600 Custom_Ridgeside_ShiroHouse 10 5 0 shiro_sleep",
		
			//Marriage Schedule
			"marriage_Mon": "1000 Custom_Ridgeside_RSVCliff 5 19 2 square_1_2_2/1200 Town 17 53 2/1400 Town 26 30 0/1500 Town 59 28 0/1600 Town 44 80 3/2000 BusStop -1 23 3",
			"marriage_Wed": "900 Custom_Ridgeside_ShiroHouse 3 9 2/1530 Custom_Ridgeside_RidgesideVillage 127 31 2/1800 Custom_Ridgeside_ShiroHouse 3 6 2/2200 BusStop -1 23 3",
			"marriage_Sun": "900 Hospital 13 16 1/1300 SeedShop 13 18 2/1600 Custom_Ridgeside_ShiroHouse 3 6 2/2200 BusStop -1 23 3",
			"marriage_winter_16": "900 Hospital 13 16 1/1400 Beach 13 21 2/2200 BusStop -1 23 3",
	
					},
	},

]
}