{
	"Name": "Bladetail Sturgeon",
	"Description": "A very dangerous fish. It's tail is as sharp as a blade. It is believed that their endangered status is caused by overhunting, for their tails may have served as arrow heads in ancient times.",
	"Category": "Fish",
	"Edibility": 10,
	"EdibleIsDrink": false,
	"EdibleBuffs": null,
	"Price": 2000,
	"IsColored": false,
	"GiftTastes":
	{
		"Love": ["Corine"],
	},
	"NameLocalization":
	{
		//
	},
	"DescriptionLocalization":
	{
		//
	},
}