{
	"Name": "Golden Rose Fin",
	"Description": "A small fish with wide, yet thin fins. As it swims, the movement of these unique fins lend an appearance of dancing as it twirls and moves across the water.",
	"Category": "Fish",
	"Edibility": 10,
	"EdibleIsDrink": false,
	"EdibleBuffs": null,
	"Price": 260,
	"IsColored": false,
	"GiftTastes":
	{
		"Love": ["Ysabelle"],
	},

    "NameLocalization":
    { 
    	//remove the "//" from your language
        //"es": "PLACEHOLDER",
        //"ko": "PLACEHOLDER",
        //"de": "PLACEHOLDER",
        //"fr": "PLACEHOLDER",
        //"hu": "PLACEHOLDER",
        //"it": "PLACEHOLDER",
        //"ja": "PLACEHOLDER",
        //"pt": "PLACEHOLDER",
        //"ru": "PLACEHOLDER",
        //"tr": "PLACEHOLDER",
        //"zh": "PLACEHOLDER",
    },
    "DescriptionLocalization":
    {
    	//remove the "//" from your language    	
        //"es": "PLACEHOLDER",
        //"ko": "PLACEHOLDER",
        //"de": "PLACEHOLDER",
        //"fr": "PLACEHOLDER",
        //"hu": "PLACEHOLDER",
        //"it": "PLACEHOLDER",
        //"ja": "PLACEHOLDER",
        //"pt": "PLACEHOLDER",
        //"ru": "PLACEHOLDER",
        //"tr": "PLACEHOLDER",
        //"zh": "PLACEHOLDER",
    }
}