{
"Changes": [

	{
		"Action": "EditData",
		"Target": "Characters/Schedules/Acorn",
		"Entries": {
			"spring": "2400 Custom_Ridgeside_RSVHiddenWarp2 1 1 2",
					},
	},

	{
		"Action": "EditData",
		"Target": "Characters/Schedules/Acorn",
		"When": { "HasSeenEvent": 75160273 },
		"Entries": {
			"spring": "0 Custom_Ridgeside_RSVTheHike 44 61 2/610 Custom_Ridgeside_RSVTheHike 44 60 2 acorn_bobble/1800 Custom_Ridgeside_RSVTheHike 62 21 1 acorn_carve/2000 Custom_Ridgeside_RSVTheHike 57 44 2 acorn_sleep",
					},
	},


]
}