{
"Changes": [

	{
		"Action": "EditData",
		"Target": "Characters/Schedules/Anton",
		"Entries": {
			"spring": "900 Custom_Ridgeside_3Bros2ndFloor 6 14 1/1130 Custom_Ridgeside_RidgesideVillage 89 48 2/1430 Custom_Ridgeside_PaulaClinic 3 12 1/1730 Custom_Ridgeside_RidgesideVillage 89 48 2/2200 Custom_Ridgeside_3Bros2ndFloor 18 12 0 anton_sleep",

			"Wed": "700 Custom_Ridgeside_Ridge 8 27 2/1000 Custom_Ridgeside_RidgesideVillage 89 48 2/1430 Custom_Ridgeside_PaulaClinic 3 12 1/1800 Custom_Ridgeside_RidgesideVillage 89 48 2/2200 Custom_Ridgeside_3Bros2ndFloor 18 12 0 anton_sleep",

			"rain": "1030 Custom_Ridgeside_3Bros 13 7 3/1300 Custom_Ridgeside_PaulaClinic 3 12 1/1630 Custom_Ridgeside_LogCabinHotelLobby 18 13 2/2100 Custom_Ridgeside_3Bros2ndFloor 18 12 0 anton_sleep"
					},
	},

]
}