{
"Changes": [

	{
		"Action": "EditData",
		"Target": "Characters/Schedules/Ariah",
		"Entries": {
			"spring": "630 Custom_Ridgeside_PurpleMansion2ndFloor 6 5 0/730 Custom_Ridgeside_PurpleMansion 30 7 2/1300 Custom_Ridgeside_PurpleMansion 51 30 0/1730 Custom_Ridgeside_PurpleMansion 32 30 2 ariah_read/2100 Custom_Ridgeside_PurpleMansion2ndFloor 3 5 2 ariah_sleep",

			"Sat": "730 Custom_Ridgeside_PurpleMansion2ndFloor 6 5 0/800 Custom_Ridgeside_PurpleMansion 23 10 1/1100 Custom_Ridgeside_PurpleMansion 51 30 0/1500 Custom_Ridgeside_RidgesideVillage 108 69 2 ariah_read/1830 Custom_Ridgeside_PurpleMansion2ndFloor 6 21 1/2100 Custom_Ridgeside_PurpleMansion2ndFloor 3 5 2 ariah_sleep",

			"rain": "730 Custom_Ridgeside_PurpleMansion 23 10 1/1000 Custom_Ridgeside_PurpleMansion 51 30 0/1430 Custom_Ridgeside_PurpleMansion 46 5 2 ariah_read/1730 Custom_Ridgeside_PurpleMansion 32 30 2 ariah_read/2100 Custom_Ridgeside_PurpleMansion2ndFloor 3 5 2 ariah_sleep"
					},
	},

]
}