{
"Changes": [

	{
		"LogName": "Bert Base Schedule",
		"Action": "EditData",
		"Target": "Characters/Schedules/Bert",
		"Entries": {

			"spring": "610 Custom_Ridgeside_BertHouse 6 8 3/1000 Custom_Ridgeside_RidgesideVillage 90 119 0/1500 Custom_Ridgeside_RidgesideVillage 88 40 3/2200 Custom_Ridgeside_BertHouse2ndFloor 1 5 0 bert_sleep",
			"summer": "610 Custom_Ridgeside_BertHouse 6 8 3/1000 Custom_Ridgeside_RidgesideVillage 90 119 0/1600 Custom_Ridgeside_RidgesideVillage 88 40 3/2200 Custom_Ridgeside_BertHouse2ndFloor 1 5 0 bert_sleep",
			"fall": "610 Custom_Ridgeside_BertHouse 6 8 3/900 Custom_Ridgeside_RidgesideVillage 90 119 0/1200 Custom_Ridgeside_RidgesideVillage 88 40 3/2200 Custom_Ridgeside_BertHouse2ndFloor 1 5 0 bert_sleep",
			"winter": "610 Custom_Ridgeside_BertHouse 6 8 3/1400 Custom_Ridgeside_RidgesideVillage 88 40 3/2200 Custom_Ridgeside_BertHouse2ndFloor 1 5 0 bert_sleep",
			"rain": "610 Custom_Ridgeside_BertHouse 6 8 3/1600 Saloon 19 22 3/2200 Custom_Ridgeside_BertHouse2ndFloor 1 5 0 bert_sleep",
			"Mon": "610 Custom_Ridgeside_BertHouse 6 8 3/800 SeedShop 15 30 0/1200 ManorHouse 3 7 2/1800 Custom_Ridgeside_BertHouse 6 8 3/2200 Custom_Ridgeside_BertHouse2ndFloor 1 5 0 bert_sleep",
			"Fri": "GOTO Mon",
			"Sun": "800 Custom_Ridgeside_BertHouse 11 13 0 square_3_1_0/1200 Custom_Ridgeside_BertHouse 6 8 3/1600 Custom_Ridgeside_BertHouse2ndFloor 5 5 0/2000 Custom_Ridgeside_BertHouse 6 8 3/2200 Custom_Ridgeside_BertHouse2ndFloor 1 5 0 bert_sleep",
			"winter_15": "610 Custom_Ridgeside_BertHouse 6 8 3/1100 Beach 15 16 2/2600 Custom_Ridgeside_BertHouse2ndFloor 1 5 0 bert_sleep",

					},
	},

]
}