{
"Changes": [

	{
		"Action": "EditData",
		"Target": "Characters/Schedules/Blair",
		"Entries": {
			"spring": "800 Custom_Ridgeside_RidgesideVillage 73 85 3 blair_fish/1100 Custom_Ridgeside_RidgesideVillage 63 50 1/1400 Custom_Ridgeside_Ridge 22 29 2/1700 Custom_Ridgeside_BlairHouse 28 6 0/2000 Custom_Ridgeside_BlairHouse 5 5 2 blair_sleep",

			"Fri": "610 Beach 24 28 3 blair_fish/1800 Custom_Ridgeside_BlairHouse 28 6 0/2400 Custom_Ridgeside_BlairHouse 5 5 2 blair_sleep",

			"Sun": "800 Custom_Ridgeside_RidgesideVillage 118 101 1 blair_fish/1100 Custom_Ridgeside_RidgesideVillage 72 41 2/1400 Custom_Ridgeside_RidgesideVillage 133 48 1/1800 Custom_Ridgeside_Ridge 22 29 2/2000 Custom_Ridgeside_BlairHouse 5 5 2 blair_sleep",

			"rain": "900 Custom_Ridgeside_BlairHouse 28 6 0/1230 Custom_Ridgeside_BlairHouse 66 70 square_3_1_0/1600 Custom_Ridgeside_Ridge 22 29 3 blair_fish/2000 Custom_Ridgeside_BlairHouse 5 5 2 blair_sleep"
					},
	},

]
}