{
"Changes": [

	{
		"Action": "EditData",
		"Target": "Characters/Schedules/Bliss",
		"Entries": {
			"spring": "2400 Custom_Ridgeside_RSVHiddenWarp2 1 1 2",
					},
	},

	//Antisocial schedule
	{
		"Action": "EditData",
		"Target": "Characters/Schedules/Bliss",
		"Entries": {
			"spring": "0 Custom_Ridgeside_RSVNinjaHouse 4 10 3/1600 Custom_Ridgeside_Ridge 89 15 2",
			"Sun": "0 Custom_Ridgeside_RSVNinjaHouse 4 10 3/1800 Custom_Ridgeside_Ridge 19 11 0/2400 Custom_Ridgeside_Ridge 89 15 2",
					},
		"When": {
			"HasSeenEvent": 75160255, "RandomNumber": "{{Range: 5,7}}"
		}  
	},

]
}