{
"Changes": [

	{
		"Action": "EditData",
		"Target": "Characters/Schedules/Carmen",
		"Entries": {
			"spring": "610 Beach 24 26 3/1800 Custom_Ridgeside_BlairHouse 25 8 2/2400 Custom_Ridgeside_BlairHouse 16 5 2 carmen_sleep",

			"Sat": "610 Custom_Ridgeside_RidgesideVillage 72 83 2/1000 Custom_Ridgeside_RidgesideVillage 85 41 0/1600 Custom_Ridgeside_LennyHouse 15 10 2/2200 Custom_Ridgeside_BlairHouse 16 5 2 carmen_sleep",

			"rain": "800 Custom_Ridgeside_BlairHouse 26 6 square_1_0_0/1100 Custom_Ridgeside_3Bros 7 13 0/1600 Custom_Ridgeside_BlairHouse 26 6 square_1_0_0/2030 Custom_Ridgeside_BlairHouse 16 5 2 carmen_sleep"
					},
	},

]
}