{
"Changes": [

	{
		"Action": "EditData",
		"Target": "Characters/Schedules/Faye",
		"Entries": {
			"spring": "700 Custom_Ridgeside_FayeHouse 4 15 square_2_1_0/900 Custom_Ridgeside_RidgesideVillage 90 38 2 faye_fan/1200 Custom_Ridgeside_RidgesideVillage 83 37 0/1400 Custom_Ridgeside_RidgesideVillage 88 37 0/1600 Custom_Ridgeside_RidgesideVillage 97 40 0/1800 Custom_Ridgeside_RidgesideVillage 90 38 2 faye_fan/2300 Custom_Ridgeside_FayeHouse 3 5 2 faye_sleep",

			"Thu": "830 Custom_Ridgeside_RidgesideVillage 110 59 2/1130 Custom_Ridgeside_FayeHouse 7 5 2/1700 Custom_Ridgeside_LogCabinHotelLobby 10 8 0/2100 Custom_Ridgeside_FayeHouse 3 5 2 faye_sleep",

			"rain": "830 Custom_Ridgeside_RidgesideVillage 110 59 2/1130 Custom_Ridgeside_FayeHouse 7 5 2/1700 Custom_Ridgeside_LogCabinHotel2ndFloor 29 24 0/2100 Custom_Ridgeside_FayeHouse 3 5 2 faye_sleep"
					},
	},

]
}