{
"Changes": [

	{
		"LogName": "Helen Base Schedule",
		"Action": "EditData",
		"Target": "Characters/Schedules/Helen",
		"Entries": {
			"spring": "600 Custom_Ridgeside_RSVHiddenWarp2 1 1 2/2000 Custom_Ridgeside_RSVHiddenWarp2 1 2 2",
					},
	},

	//Antisocial schedule
	{
		"Action": "EditData",
		"Target": "Characters/Schedules/Helen",
		"Entries": {
			"spring": "0 Custom_Ridgeside_RSVNinjaHouse 1 5 3/610 Custom_Ridgeside_RSVNinjaHouse 1 6 3/1900 Custom_Ridgeside_Ridge 90 15 2",
					},
		"When": {
			"HasSeenEvent": 75160185, "RandomNumber": "{{Range: 4,5}}"
		}  
	},

]
}