{
"Changes": [

	{
		"Action": "EditData",
		"Target": "Characters/Schedules/Irene",
		"Entries": {
			"spring": "730 Custom_Ridgeside_PurpleMansion 31 6 square_3_1_0/1600 Custom_Ridgeside_RidgesideVillage 69 52 0/1900 Custom_Ridgeside_PurpleMansion 31 6 square_3_1_0/2100 Custom_Ridgeside_PurpleMansion 2 44 2 irene_sleep",

			"Sat": "800 Custom_Ridgeside_PurpleMansion 31 6 square_3_1_0/1200 Custom_Ridgeside_RidgesideVillage 18 98 2/1600 Custom_Ridgeside_RidgesideVillage 91 40 0/2000 Custom_Ridgeside_LogCabinHotelLobby 13 8 0/2400 Custom_Ridgeside_PurpleMansion 2 44 2 irene_sleep",

			"rain": "630 Custom_Ridgeside_PurpleMansion 31 6 square_3_1_0/1100 Custom_Ridgeside_PurpleMansion 7 5 5 irene_relax/1400 Custom_Ridgeside_PurpleMansion 7 20 0/1800 Custom_Ridgeside_PurpleMansion 50 20 3/2100 Custom_Ridgeside_PurpleMansion 2 44 2 irene_sleep"
					},
	},

]
}