{
"Changes": [

	{
		"LogName": "Jio Base Schedule",
		"Action": "EditData",
		"Target": "Characters/Schedules/Jio",
		"Entries": {

			"spring": "610 Custom_Ridgeside_RSVNinjaHouse 8 6 2 jio_meditate/1200 Custom_Ridgeside_Ridge 34 16 2/2000 Custom_Ridgeside_Ridge 86 13 2/2400 Custom_Ridgeside_RSVNinjaHouse 14 5 0",
			"summer": "610 Custom_Ridgeside_RSVNinjaHouse 8 6 2 jio_meditate/1200 Custom_Ridgeside_Ridge 34 16 2/2000 Custom_Ridgeside_Ridge 86 13 2/2400 Custom_Ridgeside_RSVNinjaHouse 14 5 0",
			"fall": "610 Custom_Ridgeside_RSVNinjaHouse 8 6 2 jio_meditate/1200 Custom_Ridgeside_Ridge 34 16 2/2000 Ridge 86 13 2/2400 Custom_Ridgeside_RSVNinjaHouse 14 5 0",
			"winter": "610 Custom_Ridgeside_RSVNinjaHouse 8 6 2 jio_meditate/1200 Custom_Ridgeside_Ridge 34 16 2/2000 Custom_Ridgeside_Ridge 86 13 2/2400 Custom_Ridgeside_RSVNinjaHouse 14 5 0",
			"rain": "610 Custom_Ridgeside_RSVNinjaHouse 8 6 2 jio_meditate/1200 Custom_Ridgeside_Ridge 34 16 2/2000 Custom_Ridgeside_Ridge 86 13 2/2400 Custom_Ridgeside_RSVNinjaHouse 14 5 0",
			"3": "610 Custom_Ridgeside_RSVNinjaHouse 8 6 2 jio_meditate/1200 Custom_Ridgeside_Ridge 86 27 2/2200 Custom_Ridgeside_RSVNinjaHouse 14 5 0",
			"14": "GOTO 3",
			"20": "GOTO 3",
			"winter_15": "610 Custom_Ridgeside_RSVNinjaHouse 8 6 2 jio_meditate/1200 Beach 44 24 2/2600 Custom_Ridgeside_RSVNinjaHouse 14 5 0",
	
					},
	},

	{
		"Action": "EditData",
		"Target": "Characters/Schedules/Jio",
		"Entries": {
			"spring": "610 Custom_Ridgeside_RSVNinjaHouse 8 6 2 jio_meditate/2400 Custom_Ridgeside_RSVNinjaHouse 14 5 0",
					},
		"When": {
			"HasSeenEvent": 75160187,
		} 
	},

	{
		"LogName": "Jio Base Schedule",
		"Action": "EditData",
		"Target": "Characters/Schedules/Jio",
		"Entries": {

			"spring": "610 Custom_Ridgeside_RSVNinjaHouse 8 6 2 jio_meditate/1200 Custom_Ridgeside_Ridge 34 16 2/2000 Custom_Ridgeside_Ridge 86 13 2/2400 Custom_Ridgeside_RSVNinjaHouse 14 5 0",
			"summer": "610 Custom_Ridgeside_RSVNinjaHouse 8 6 2 jio_meditate/1200 Custom_Ridgeside_Ridge 34 16 2/2000 Custom_Ridgeside_Ridge 86 13 2/2400 Custom_Ridgeside_RSVNinjaHouse 14 5 0",
			"fall": "610 Custom_Ridgeside_RSVNinjaHouse 8 6 2 jio_meditate/1200 Custom_Ridgeside_Ridge 34 16 2/2000 Custom_Ridgeside_Ridge 86 13 2/2400 Custom_Ridgeside_RSVNinjaHouse 14 5 0",
			"winter": "610 Custom_Ridgeside_RSVNinjaHouse 8 6 2 jio_meditate/1200 Custom_Ridgeside_Ridge 34 16 2/2000 Custom_Ridgeside_Ridge 86 13 2/2400 Custom_Ridgeside_RSVNinjaHouse 14 5 0",
			"rain": "610 Custom_Ridgeside_RSVNinjaHouse 8 6 2 jio_meditate/1200 Custom_Ridgeside_Ridge 34 16 2/2000 Custom_Ridgeside_Ridge 86 13 2/2400 Custom_Ridgeside_RSVNinjaHouse 14 5 0",
			"3": "610 Custom_Ridgeside_RSVNinjaHouse 8 6 2 jio_meditate/1200 Custom_Ridgeside_Ridge 86 27 2/2200 Custom_Ridgeside_RSVNinjaHouse 14 5 0",
			"14": "GOTO 3",
			"20": "GOTO 3",
			"winter_15": "610 Custom_Ridgeside_RSVNinjaHouse 8 6 2 jio_meditate/1200 Beach 44 24 2/2600 Custom_Ridgeside_RSVNinjaHouse 14 5 0",
	
					},
		"When": {
			"HasSeenEvent": 75160255,
		}  
	},

	//Marriage schedule
	{
		"Action": "EditData",
		"Target": "Characters/Schedules/Jio",
		"Entries": {
			"marriage_Mon": "610 Custom_Ridgeside_Ridge 34 16 2/1400 Custom_Ridgeside_Ridge 86 13 2/2200 BusStop -1 23 3",
			"marriage_Wed": "610 Custom_Ridgeside_RSVNinjaHouse 8 6 2 jio_meditate/1400 Custom_Ridgeside_Ridge 86 27 2/2200 BusStop -1 23 3",
			"marriage_Fri": "610 Custom_Ridgeside_RSVNinjaHouse 8 6 2 jio_meditate/1400 Custom_Ridgeside_Ridge 34 16 2/2200 BusStop -1 23 3",
					},
		"When": {
			"HasSeenEvent": 75160265,
		} 
	},

]
}