{
"Changes": [

	{
		"Action": "EditData",
		"Target": "Characters/Schedules/Kiarra",
		"Entries": {
			"spring": "800 Custom_Ridgeside_Ridge 22 38 3/1200 Custom_Ridgeside_3Bros 6 8 1/1500 Custom_Ridgeside_RidgesideVillage 87 49 1/1800 Custom_Ridgeside_LogCabinHotelLobby 16 13 3/2100 Custom_Ridgeside_3Bros2ndFloor 21 5 2 kiarra_sleep",

			"Tue": "800 Custom_Ridgeside_3Bros 6 8 1/1200 Custom_Ridgeside_LennyHouse 9 10 square_5_1_1/1700 Custom_Ridgeside_RidgesideVillage 87 49 1/2100 Custom_Ridgeside_3Bros2ndFloor 21 5 2 kiarra_sleep",

			"Fri": "800 Custom_Ridgeside_PaulaClinic 18 14 3/1500 Custom_Ridgeside_Ridge 22 38 3/1800 Custom_Ridgeside_LogCabinHotelLobby 16 13 3/2100 Custom_Ridgeside_3Bros2ndFloor 21 5 2 kiarra_sleep",

			"rain": "800 Custom_Ridgeside_3Bros2ndFloor 20 5 3/1200 Custom_Ridgeside_LennyHouse 9 10 square_5_1_1/1500 Custom_Ridgeside_PaulaClinic 18 14 3/1800 Custom_Ridgeside_3Bros2ndFloor 20 5 3/2200 Custom_Ridgeside_3Bros2ndFloor 21 5 2 kiarra_sleep"
					},
	},

]
}