{
"Changes": [

	{
		"Action": "EditData",
		"Target": "Characters/Schedules/Kimpoi",
		"Entries": {
			"spring": "2400 Custom_Ridgeside_RSVHiddenWarp2 1 1 2",
					},
	},

	//When introduced
	{
		"Action": "EditData",
		"Target": "Characters/Schedules/Kimpoi",
		"When": {
			"HasSeenEvent": 75160251,
		},
		"Entries": {
			"spring": "0 Custom_Ridgeside_AlissaHouse 22 5 0/610 Custom_Ridgeside_AlissaHouse 2 6 2/800 Custom_Ridgeside_AlissaShed 10 5 2/1430 Custom_Ridgeside_RidgesideVillage 87 41 0/2030 Custom_Ridgeside_AlissaHouse 23 5 2 kimpoi_sleep",

			"rain": "0 Custom_Ridgeside_AlissaHouse 22 5 0/610 Custom_Ridgeside_AlissaHouse 2 6 2/800 Custom_Ridgeside_AlissaShed 10 5 2/1200 Custom_Ridgeside_3Bros 16 9 1/2030 Custom_Ridgeside_AlissaHouse 23 5 2 kimpoi_sleep"
					},
	},

	//When hotel is expanded
	{
		"Action": "EditData",
		"Target": "Characters/Schedules/Kimpoi",
		"When": {
			"HasSeenEvent": 75160249,
		},
		"Entries": {
			"spring": "0 Custom_Ridgeside_AlissaHouse 22 5 0/610 Custom_Ridgeside_AlissaHouse 2 6 2/800 Custom_Ridgeside_AlissaShed 10 5 2/1430 Custom_Ridgeside_RidgesideVillage 87 41 0/1730 Custom_Ridgeside_LogCabinHotelLobby 38 13 1/2030 Custom_Ridgeside_AlissaHouse 23 5 2 kimpoi_sleep",

			"rain": "0 Custom_Ridgeside_AlissaHouse 22 5 0/610 Custom_Ridgeside_AlissaHouse 2 6 2/800 Custom_Ridgeside_AlissaShed 10 5 2/1200 Custom_Ridgeside_3Bros 16 9 1/1600 Custom_Ridgeside_LogCabinHotelLobby 38 13 1/2030 Custom_Ridgeside_AlissaHouse 23 5 2 kimpoi_sleep"
					},
	},

]
}