{
"Changes": [

	{
		"Action": "EditData",
		"Target": "Characters/Schedules/Lorenzo",
		"Entries": {
			"spring": "800 Custom_Ridgeside_3Bros 8 7 2/1700 Custom_Ridgeside_RidgesideVillage 90 51 0/2000 Custom_Ridgeside_RidgesideVillage 74 23 3/2200 Custom_Ridgeside_3Bros2ndFloor 5 5 2 lorenzo_sleep",

			"Sat": "610 Custom_Ridgeside_3Bros2ndFloor 9 12 0/900 Custom_Ridgeside_Ridge 14 26 1/1400 Custom_Ridgeside_LogCabinHotelLobby 17 9 0/1700 Custom_Ridgeside_RidgesideVillage 90 51 0/2300 Custom_Ridgeside_3Bros2ndFloor 5 5 2 lorenzo_sleep",

			"rain": "800 Custom_Ridgeside_3Bros 8 7 2/1700 Custom_Ridgeside_3Bros2ndFloor 9 12 0/2000 Custom_Ridgeside_3Bros2ndFloor 5 5 2 lorenzo_sleep"
					},
	},

]
}