{
"Changes": [

	{
		"Action": "EditData",
		"Target": "Characters/Schedules/Louie",
		"Entries": {
			"spring": "700 Custom_Ridgeside_PurpleMansion 47 7 2/900 Custom_Ridgeside_PurpleMansion 54 27 2 louie_read/1100 Custom_Ridgeside_PurpleMansion 53 24 1/1500 Custom_Ridgeside_PurpleMansion2ndFloor 12 9 0 louie_game/2000 Custom_Ridgeside_PurpleMansion2ndFloor 17 9 2 louie_sleep",

			"Sat": "830 Custom_Ridgeside_PurpleMansion2ndFloor 12 9 0 louie_game/1000 Custom_Ridgeside_PurpleMansion 47 7 2/1200 Custom_Ridgeside_PurpleMansion 2 9 1/1500 Custom_Ridgeside_RidgesideVillage 70 121 square_3_1_0/1830 Custom_Ridgeside_PurpleMansion 47 7 2/2000 Custom_Ridgeside_PurpleMansion2ndFloor 17 9 2 louie_sleep",

			"rain": "800 Custom_Ridgeside_PurpleMansion2ndFloor 12 9 0 louie_game/1100 Custom_Ridgeside_PurpleMansion 54 27 2 louie_read/1530 Custom_Ridgeside_PurpleMansion 43 6 2 louie_read/1730 Custom_Ridgeside_PurpleMansion 30 29 0 louie_game/2000 Custom_Ridgeside_PurpleMansion2ndFloor 17 9 2 louie_sleep"
					},
	},

]
}