{
"Changes": [

	{
		"Action": "EditData",
		"Target": "Characters/Schedules/Maive",
		"Entries": {
			"spring": "800 Custom_Ridgeside_PurpleMansion 53 8 3 maive_read/1100 Custom_Ridgeside_PurpleMansion2ndFloor 41 21 2/1400 Custom_Ridgeside_PurpleMansion 42 29 2 maive_call/1700 Custom_Ridgeside_PurpleMansion 53 8 3 maive_read/1900 Custom_Ridgeside_PurpleMansion 53 34 0/2300 Custom_Ridgeside_PurpleMansion2ndFloor 24 5 2 maive_sleep",

			"Sat": "800 Custom_Ridgeside_PurpleMansion 53 8 3 maive_read/1100 Custom_Ridgeside_PurpleMansion2ndFloor 29 5 square_2_1_0/1400 Custom_Ridgeside_RidgesideVillage 114 48 2/1800 Custom_Ridgeside_PurpleMansion 53 8 3 maive_read/2300 Custom_Ridgeside_PurpleMansion2ndFloor 24 5 2 maive_sleep",

			"rain": "700 Custom_Ridgeside_PurpleMansion 53 8 3 maive_read/1000 Custom_Ridgeside_PurpleMansion2ndFloor 41 21 2 maive_call/1430 Custom_Ridgeside_PurpleMansion 43 8 1/1730 Custom_Ridgeside_PurpleMansion 28 30 1/2100 Custom_Ridgeside_PurpleMansion2ndFloor 24 5 2 maive_sleep"
					},
	},

]
}