{
"Changes": [

	{
		"Action": "EditData",
		"Target": "Characters/Schedules/Malaya",
		"Entries": {
			"spring": "2400 Custom_Ridgeside_RSVHiddenWarp2 1 1 2",
					},
	},

	//When introduced
	{
		"Action": "EditData",
		"Target": "Characters/Schedules/Malaya",
		"When": {
			"HasSeenEvent": 75160251,
		},
		"Entries": {
			"spring": "0 Custom_Ridgeside_AlissaHouse 22 5 0/610 Custom_Ridgeside_RidgesideVillage 22 110 square_1_3_1/1300 Custom_Ridgeside_AlissaHouse 4 5 0/2030 Custom_Ridgeside_AlissaHouse 22 5 2 malaya_sleep",

			"Sat": "0 Custom_Ridgeside_AlissaHouse 22 5 0/610 ArchaeologyHouse 18 18 2/1600 Custom_Ridgeside_AlissaHouse 4 5 0/2030 Custom_Ridgeside_AlissaHouse 22 5 2 malaya_sleep",

			"rain": "0 Custom_Ridgeside_AlissaHouse 22 5 0/800 Custom_Ridgeside_AlissaHouse 4 5 0/2030 Custom_Ridgeside_AlissaHouse 22 5 2 malaya_sleep"
					},
	},

	//When hotel is expanded
	{
		"Action": "EditData",
		"Target": "Characters/Schedules/Malaya",
		"When": {
			"HasSeenEvent": 75160249,
		},
		"Entries": {
			"spring": "0 Custom_Ridgeside_AlissaHouse 22 5 0/610 Custom_Ridgeside_RidgesideVillage 22 110 square_1_3_1/800 Custom_Ridgeside_LogCabinHotelLobby 41 13 square_3_1_2/2030 Custom_Ridgeside_AlissaHouse 22 5 2 malaya_sleep",

			"Sat": "0 Custom_Ridgeside_AlissaHouse 22 5 0/610 ArchaeologyHouse 18 18 2/1600 Custom_Ridgeside_LogCabinHotelLobby 41 13 square_3_1_2/2030 Custom_Ridgeside_AlissaHouse 22 5 2 malaya_sleep",

			"rain": "0 Custom_Ridgeside_AlissaHouse 22 5 0/700 Custom_Ridgeside_LogCabinHotelLobby 41 13 square_3_1_2/2030 Custom_Ridgeside_AlissaHouse 22 5 2 malaya_sleep"
					},
	},


]
}