{
"Changes": [

	{
		//temp schedule when hidden
		"Action": "EditData",
		"Target": "Characters/Schedules/Naomi",
		"Entries": {
			"spring": "2400 Custom_Ridgeside_RSVHiddenWarp2 1 1 2",
					},
	},

	{
		//temp schedule when hidden
		"Action": "EditData",
		"Target": "Characters/Schedules/Naomi",
		"When": {
			"HasSeenEvent": 75160249,
		},
		"Entries": {
			"spring": "0 Custom_Ridgeside_ShiroHouse 5 5 0/730 Custom_Ridgeside_LogCabinHotelLobby 14 6 2/1600 Custom_Ridgeside_RidgesideVillage 89 40 0/1900 Custom_Ridgeside_ShiroHouse 5 5 0/2400 Custom_Ridgeside_ShiroHouse 24 5 2 naomi_sleep",

			"rain": "0 Custom_Ridgeside_ShiroHouse 5 5 0/730 Custom_Ridgeside_LogCabinHotelLobby 14 6 2/1200 Custom_Ridgeside_3Bros 4 13 3/1600 Custom_Ridgeside_ShiroHouse 5 5 0/2400 Custom_Ridgeside_ShiroHouse 24 5 2 naomi_sleep",
					},
	},

]
}