{
"Changes": [

	{
		"Action": "EditData",
		"Target": "Characters/Schedules/Paula",
		"Entries": {
			"spring": "800 Custom_Ridgeside_PaulaClinic 16 13 2/1700 Custom_Ridgeside_RidgesideVillage 88 48 2/2130 Custom_Ridgeside_PaulaClinic 2 7 2 paula_sleep",

			"Wed": "700 Custom_Ridgeside_Ridge 9 27 2/1000 Custom_Ridgeside_PaulaClinic 16 13 2/2130 Custom_Ridgeside_PaulaClinic 2 7 2 paula_sleep",

			"rain": "800 Custom_Ridgeside_PaulaClinic 16 13 2/1700 Custom_Ridgeside_LogCabinHotelLobby 18 15 0/2100 Custom_Ridgeside_PaulaClinic 2 7 2 paula_sleep"
					},
	},

]
}