{
"Changes": [

	{
		"Action": "EditData",
		"Target": "Characters/Schedules/Pipo",
		"Entries": {
			"spring": "2400 Custom_Ridgeside_RSVHiddenWarp2 1 1 2",
					},
	},

	{
		"Action": "EditData",
		"Target": "Characters/Schedules/Pipo",
		"When": { "HasSeenEvent": 75160273 },
		"Entries": {
			"spring": "0 Custom_Ridgeside_RSVTheHike 45 61 2/610 Custom_Ridgeside_RSVTheHike 45 60 3/1600 Custom_Ridgeside_RSVCliff 61 30 2/2000 Custom_Ridgeside_RSVTheHike 58 44 2 pipo_sleep",
					},
	},

]
}