{
"Changes": [

	{
		"Action": "EditData",
		"Target": "Characters/Schedules/Sean",
		"Entries": {
			"spring": "900 Custom_Ridgeside_RidgesideVillage 108 44 2/1400 Custom_Ridgeside_IanHouse 9 14 2/1700 Custom_Ridgeside_RidgesideVillage 65 49 2/2200 Custom_Ridgeside_IanHouse 14 5 2 sean_sleep",

			"Sun": "900 Custom_Ridgeside_IanHouse 13 15 2/1100 Custom_Ridgeside_RidgesideVillage 73 41 2/1400 Custom_Ridgeside_RidgesideVillage 108 44 2/1800 Custom_Ridgeside_Ridge 23 29 2/2000 Custom_Ridgeside_IanHouse 14 5 2 sean_sleep",

			"rain": "1000 Custom_Ridgeside_IanHouse 13 15 2/1300 Custom_Ridgeside_Ridge 20 29 1/1600 Custom_Ridgeside_LogCabinHotelLobby 3 15 2/2000 Custom_Ridgeside_IanHouse 14 5 2 sean_sleep"
					},
	},

]
}