{
"Changes": [

	{
		"Action": "EditData",
		"Target": "Characters/Schedules/Shanice",
		"Entries": {
			"spring": "610 Custom_Ridgeside_3Bros2ndFloor 6 12 0/900 Custom_Ridgeside_3Bros 15 16 2 shanice_list/1700 Custom_Ridgeside_RidgesideVillage 89 51 0/2200 Custom_Ridgeside_3Bros2ndFloor 6 5 2 shanice_sleep",

			"Sat": "700 Custom_Ridgeside_3Bros2ndFloor 6 12 0/900 Custom_Ridgeside_Ridge 15 26 3/1400 Custom_Ridgeside_LogCabinHotelLobby 18 9 3/1700 Custom_Ridgeside_RidgesideVillage 89 51 0/2300 Custom_Ridgeside_3Bros2ndFloor 6 5 2 shanice_sleep",

			"rain": "610 Custom_Ridgeside_3Bros2ndFloor 6 12 0/900 Custom_Ridgeside_3Bros 15 16 2 shanice_list/1800 Custom_Ridgeside_3Bros2ndFloor 6 12 0/2200 Custom_Ridgeside_3Bros2ndFloor 6 5 2 shanice_sleep"
					},
	},

]
}