{
"Changes": [

	{
		"Action": "EditData",
		"Target": "Characters/Schedules/Sonny",
		"Entries": {
			"spring": "610 Custom_Ridgeside_PurpleMansion 53 5 2/1100 Custom_Ridgeside_RidgesideVillage 138 61 3/1400 Custom_Ridgeside_PurpleMansion 31 10 0/1700 Custom_Ridgeside_PurpleMansion 53 5 2/2000 Custom_Ridgeside_PurpleMansion 55 44 2 sonny_sleep",

			"Sat": "610 Custom_Ridgeside_PurpleMansion 53 5 2/1100 Custom_Ridgeside_PurpleMansion 53 23 square_2_1_0/1400 Custom_Ridgeside_RidgesideVillage 113 47 2/1800 Custom_Ridgeside_PurpleMansion 53 5 2/2100 Custom_Ridgeside_PurpleMansion 55 44 2 sonny_sleep",

			"Sun": "610 Custom_Ridgeside_Ridge 18 12 0/900 SeedShop 38 22 0/1800 Custom_Ridgeside_PurpleMansion 55 44 2 sonny_sleep",

			"rain": "610 Custom_Ridgeside_PurpleMansion 53 5 2/1000 Custom_Ridgeside_PurpleMansion 53 23 square_2_1_0/1200 Custom_Ridgeside_PurpleMansion 16 34 square_12_3_0/1430 Custom_Ridgeside_PurpleMansion 53 5 2/1730 Custom_Ridgeside_PurpleMansion 26 33 0/2200 Custom_Ridgeside_PurpleMansion 55 44 2 sonny_sleep"
					},
	},

]
}