{
"Changes": [

	{
		"LogName": "Trinnie Base Schedule",
		"Action": "EditData",
		"Target": "Characters/Schedules/Trinnie",
		"Entries": {

			"spring": "900 Custom_Ridgeside_RidgesideVillage 12 96 1 square_1_5_1/1400 Custom_Ridgeside_RidgesideVillage 71 119 square_10_2_3/1800 Custom_Ridgeside_BertHouse 13 5 3/2100 Custom_Ridgeside_BertHouse2ndFloor 18 5 0 trinnie_sleep",
			"summer": "900 Custom_Ridgeside_RidgesideVillage 12 96 1 square_1_5_1/1400 Beach 38 14 2 square_3_3_2/1800 Custom_Ridgeside_BertHouse 13 5 3/2100 Custom_Ridgeside_BertHouse2ndFloor 18 5 0 trinnie_sleep",
			"fall": "900 Custom_Ridgeside_RidgesideVillage 12 96 1 square_1_5_1/1400 Mountain 12 33 3 square_4_3_3/1800 Custom_Ridgeside_BertHouse 13 5 3/2100 Custom_Ridgeside_BertHouse2ndFloor 18 5 0 trinnie_sleep",
			"winter": "900 Custom_Ridgeside_RidgesideVillage 12 96 1 square_1_5_1/1400 BusStop 20 14 3 square_2_2_3/1800 Custom_Ridgeside_BertHouse 13 5 3/2100 Custom_Ridgeside_BertHouse2ndFloor 18 5 0 trinnie_sleep",
			"rain": "900 Custom_Ridgeside_BertHouse 13 5 3/1200 Custom_Ridgeside_BertHouse2ndFloor 5 13 0/1500 Custom_Ridgeside_BertHouse2ndFloor 13 6 3/1800 Custom_Ridgeside_BertHouse 13 5 3/2100 Custom_Ridgeside_BertHouse2ndFloor 18 5 0 trinnie_sleep",
			"Tue": "610 Town 101 92 1 square_2_2_2/1100 ArchaeologyHouse 11 11 1 trinnie_read/1400 Town 86 100 0/1600 Custom_Ridgeside_BertHouse 13 5 3/2100 Custom_Ridgeside_BertHouse2ndFloor 18 5 0 trinnie_sleep",
			"Wed": "GOTO Tue",
			"Fri": "GOTO Tue",
			"Mon": "700 Custom_Ridgeside_RidgesideVillage 92 39 3/1000 Custom_Ridgeside_RidgesideVillage 57 60 1 trinnie_jump/1400 Custom_Ridgeside_RidgesideVillage 125 108 2/1800 Custom_Ridgeside_BertHouse 13 5 3/2100 Custom_Ridgeside_BertHouse2ndFloor 18 5 0 trinnie_sleep",
			"winter_15": "900 Custom_Ridgeside_RidgesideVillage 12 96 1 square_1_5_1/1100 Beach 13 20 2/2600 Custom_Ridgeside_BertHouse2ndFloor 18 5 0 trinnie_sleep",
			"Sun": "900 Custom_Ridgeside_RidgesideVillage 12 96 1 square_1_5_1/1100 Custom_Ridgeside_RidgesideVillage 71 42 1 trinnie_jump/1800 Custom_Ridgeside_BertHouse 13 5 3/2100 Custom_Ridgeside_BertHouse2ndFloor 18 5 0 trinnie_sleep",

					},
	},

]
}