{
  "Name": "Mountain Mistbloom",
  "Description": "A mysterious glowing flower that bloom during rainy days in the dense mountain forest. It doesn't emit any kind of smell at all.",
  "Category": "Flower",
  "ProvidesLight": true,
  "Edibility": 5,
  "Price": 70,
  "Recipe": null,
  "GiftTastes":
  {
  "Love": ["Penny", "Lunna", "Haley", "Abigail", "Maru", "Sebastian", "Krobus", "Bianka", "Wizard", "Aguar", "Daia", "Bliss"],
  "Like": ["Alex", "Caroline", "Clint", "Demetrius", "Dwarf", "Elliott", "Emily", "Evelyn", "George", "Jodi", "Kent", "Krobus", "Leah", "Linus", "Marnie", "Maru", "Pam", "Penny", "Pierre", "Robin", "Sandy", "Shane", "Willy","Lewis","Abigail", "Haley", "Jas", "Sam", "Sebastian", "Vincent"],
  },
}