{
"Changes": [
        

        //Event Dialogues
        {
                "Action": "EditData",
                "Target": "Characters/Dialogue/Aguar",
                "Entries": {   
                        //Event dialogue Aguar 2 hearts                     
                        "aguar1_1": "{{i18n:event-75160061.AguarFork1}}",
                        "aguar1_2": "{{i18n:event-75160061.AguarFork2}}",               
                }
        },

                {
                "Action": "EditData",
                "Target": "Characters/Dialogue/Alissa",
                "Entries": {                 
                        //Event dialogue Alissa extra event       
                        "alissa1_1": "{{i18n:event-75160116.Fork1}}",
                        "alissa1_2": "{{i18n:event-75160116.Fork2}}",
                        "alissa1_3": "{{i18n:event-75160116.Fork3}}",
                }
        },

        {
                "Action": "EditData",
                "Target": "Characters/Dialogue/Bert",
                "Entries": {    
                        //Event dialogue Bert 2 hearts
                        "bert1_1": "{{i18n:event-75160065.Fork1}}",
                        "bert1_2": "{{i18n:event-75160065.Fork2}}",  
                        //Event dialogue Bert 6 hearts
                        "bert2_1": "{{i18n:event-75160067.Fork1}}",
                        "bert2_2": "{{i18n:event-75160067.Fork2}}",
                }
        },

        {
                "Action": "EditData",
                "Target": "Characters/Dialogue/Ezekiel",
                "Entries": {       
                        //Event dialogue Ezekiel 2 hearts                 
                        "ezekiel1_1": "{{i18n:event-75160070.Fork1}}",
                        "ezekiel1_2": "{{i18n:event-75160070.Fork2}}",                
                }
        }, 

        {
                "Action": "EditData",
                "Target": "Characters/Dialogue/Flor",
                "Entries": {        
                        //Event dialogue Flor 2 hearts                
                        "flor1_1": "{{i18n:event-75160128.Fork1}}",
                        "flor1_2": "{{i18n:event-75160128.Fork2}}",
                        "flor1_3": "{{i18n:event-75160128.Fork3}}",        
                }
        },

        {
                "Action": "EditData",
                "Target": "Characters/Dialogue/Freddie",
                "Entries": {    
                        //Event dialogue Freddie 2 hearts                    
                        "freddie1_1": "{{i18n:event-75160074.Fork1}}",
                        "freddie1_2": "{{i18n:event-75160074.Fork2}}",                
                }
        },

        {
                "Action": "EditData",
                "Target": "Characters/Dialogue/Ian",
                "Entries": {
                        //Event dialogue Ian 2 hearts
                        "ian1_1": "{{i18n:event-75160146.Fork1}}",
                        "ian1_2": "{{i18n:event-75160146.Fork2}}",

                        //Event dialogue Ian 6 hearts
                        "ian2_1": "{{i18n:event-75160148.Fork1}}",
                        "ian2_2": "{{i18n:event-75160148.Fork2}}",
                        "ian2_3": "{{i18n:event-75160148.Fork3}}",

                        //14 heart event
                        "ian14_word1": "{{i18n:ian.14heart.1}}",
                        "ian14_word2": "{{i18n:ian.14heart.2}}",
                        "ian14_word3": "{{i18n:ian.14heart.3}}",

                        "ian14_word4": "{{i18n:ian.14heart.4}}",
                        "ian14_word5": "{{i18n:ian.14heart.5}}",
                        "ian14_word6": "{{i18n:ian.14heart.6}}",

                        "ian14_word7": "{{i18n:ian.14heart.7}}",
                        "ian14_word8": "{{i18n:ian.14heart.8}}",
                        "ian14_word9": "{{i18n:ian.14heart.9}}",
                }
        },

        {
                "Action": "EditData",
                "Target": "Characters/Dialogue/Jio",
                "Entries": {         
                        //Event dialogue Jio 2 hearts               
                        "jio1_1": "{{i18n:event-75160078.Fork1}}",
                        "jio1_2": "{{i18n:event-75160078.Fork2}}",                
                }
        },

        {
                "Action": "EditData",
                "Target": "Characters/Dialogue/Keahi",
                "Entries": {   
                        //Event dialogue Keahi 4 hearts                     
                        "keahi1_1": "{{i18n:event-75160083.Fork1}}",
                        "keahi1_2": "{{i18n:event-75160083.Fork2}}",                
                }
        },

        {
                "Action": "EditData",
                "Target": "Characters/Dialogue/Kiwi",
                "Entries": {  
                        //Event dialogue Kiwi 6 hearts                      
                        "kiwi1_1": "{{i18n:event-75160179.Fork1}}",
                        "kiwi1_2": "{{i18n:event-75160179.Fork2}}",                
                }
        },

        {
                "Action": "EditData",
                "Target": "Characters/Dialogue/Lola",
                "Entries": {           
                        //Event dialogue Lola 2 hearts             
                        "lola1_1": "{{i18n:event-75160090.Fork1}}",
                        "lola1_2": "{{i18n:event-75160090.Fork2}}",                
                }
        },

        {           
                "Action": "EditData",
                "Target": "Characters/Dialogue/Maddie",
                "Entries": {       
                        //Event dialogue Maddie 2 hearts                 
                        "maddie1_1": "{{i18n:event-75160134.Fork1}}",
                        "maddie1_2": "{{i18n:event-75160134.Fork2}}",
                        "maddie1_3": "{{i18n:event-75160134.Fork3}}",
                        //Event dialogue Maddie 4 hearts  
                        "maddie2_1": "{{i18n:event-75160135.Fork1}}",
                        "maddie2_2": "{{i18n:event-75160135.Fork2}}",
                        "maddie2_3": "{{i18n:event-75160135.Fork3}}",
                        //Event dialogue Maddie 6 hearts
                        "maddie3_1": "{{i18n:event-75160136.Fork1}}",
                        "maddie3_2": "{{i18n:event-75160136.Fork2}}",
                        //Event dialogue Maddie 8 Hearts
                        "maddie4_1": "{{i18n:event-75160138.Fork1}}",
                        "maddie4_2": "{{i18n:event-75160138.Fork2}}",
                }
        },

        {
                "Action": "EditData",
                "Target": "Characters/Dialogue/Philip",
                "Entries": {
                        //Event dialogue Philip 8 hearts
                        "philip1_1": "{{i18n:event-75160165.Fork1}}",
                        "philip1_2": "{{i18n:event-75160165.Fork2}}",
                        "philip1_3": "{{i18n:event-75160165.Fork3}}",
                },
        },

        {
                "Action": "EditData",
                "Target": "Characters/Dialogue/Pika",
                "Entries": {      
                        //Event dialogue Pika 8 hearts                  
                        "pika1_1": "{{i18n:event-75160100.Fork1}}",
                        "pika1_2": "{{i18n:event-75160100.Fork2}}",                
                }
        },    

        {
                "Action": "EditData",
                "Target": "Characters/Dialogue/Trinnie",
                "Entries": {  
                        //Event dialogue Trinnie 2 hearts                      
                        "trinnie1_1": "{{i18n:event-75160106.Fork1}}",
                        "trinnie1_2": "{{i18n:event-75160106.Fork2}}",                
                }
        },

        {
                "Action": "EditData",
                "Target": "Characters/Dialogue/Ysabelle",
                "Entries": {     
                        //Event dialogue Ysabelle 4 hearts                   
                        "ysabelle1_1": "{{i18n:event-75160142.Fork1}}",
                        "ysabelle1_2": "{{i18n:event-75160142.Fork2}}",
                        "ysabelle1_3": "{{i18n:event-75160142.Fork3}}",        
                }
        },

        {
                "Action": "EditData",
                "Target": "Characters/Dialogue/Malaya",
                "Entries": {   
                        //Malaya & Kimpoi introduction                    
                        "lidens_arrive1": "{{i18n:event-75160251.followLidens}}",
                        "lidens_arrive2": "{{i18n:event-75160251.stayBehind}}",                        
                }
        },

        {
                "Action": "EditData",
                "Target": "Characters/Dialogue/Naomi",
                "Entries": {   
                        //Naomi introduction                    
                        "naomi_arrive1": "{{i18n:event-75160249.followNaomi}}",
                        "naomi_arrive2": "{{i18n:event-75160249.stayBehind}}",                        
                }
        },


        
]
}
