{
  "ForageSpawnEnabled": true,
  "LargeObjectSpawnEnabled": true,
  "OreSpawnEnabled": true,
  "MonsterSpawnEnabled": true,
  "Forage_Spawn_Settings": {
    "Areas": [

//===============================================================
//Start Hike Forage Data
//===============================================================
      {
        "SpringItemIndex": [
          "Ridge Cherry",
          "Mountain Arugula",
          "Ridge Azorean Bellflower",
          "Ridgeside Monkshood",
          20,
          22
        ],
        "SummerItemIndex": [
          "Mountain Chico",
          "Ridge Wild Apple",
          "Forest Amancay",
          "Mountain Hokkaido",
          "Violet Devil's Claw",
          404
        ],
        "FallItemIndex": [
          "Autumn Drop Berry",
          "Highland Chard",
          "Lava Lily",
          "Summit Snowbell",
          "Highland Butterwort",
          410
        ],
        "WinterItemIndex": [
          "Frost Clump Berry",
          "Ridgeside Clementine",
          "Aurorean Iris",
          "Sierra Wintergreen",
          283
        ],
        "UniqueAreaID": "RSV Hike Forage",
        "MapName": "Custom_Ridgeside_RSVTheHike",
        "MinimumSpawnsPerDay": 5,
        "MaximumSpawnsPerDay": 20,
        "IncludeTerrainTypes": [
          "Grass"
        ],
        "ExcludeTerrainTypes": [],
        "IncludeCoordinates": [],
        "ExcludeCoordinates": [
          "0, 37; 79, 39",
          "0, 0; 42, 13",
          "43, 0; 79, 16"
        ],
        "StrictTileChecking": "High",
        "SpawnTiming": {
          "StartTime": 600,
          "EndTime": 600,
          "MinimumTimeBetweenSpawns": 10,
          "MaximumSimultaneousSpawns": null,
          "OnlySpawnIfAPlayerIsPresent": false,
          "SpawnSound": ""
        },
        "ExtraConditions": {
          "Years": [],
          "Seasons": [],
          "Days": [],
          "WeatherYesterday": [],
          "WeatherToday": [],
          "WeatherTomorrow": [],
          "EPUPreconditions": [],
          "LimitedNumberOfSpawns": null
        },
        "DaysUntilSpawnsExpire": 1
      },
//===============================================================
//End Hike Forage Data
//===============================================================

//===============================================================
//Start Ridgeside Village Forage Data
//===============================================================
      {
        "SpringItemIndex": [
          "Ridge Cherry",
          "Mountain Arugula",
          16,
          20
        ],
        "SummerItemIndex": [
          "Mountain Chico",
          "Ridge Wild Apple",
          396,
          398
        ],
        "FallItemIndex": [
          "Autumn Drop Berry",
          "Highland Chard",
          406,
          408
        ],
        "WinterItemIndex": [
          "Frost Clump Berry",
          "Ridgeside Clementine",
          414,
          418,
          283
        ],
        "UniqueAreaID": "RSV Village Forage",
        "MapName": "Custom_Ridgeside_RidgesideVillage",
        "MinimumSpawnsPerDay": 5,
        "MaximumSpawnsPerDay": 20,
        "IncludeTerrainTypes": [
          "Grass"
        ],
        "ExcludeTerrainTypes": [],
        "IncludeCoordinates": [],
        "ExcludeCoordinates": [
          "0,127;103,129",
          "0,0;2,129",
          "0,0; 8, 22",
          "9, 0; 30, 17",
          "31, 0; 47, 14",
          "48,0; 59, 18",
          "60, 0;72, 15",
          "73, 0; 86, 7",
          "107,0; 139, 15",
          "140, 0; 149, 20",
          "138, 31; 149, 51",
          "143, 55;149, 68",
          "146, 81; 149, 93",
          "145, 94; 149, 105",
          "104, 128; 130, 129",
          "3, 21; 9,41",
          "10, 38; 25,45",
          "18, 46; 25, 50",
          "45, 28; 125, 50",
          "65, 51; 144, 65",
          "81, 79; 114, 89",
          "129, 78; 143, 87",
          "107, 62; 128, 78",
          "79, 6; 97, 28",
          "109, 23; 124, 29",
          "125, 24; 149, 25",
          "30, 88; 35, 93",
          "126, 39; 137, 51",
          "95, 0; 101, 24",
          "101, 27; 103, 27",
          "88, 107; 104, 113",
          "96,114; 112, 119",
          "102, 120; 127, 127"
        ],
        "StrictTileChecking": "High",
        "SpawnTiming": {
          "StartTime": 600,
          "EndTime": 600,
          "MinimumTimeBetweenSpawns": 10,
          "MaximumSimultaneousSpawns": null,
          "OnlySpawnIfAPlayerIsPresent": false,
          "SpawnSound": ""
        },
        "ExtraConditions": {
          "Years": [],
          "Seasons": [],
          "Days": [],
          "WeatherYesterday": [],
          "WeatherToday": [],
          "WeatherTomorrow": [],
          "EPUPreconditions": [],
          "LimitedNumberOfSpawns": null
        },
        "DaysUntilSpawnsExpire": 1
      },
//===============================================================
//End Ridgeside Village Forage Data
//===============================================================

//===============================================================
//Start Ridge Forage Data
//===============================================================
      {
        "SpringItemIndex": [
          "Ridge Cherry",
          "Mountain Arugula",
          "Ridge Azorean Bellflower",
          "Ridgeside Monkshood",
          20,
          22
        ],
        "SummerItemIndex": [
          "Mountain Chico",
          "Ridge Wild Apple",
          "Forest Amancay",
          "Mountain Hokkaido",
          "Violet Devil's Claw",
          404
        ],
        "FallItemIndex": [
          "Autumn Drop Berry",
          "Highland Chard",
          "Lava Lily",
          "Summit Snowbell",
          "Highland Butterwort",
          410
        ],
        "WinterItemIndex": [
          "Frost Clump Berry",
          "Ridgeside Clementine",
          "Aurorean Iris",
          "Sierra Wintergreen",
          283
        ],
        "UniqueAreaID": "RSV Ridge Forage",
        "MapName": "Custom_Ridgeside_Ridge",
        "MinimumSpawnsPerDay": 5,
        "MaximumSpawnsPerDay": 10,
        "IncludeTerrainTypes": [
          "Grass"
        ],
        "ExcludeTerrainTypes": [],
        "IncludeCoordinates": [],
        "ExcludeCoordinates": [
          "0, 0; 30, 7",
          "0,0; 25, 13",
          "34,0; 79, 20",
          "66, 21; 79, 25",
          "43, 38; 78, 39",
          "14, 37; 37,39"
        ],
        "StrictTileChecking": "High",
        "SpawnTiming": {
          "StartTime": 600,
          "EndTime": 600,
          "MinimumTimeBetweenSpawns": 10,
          "MaximumSimultaneousSpawns": null,
          "OnlySpawnIfAPlayerIsPresent": false,
          "SpawnSound": ""
        },
        "ExtraConditions": {
          "Years": [],
          "Seasons": [],
          "Days": [],
          "WeatherYesterday": [],
          "WeatherToday": [],
          "WeatherTomorrow": [],
          "EPUPreconditions": [],
          "LimitedNumberOfSpawns": null
        },
        "DaysUntilSpawnsExpire": 1
      },
//===============================================================
//End Ridge Forage Data
//===============================================================

//===============================================================
//Start Ridge Falls Forage Data
//===============================================================
      {
        "SpringItemIndex": [
          "Ridge Cherry",
          "Mountain Arugula",
          "Ridge Azorean Bellflower",
          "Ridgeside Monkshood",
        ],
        "SummerItemIndex": [
          "Mountain Chico",
          "Ridge Wild Apple",
          "Forest Amancay",
          "Mountain Hokkaido",
          "Violet Devil's Claw",
        ],
        "FallItemIndex": [
          "Autumn Drop Berry",
          "Highland Chard",
          "Lava Lily",
          "Summit Snowbell",
          "Highland Butterwort",
        ],
        "WinterItemIndex": [
          "Frost Clump Berry",
          "Ridgeside Clementine",
          "Aurorean Iris",
          "Sierra Wintergreen",
        ],
        "UniqueAreaID": "RSV RidgeFalls Forage",
        "MapName": "Custom_Ridgeside_RidgeFalls",
        "MinimumSpawnsPerDay": 5,
        "MaximumSpawnsPerDay": 10,
        "IncludeTerrainTypes": [
          "Grass"
        ],
        "ExcludeTerrainTypes": [],
        "IncludeCoordinates": [],
        "ExcludeCoordinates": [
          "11, 40; 19, 48",
          "33, 20; 44, 36"
        ],
        "StrictTileChecking": "High",
        "SpawnTiming": {
          "StartTime": 600,
          "EndTime": 600,
          "MinimumTimeBetweenSpawns": 10,
          "MaximumSimultaneousSpawns": null,
          "OnlySpawnIfAPlayerIsPresent": false,
          "SpawnSound": ""
        },
        "ExtraConditions": {
          "Years": [],
          "Seasons": [],
          "Days": [],
          "WeatherYesterday": [],
          "WeatherToday": [],
          "WeatherTomorrow": [],
          "EPUPreconditions": [],
          "LimitedNumberOfSpawns": null
        },
        "DaysUntilSpawnsExpire": 1
      },
//===============================================================
//End Ridge Falls Forage Data
//===============================================================

//===============================================================
//Start Foxbloom
//===============================================================
      {
        "SpringItemIndex": [
          "Foxbloom"
        ],
        "SummerItemIndex": [
          "Foxbloom"
        ],
        "FallItemIndex": [
          "Foxbloom"
        ],
        "WinterItemIndex": [
          "Foxbloom"
        ],
        "UniqueAreaID": "RSV Foxbloom RidgeForest",
        "MapName": "Custom_Ridgeside_RidgeForest",
        "MinimumSpawnsPerDay": 0,
        "MaximumSpawnsPerDay": 1,
        "IncludeTerrainTypes": [
          "Grass"
        ],
        "ExcludeTerrainTypes": [],
        "IncludeCoordinates": [],
        "ExcludeCoordinates": [],
        "StrictTileChecking": "High",
        "SpawnTiming": {
          "StartTime": 600,
          "EndTime": 600,
          "MinimumTimeBetweenSpawns": 10,
          "MaximumSimultaneousSpawns": null,
          "OnlySpawnIfAPlayerIsPresent": false,
          "SpawnSound": ""
        },
        "ExtraConditions": {
          "Years": [],
          "Seasons": [],
          "Days": [
            "1", "28"
          ],
          "WeatherYesterday": [],
          "WeatherToday": [
            "Sun"
          ],
          "WeatherTomorrow": [],
          "EPUPreconditions": [
            "HasItem Fox Mask" 
          ],
          "LimitedNumberOfSpawns": null
        },
        "DaysUntilSpawnsExpire": 1
      },
//===============================================================
//End Foxbloom
//===============================================================

//===============================================================
//Start Ridge Forest Forage Data
//===============================================================
//Ridge Forest Forage  
      {
        "SpringItemIndex": [
          "Ridge Cherry",
          "Mountain Arugula",
          "Ridge Azorean Bellflower",
          "Ridgeside Monkshood",
          16,
          20
        ],
        "SummerItemIndex": [
          "Mountain Chico",
          "Ridge Wild Apple",
          "Forest Amancay",
          "Mountain Hokkaido",
          "Violet Devil's Claw",
          396,
          398
        ],
        "FallItemIndex": [
          "Autumn Drop Berry",
          "Highland Chard",
          "Lava Lily",
          "Summit Snowbell",
          "Highland Butterwort",
          406,
          408
        ],
        "WinterItemIndex": [
          "Frost Clump Berry",
          "Ridgeside Clementine",
          "Aurorean Iris",
          "Sierra Wintergreen",
          414,
          418,
          283
        ],
        "UniqueAreaID": "RSV RidgeForest Forage",
        "MapName": "Custom_Ridgeside_RidgeForest",
        "MinimumSpawnsPerDay": 10,
        "MaximumSpawnsPerDay": 30,
        "IncludeTerrainTypes": [
          "Grass"
        ],
        "ExcludeTerrainTypes": [],
        "IncludeCoordinates": [],
        "ExcludeCoordinates": [],
        "StrictTileChecking": "High",
        "SpawnTiming": {
          "StartTime": 600,
          "EndTime": 600,
          "MinimumTimeBetweenSpawns": 10,
          "MaximumSimultaneousSpawns": null,
          "OnlySpawnIfAPlayerIsPresent": false,
          "SpawnSound": ""
        },
        "ExtraConditions": {
          "Years": [],
          "Seasons": [],
          "Days": [],
          "WeatherYesterday": [],
          "WeatherToday": [],
          "WeatherTomorrow": [],
          "EPUPreconditions": [],
          "LimitedNumberOfSpawns": null
        },
        "DaysUntilSpawnsExpire": 1
      },

//Ridge Forest Treasures
      {
        "SpringItemIndex": [
          74,
          373,
          103,
          168,
          499
        ],
        "SummerItemIndex": [
          74,
          373,
          103,
          168,
          499
        ],
        "FallItemIndex": [
          74,
          373,
          103,
          168,
          499
        ],
        "WinterItemIndex": [
          74,
          373,
          103,
          168,
          499
        ],
        "UniqueAreaID": "RSV RidgeForest Treasures",
        "MapName": "Custom_Ridgeside_RidgeForest",
        "MinimumSpawnsPerDay": 0,
        "MaximumSpawnsPerDay": 3,
        "IncludeTerrainTypes": [
          "Grass"
        ],
        "ExcludeTerrainTypes": [],
        "IncludeCoordinates": [],
        "ExcludeCoordinates": [],
        "StrictTileChecking": "High",
        "SpawnTiming": {
          "StartTime": 600,
          "EndTime": 600,
          "MinimumTimeBetweenSpawns": 10,
          "MaximumSimultaneousSpawns": null,
          "OnlySpawnIfAPlayerIsPresent": false,
          "SpawnSound": ""
        },
        "ExtraConditions": {
          "Years": [],
          "Seasons": [],
          "Days": [],
          "WeatherYesterday": [],
          "WeatherToday": [],
          "WeatherTomorrow": [],
          "EPUPreconditions": [],
          "LimitedNumberOfSpawns": 1
        },
        "DaysUntilSpawnsExpire": 7
      },

      //Ridge Forest - Mistbloom Spawn
      {
        "SpringItemIndex": [
          "Mountain Mistbloom"
        ],
        "SummerItemIndex": [
          "Mountain Mistbloom"
        ],
        "FallItemIndex": [
          "Mountain Mistbloom"
        ],
        "WinterItemIndex": [
          "Mountain Mistbloom"
        ],
        "UniqueAreaID": "RSV Mistbloom",
        "MapName": "Custom_Ridgeside_RidgeForest",
        "MinimumSpawnsPerDay": 5,
        "MaximumSpawnsPerDay": 10,
        "IncludeTerrainTypes": [
          "Grass"
        ],
        "ExcludeTerrainTypes": [],
        "IncludeCoordinates": [],
        "ExcludeCoordinates": [],
        "StrictTileChecking": "High",
        "SpawnTiming": {
          "StartTime": 600,
          "EndTime": 600,
          "MinimumTimeBetweenSpawns": 10,
          "MaximumSimultaneousSpawns": null,
          "OnlySpawnIfAPlayerIsPresent": false,
          "SpawnSound": "shadowpeep"
        },
        "ExtraConditions": {
          "Years": [],
          "Seasons": [],
          "Days": [],
          "WeatherYesterday": [],
          "WeatherToday": ["Rain", "Storm"],
          "WeatherTomorrow": [],
          "EPUPreconditions": ["e 75160254"],
          "LimitedNumberOfSpawns": null
        },
        "DaysUntilSpawnsExpire": 1
      },

//Yellow Wood Sculpture
      {
        "SpringItemIndex": [
          "Yellow Wood Sculpture"
        ],
        "SummerItemIndex": [
          "Yellow Wood Sculpture"
        ],
        "FallItemIndex": [
          "Yellow Wood Sculpture"
        ],
        "WinterItemIndex": [
          "Yellow Wood Sculpture"
        ],
        "UniqueAreaID": "RSV RidgeForest Yellow Wood Sculpture",
        "MapName": "Custom_Ridgeside_RidgeForest",
        "MinimumSpawnsPerDay": 1,
        "MaximumSpawnsPerDay": 1,
        "IncludeTerrainTypes": [],
        "ExcludeTerrainTypes": [],
        "IncludeCoordinates": [
          "10,117/10,117"
        ],
        "ExcludeCoordinates": [],
        "StrictTileChecking": "None",
        "SpawnTiming": {
          "StartTime": 600,
          "EndTime": 600,
          "MinimumTimeBetweenSpawns": 10,
          "MaximumSimultaneousSpawns": null,
          "OnlySpawnIfAPlayerIsPresent": false,
          "SpawnSound": ""
        },
        "ExtraConditions": {
          "Years": [],
          "Seasons": [],
          "Days": [],
          "WeatherYesterday": [],
          "WeatherToday": [
            "Rain", "Storm", "Snow"
          ],
          "WeatherTomorrow": [],
          "EPUPreconditions": [],
          "LimitedNumberOfSpawns": 1
        },
        "DaysUntilSpawnsExpire": 1
      },

//Silver Fish Bones
      {
        "SpringItemIndex": [
          "Silver Fish Bones"
        ],
        "SummerItemIndex": [
          "Silver Fish Bones"
        ],
        "FallItemIndex": [
          "Silver Fish Bones"
        ],
        "WinterItemIndex": [
          "Silver Fish Bones"
        ],
        "UniqueAreaID": "RSV RidgeForest Silver Fish Bones",
        "MapName": "Custom_Ridgeside_RidgeForest",
        "MinimumSpawnsPerDay": 1,
        "MaximumSpawnsPerDay": 1,
        "IncludeTerrainTypes": [],
        "ExcludeTerrainTypes": [],
        "IncludeCoordinates": [
          "72,98/72,98",
          "77,78/77,78",
          "66,55/66,55",
          "29,59/29,59",
          "28,53/28,53",
          "23,39/23,39",
          "27,17/27,17",
          "70,68/70,68",
          "72,55/72,55",
          "128,36/128,36",
          "146,53/146,53",
          "141,61/141,61",
          "148,82/148,82",
          "129,96/129,96",
          "131,110/131,110"
        ],
        "ExcludeCoordinates": [],
        "StrictTileChecking": "None",
        "SpawnTiming": {
          "StartTime": 600,
          "EndTime": 600,
          "MinimumTimeBetweenSpawns": 10,
          "MaximumSimultaneousSpawns": null,
          "OnlySpawnIfAPlayerIsPresent": false,
          "SpawnSound": ""
        },
        "ExtraConditions": {
          "Years": [],
          "Seasons": [],
          "Days": [],
          "WeatherYesterday": [],
          "WeatherToday": [],
          "WeatherTomorrow": [],
          "EPUPreconditions": [],
          "LimitedNumberOfSpawns": 1
        },
        "DaysUntilSpawnsExpire": 1
      },

//Inked Fossil
      {
        "SpringItemIndex": [
          "Inked Fossil"
        ],
        "SummerItemIndex": [
          "Inked Fossil"
        ],
        "FallItemIndex": [
          "Inked Fossil"
        ],
        "WinterItemIndex": [
          "Inked Fossil"
        ],
        "UniqueAreaID": "RSV RidgeForest Inked Fossil",
        "MapName": "Custom_Ridgeside_RidgeForest",
        "MinimumSpawnsPerDay": 1,
        "MaximumSpawnsPerDay": 1,
        "IncludeTerrainTypes": [],
        "ExcludeTerrainTypes": [],
        "IncludeCoordinates": [
          "72,98/72,98",
          "77,78/77,78",
          "66,55/66,55",
          "29,59/29,59",
          "28,53/28,53",
          "23,39/23,39",
          "27,17/27,17",
          "70,68/70,68",
          "72,55/72,55",
          "128,36/128,36",
          "146,53/146,53",
          "141,61/141,61",
          "148,82/148,82",
          "129,96/129,96",
          "131,110/131,110"
        ],
        "ExcludeCoordinates": [],
        "StrictTileChecking": "None",
        "SpawnTiming": {
          "StartTime": 600,
          "EndTime": 600,
          "MinimumTimeBetweenSpawns": 10,
          "MaximumSimultaneousSpawns": null,
          "OnlySpawnIfAPlayerIsPresent": false,
          "SpawnSound": ""
        },
        "ExtraConditions": {
          "Years": [],
          "Seasons": [],
          "Days": [],
          "WeatherYesterday": [],
          "WeatherToday": [],
          "WeatherTomorrow": [],
          "EPUPreconditions": [],
          "LimitedNumberOfSpawns": 1
        },
        "DaysUntilSpawnsExpire": 1
      },

//Nightblack Diamond
      {
        "SpringItemIndex": [
          "Nightblack Diamond"
        ],
        "SummerItemIndex": [
          "Nightblack Diamond"
        ],
        "FallItemIndex": [
          "Nightblack Diamond"
        ],
        "WinterItemIndex": [
          "Nightblack Diamond"
        ],
        "UniqueAreaID": "RSV RidgeForest Nightblack Diamond",
        "MapName": "Custom_Ridgeside_RidgeForest",
        "MinimumSpawnsPerDay": 1,
        "MaximumSpawnsPerDay": 1,
        "IncludeTerrainTypes": [],
        "ExcludeTerrainTypes": [],
        "IncludeCoordinates": [
          "21,113/27,116",
          "49,15/51,17",
          "100,15/102,18",
          "93,40/99,43",
          "83,42/86,44",
          "101,77/103,78"
        ],
        "ExcludeCoordinates": [],
        "StrictTileChecking": "None",
        "SpawnTiming": {
          "StartTime": 600,
          "EndTime": 600,
          "MinimumTimeBetweenSpawns": 10,
          "MaximumSimultaneousSpawns": null,
          "OnlySpawnIfAPlayerIsPresent": false,
          "SpawnSound": ""
        },
        "ExtraConditions": {
          "Years": [],
          "Seasons": [],
          "Days": [],
          "WeatherYesterday": [],
          "WeatherToday": [],
          "WeatherTomorrow": [],
          "EPUPreconditions": [],
          "LimitedNumberOfSpawns": 1
        },
        "DaysUntilSpawnsExpire": 1
      },

//Shell Bracelet
      {
        "SpringItemIndex": [
          "Shell Bracelet"
        ],
        "SummerItemIndex": [
          "Shell Bracelet"
        ],
        "FallItemIndex": [
          "Shell Bracelet"
        ],
        "WinterItemIndex": [
          "Shell Bracelet"
        ],
        "UniqueAreaID": "RSV RidgeForest Shell Bracelet",
        "MapName": "Custom_Ridgeside_RidgeForest",
        "MinimumSpawnsPerDay": 1,
        "MaximumSpawnsPerDay": 1,
        "IncludeTerrainTypes": [],
        "ExcludeTerrainTypes": [],
        "IncludeCoordinates": [
          "42,12/42,12",
        ],
        "ExcludeCoordinates": [],
        "StrictTileChecking": "None",
        "SpawnTiming": {
          "StartTime": 600,
          "EndTime": 600,
          "MinimumTimeBetweenSpawns": 10,
          "MaximumSimultaneousSpawns": null,
          "OnlySpawnIfAPlayerIsPresent": false,
          "SpawnSound": ""
        },
        "ExtraConditions": {
          "Years": [],
          "Seasons": [],
          "Days": [],
          "WeatherYesterday": [],
          "WeatherToday": [
            "Rain", "Storm", "Snow"
          ],
          "WeatherTomorrow": [],
          "EPUPreconditions": [],
          "LimitedNumberOfSpawns": 1
        },
        "DaysUntilSpawnsExpire": 1
      },
//===============================================================
//End Ridge Forest Forage Data
//===============================================================

    ],
    "PercentExtraSpawnsPerForagingLevel": 0,
    "SpringItemIndex": [
      16,
      20,
      22,
      257
    ],
    "SummerItemIndex": [
      396,
      398,
      402,
      404
    ],
    "FallItemIndex": [
      281,
      404,
      420,
      422
    ],
    "WinterItemIndex": [],
    "CustomTileIndex": []
  },
  "Large_Object_Spawn_Settings": {
    "Areas": [

      //Spawn log to block ridgeforest
      {
        "ObjectTypes": [
          "Log"
        ],
        "FindExistingObjectLocations": false,
        "PercentExtraSpawnsPerSkillLevel": 0,
        "RelatedSkill": "Foraging",
        "UniqueAreaID": "Ridge Log",
        "MapName": "Custom_Ridgeside_Ridge",
        "MinimumSpawnsPerDay": 1,
        "MaximumSpawnsPerDay": 1,
        "IncludeTerrainTypes": [],
        "ExcludeTerrainTypes": [],
        "IncludeCoordinates": [
          "24,14/28,16"
        ],
        "ExcludeCoordinates": [],
        "StrictTileChecking": "Maximum",
        "SpawnTiming": {
          "StartTime": 600,
          "EndTime": 600,
          "MinimumTimeBetweenSpawns": 10,
          "MaximumSimultaneousSpawns": null,
          "OnlySpawnIfAPlayerIsPresent": false,
          "SpawnSound": ""
        },
        "ExtraConditions": {
          "Years": [],
          "Seasons": [],
          "Days": [],
          "WeatherYesterday": [],
          "WeatherToday": [],
          "WeatherTomorrow": [],
          "EPUPreconditions": [],
          "LimitedNumberOfSpawns": 1
        },
        "DaysUntilSpawnsExpire": 0
      },

      //Spawn large objects on SummitFarm
      {
        "ObjectTypes": [
          "Log", "Boulder"
        ],
        "FindExistingObjectLocations": false,
        "UniqueAreaID": "Summit Farm large objects",
        "MapName": "Custom_Ridgeside_SummitFarm",
        "MinimumSpawnsPerDay": 0,
        "MaximumSpawnsPerDay": 1,
        "IncludeTerrainTypes": [
          "Dirt"
        ],
        "ExcludeTerrainTypes": [],
        "IncludeCoordinates": [],
        "ExcludeCoordinates": [],
        "StrictTileChecking": "Maximum",
        "SpawnTiming": {
          "StartTime": 600,
          "EndTime": 600,
          "MinimumTimeBetweenSpawns": 10,
          "MaximumSimultaneousSpawns": null,
          "OnlySpawnIfAPlayerIsPresent": false,
          "SpawnSound": ""
        },
        "ExtraConditions": {
          "Years": [],
          "Seasons": [],
          "Days": [],
          "WeatherYesterday": [],
          "WeatherToday": [],
          "WeatherTomorrow": [],
          "EPUPreconditions": [],
        },
        "DaysUntilSpawnsExpire": 0
      }
    ],
    "CustomTileIndex": []
  },
  "Ore_Spawn_Settings": {
    "Areas": [
      {
        "MiningLevelRequired": null,
        "StartingSpawnChance": null,
        "LevelTenSpawnChance": null,
        "UniqueAreaID": "RSV RidgeForest Ores",
        "MapName": "Custom_Ridgeside_RidgeForest",
        "MinimumSpawnsPerDay": 20,
        "MaximumSpawnsPerDay": 50,
        "IncludeTerrainTypes": [
          "Dirt"
        ],
        "ExcludeTerrainTypes": [],
        "IncludeCoordinates": [],
        "ExcludeCoordinates": [],
        "StrictTileChecking": "Maximum",
        "SpawnTiming": {
          "StartTime": 600,
          "EndTime": 600,
          "MinimumTimeBetweenSpawns": 10,
          "MaximumSimultaneousSpawns": null,
          "OnlySpawnIfAPlayerIsPresent": false,
          "SpawnSound": ""
        },
        "ExtraConditions": {
          "Years": [],
          "Seasons": [],
          "Days": [],
          "WeatherYesterday": [],
          "WeatherToday": [],
          "WeatherTomorrow": [],
          "EPUPreconditions": [],
          "LimitedNumberOfSpawns": null
        },
        "DaysUntilSpawnsExpire": 7
      },
    ],
    "PercentExtraSpawnsPerMiningLevel": 0,
    "MiningLevelRequired": {
      "Stone": 0,
      "Geode": 0,
      "FrozenGeode": 5,
      "MagmaGeode": 8,
      "Gem": 6,
      "Copper": 0,
      "Iron": 4,
      "Gold": 7,
      "Iridium": 9,
      "Mystic": 10,
      "Diamond": 6,
      "Ruby": 6,
      "Jade": 6,
      "Amethyst": 6,
      "Topaz": 6,
      "Emerald": 6,
      "Aquamarine": 6
    },
    "StartingSpawnChance": {
      "Stone": 66,
      "Geode": 8,
      "FrozenGeode": 4,
      "MagmaGeode": 2,
      "Gem": 5,
      "Copper": 21,
      "Iron": 15,
      "Gold": 10,
      "Iridium": 1,
      "Mystic": 1,
      "Diamond": 0,
      "Ruby": 0,
      "Jade": 0,
      "Amethyst": 0,
      "Topaz": 0,
      "Emerald": 0,
      "Aquamarine": 0
    },
    "LevelTenSpawnChance": {
      "Stone": 48,
      "Geode": 2,
      "FrozenGeode": 2,
      "MagmaGeode": 2,
      "Gem": 5,
      "Copper": 16,
      "Iron": 13,
      "Gold": 10,
      "Iridium": 1,
      "Mystic": 1,
      "Diamond": 0,
      "Ruby": 0,
      "Jade": 0,
      "Amethyst": 0,
      "Topaz": 0,
      "Emerald": 0,
      "Aquamarine": 0
    },
    "CustomTileIndex": []
  },
  "Monster_Spawn_Settings": {
    "Areas": [

//=====================================
//Ridge Forest Monsters
//=====================================
  
  //Ghost
      {
        "MonsterTypes": [
          {
            "MonsterName": "ghost",
            "Settings": {
              "SpawnWeight": 2,
              "RelatedSkill": "Combat",
              "SeesPlayersAtSpawn": false,
              "Loot": [
                "Spiritual Essence"
              ]
            }
          },
        ],
        "UniqueAreaID": "RSV RidgeForest Ghost",
        "MapName": "Custom_Ridgeside_RidgeForest",
        "MinimumSpawnsPerDay": 20,
        "MaximumSpawnsPerDay": 20,
        "IncludeTerrainTypes": [
          "All"
        ],
        "ExcludeTerrainTypes": [],
        "IncludeCoordinates": [],
        "ExcludeCoordinates": [],
        "StrictTileChecking": "Maximum",
        "SpawnTiming": {
          "StartTime": 600,
          "EndTime": 2300,
          "MinimumTimeBetweenSpawns": 10,
          "MaximumSimultaneousSpawns": 2,
          "OnlySpawnIfAPlayerIsPresent": false,
          "SpawnSound": ""
        },
        "ExtraConditions": {
          "Years": [],
          "Seasons": [],
          "Days": [],
          "WeatherYesterday": [],
          "WeatherToday": [],
          "WeatherTomorrow": [],
          "EPUPreconditions": [],
          "LimitedNumberOfSpawns": null
        },
        "DaysUntilSpawnsExpire": 1
      },

  //Corrupted Spirit
      {
        "MonsterTypes": [
          {
            "MonsterName": "ghost",
            "Settings": {
              "SpawnWeight": 3,
              "HP": 100,
              "Damage": 30,
              "SeesPlayersAtSpawn": false,
              "DodgeChance": 30,
              "RelatedSkill": "Combat",
              "Sprite": "Characters/Monsters/RSVCorruptSpirit",
              "Loot": [
                "Spiritual Essence"
              ]
            }
          },
        ],
        "UniqueAreaID": "RSV RidgeForest Corrupted Spirit",
        "MapName": "Custom_Ridgeside_RidgeForest",
        "MinimumSpawnsPerDay": 50,
        "MaximumSpawnsPerDay": 50,
        "IncludeTerrainTypes": [
          "All"
        ],
        "ExcludeTerrainTypes": [],
        "IncludeCoordinates": [],
        "ExcludeCoordinates": [],
        "StrictTileChecking": "Maximum",
        "SpawnTiming": {
          "StartTime": 600,
          "EndTime": 2300,
          "MinimumTimeBetweenSpawns": 10,
          "MaximumSimultaneousSpawns": 2,
          "OnlySpawnIfAPlayerIsPresent": false,
          "SpawnSound": ""
        },
        "ExtraConditions": {
          "Years": [],
          "Seasons": [],
          "Days": [],
          "WeatherYesterday": [],
          "WeatherToday": [],
          "WeatherTomorrow": [],
          "EPUPreconditions": [],
          "LimitedNumberOfSpawns": null
        },
        "DaysUntilSpawnsExpire": 1
      },

  //Wraith
      {
        "MonsterTypes": [
          {
            "MonsterName": "putrid ghost",
            "Settings": {
              "SpawnWeight": 2,
              "HP": 200,
              "Damage": 10,
              "SeesPlayersAtSpawn": false,
              "DodgeChance": 30,
              "RelatedSkill": "Combat",
              "Sprite": "Characters/Monsters/RSVWraith",
              "Loot": [
                "Spiritual Essence"
              ]
            }
          },
        ],
        "UniqueAreaID": "RSV RidgeForest Wraith",
        "MapName": "Custom_Ridgeside_RidgeForest",
        "MinimumSpawnsPerDay": 10,
        "MaximumSpawnsPerDay": 20,
        "IncludeTerrainTypes": [
          "All"
        ],
        "ExcludeTerrainTypes": [],
        "IncludeCoordinates": [],
        "ExcludeCoordinates": [],
        "StrictTileChecking": "Maximum",
        "SpawnTiming": {
          "StartTime": 600,
          "EndTime": 2300,
          "MinimumTimeBetweenSpawns": 20,
          "MaximumSimultaneousSpawns": 2,
          "OnlySpawnIfAPlayerIsPresent": false,
          "SpawnSound": ""
        },
        "ExtraConditions": {
          "Years": [],
          "Seasons": [],
          "Days": [],
          "WeatherYesterday": [],
          "WeatherToday": [],
          "WeatherTomorrow": [],
          "EPUPreconditions": [],
          "LimitedNumberOfSpawns": null
        },
        "DaysUntilSpawnsExpire": 1
      },

  //Viperial
      {
        "MonsterTypes": [
          {
            "MonsterName": "pepper rex",
            "Settings": {
              "SpawnWeight": 1,
              "HP": 2000,
              "Damage": 20,
              "SeesPlayersAtSpawn": false,
              "DodgeChance": 0,
              "RelatedSkill": "Combat",
              "Sprite": "Characters/Monsters/RSVViperial",
              "Loot": [
                "Spiritual Essence"
              ]
            }
          },
        ],
        "UniqueAreaID": "RSV RidgeForest Viperial",
        "MapName": "Custom_Ridgeside_RidgeForest",
        "MinimumSpawnsPerDay": 3,
        "MaximumSpawnsPerDay": 8,
        "IncludeTerrainTypes": [
          "All"
        ],
        "ExcludeTerrainTypes": [],
        "IncludeCoordinates": [],
        "ExcludeCoordinates": [],
        "StrictTileChecking": "Maximum",
        "SpawnTiming": {
          "StartTime": 600,
          "EndTime": 2300,
          "MinimumTimeBetweenSpawns": 30,
          "MaximumSimultaneousSpawns": 1,
          "OnlySpawnIfAPlayerIsPresent": false,
          "SpawnSound": ""
        },
        "ExtraConditions": {
          "Years": [],
          "Seasons": [],
          "Days": [],
          "WeatherYesterday": [],
          "WeatherToday": [],
          "WeatherTomorrow": [],
          "EPUPreconditions": [],
          "LimitedNumberOfSpawns": null
        },
        "DaysUntilSpawnsExpire": 1
      },

  //Beasts
      {
        "MonsterTypes": [
          {
            "MonsterName": "shadow brute",
            "Settings": {
              "SpawnWeight": 2,
              "HP": 400,
              "Damage": 15,
              "SeesPlayersAtSpawn": false,
              "DodgeChance": 10,
              "RelatedSkill": "Combat",
              "Sprite": "Characters/Monsters/RSVBeast1",
              "Loot": [
                "Spiritual Essence"
              ]
            }
          },
          {
            "MonsterName": "shadow brute",
            "Settings": {
              "SpawnWeight": 1,
              "HP": 550,
              "Damage": 35,
              "SeesPlayersAtSpawn": false,
              "DodgeChance": 10,
              "RelatedSkill": "Combat",
              "Sprite": "Characters/Monsters/RSVBeast2",
              "Loot": [
                "Spiritual Essence"
              ]
            }
          },
          {
            "MonsterName": "shadow brute",
            "Settings": {
              "SpawnWeight": 1,
              "HP": 700,
              "Damage": 50,
              "SeesPlayersAtSpawn": false,
              "DodgeChance": 10,
              "RelatedSkill": "Combat",
              "Sprite": "Characters/Monsters/RSVBeast3",
              "Loot": [
                "Spiritual Essence"
              ]
            }
          },

          //Entombed Ring & Golden Skull Coral Drop
          {
            "MonsterName": "shadow brute",
            "Settings": {
              "SpawnWeight": 1,
              "HP": 550,
              "Damage": 35,
              "SeesPlayersAtSpawn": false,
              "DodgeChance": 10,
              "RelatedSkill": "Combat",
              "Sprite": "Characters/Monsters/RSVBeast2",
              "Loot": [
                "Spiritual Essence",
                "Entombed Ring"
              ]
            }
          },
          {
            "MonsterName": "shadow brute",
            "Settings": {
              "SpawnWeight": 1,
              "HP": 700,
              "Damage": 50,
              "SeesPlayersAtSpawn": false,
              "DodgeChance": 10,
              "RelatedSkill": "Combat",
              "Sprite": "Characters/Monsters/RSVBeast3",
              "Loot": [
                "Spiritual Essence",
                "Golden Skull Coral"
              ]
            }
          },


        ],
        "UniqueAreaID": "RSV RidgeForest Beasts",
        "MapName": "Custom_Ridgeside_RidgeForest",
        "MinimumSpawnsPerDay": 50,
        "MaximumSpawnsPerDay": 50,
        "IncludeTerrainTypes": [
          "All"
        ],
        "ExcludeTerrainTypes": [],
        "IncludeCoordinates": [],
        "ExcludeCoordinates": [],
        "StrictTileChecking": "Maximum",
        "SpawnTiming": {
          "StartTime": 600,
          "EndTime": 2300,
          "MinimumTimeBetweenSpawns": 10,
          "MaximumSimultaneousSpawns": 2,
          "OnlySpawnIfAPlayerIsPresent": false,
          "SpawnSound": ""
        },
        "ExtraConditions": {
          "Years": [],
          "Seasons": [],
          "Days": [],
          "WeatherYesterday": [],
          "WeatherToday": [],
          "WeatherTomorrow": [],
          "EPUPreconditions": [],
          "LimitedNumberOfSpawns": null
        },
        "DaysUntilSpawnsExpire": null
      },

  //Wild Monsters
      {
        "MonsterTypes": [
          {
            "MonsterName": "wilderness golem",
            "Settings": {
              "SpawnWeight": 1,
              "SeesPlayersAtSpawn": false,
              "RelatedSkill": "Combat",
              "Loot": [
                "Spiritual Essence"
              ]
            }
          },
          {
            "MonsterName": "green slime",
            "Settings": {
              "SpawnWeight": 5,
              "SeesPlayersAtSpawn": false,
              "RelatedSkill": "Combat"
            }
          }
        ],
        "UniqueAreaID": "RSV RidgeForest Wild Monsters",
        "MapName": "Custom_Ridgeside_RidgeForest",
        "MinimumSpawnsPerDay": 95,
        "MaximumSpawnsPerDay": 95,
        "IncludeTerrainTypes": [
          "All"
        ],
        "ExcludeTerrainTypes": [],
        "IncludeCoordinates": [],
        "ExcludeCoordinates": [],
        "StrictTileChecking": "Maximum",
        "SpawnTiming": {
          "StartTime": 600,
          "EndTime": 2300,
          "MinimumTimeBetweenSpawns": 10,
          "MaximumSimultaneousSpawns": 5,
          "OnlySpawnIfAPlayerIsPresent": false,
          "SpawnSound": ""
        },
        "ExtraConditions": {
          "Years": [],
          "Seasons": [],
          "Days": [],
          "WeatherYesterday": [],
          "WeatherToday": [],
          "WeatherTomorrow": [],
          "EPUPreconditions": [],
          "LimitedNumberOfSpawns": null
        },
        "DaysUntilSpawnsExpire": null
      },

//=====================================
//Spirit Realm Monsters - Corrupted
//=====================================
  
  //Corrupted Spirit
      {
        "MonsterTypes": [
          {
            "MonsterName": "ghost",
            "Settings": {
              "SpawnWeight": 3,
              "HP": 100,
              "Damage": 30,
              "SeesPlayersAtSpawn": false,
              "DodgeChance": 30,
              "RelatedSkill": "Combat",
              "Sprite": "Characters/Monsters/RSVCorruptSpirit",
              "Loot": [
                "Spiritual Essence"
              ]
            }
          },
        ],
        "UniqueAreaID": "RSV SpiritRealm Corrupted Spirit",
        "MapName": "Custom_Ridgeside_RSVSpiritRealm",
        "MinimumSpawnsPerDay": 50,
        "MaximumSpawnsPerDay": 50,
        "IncludeTerrainTypes": [
          "All"
        ],
        "ExcludeTerrainTypes": [],
        "IncludeCoordinates": [],
        "ExcludeCoordinates": [],
        "StrictTileChecking": "Maximum",
        "SpawnTiming": {
          "StartTime": 600,
          "EndTime": 2300,
          "MinimumTimeBetweenSpawns": 10,
          "MaximumSimultaneousSpawns": 2,
          "OnlySpawnIfAPlayerIsPresent": false,
          "SpawnSound": ""
        },
        "ExtraConditions": {
          "Years": [],
          "Seasons": [],
          "Days": [],
          "WeatherYesterday": [],
          "WeatherToday": [],
          "WeatherTomorrow": [],
          "EPUPreconditions": [
            "k 75160263"
          ],
          "LimitedNumberOfSpawns": null
        },
        "DaysUntilSpawnsExpire": 1
      },

  //Wraith
      {
        "MonsterTypes": [
          {
            "MonsterName": "putrid ghost",
            "Settings": {
              "SpawnWeight": 2,
              "HP": 200,
              "Damage": 10,
              "SeesPlayersAtSpawn": false,
              "DodgeChance": 30,
              "RelatedSkill": "Combat",
              "Sprite": "Characters/Monsters/RSVWraith",
              "Loot": [
                "Spiritual Essence"
              ]
            }
          },
        ],
        "UniqueAreaID": "RSV SpiritRealm Wraith",
        "MapName": "Custom_Ridgeside_RSVSpiritRealm",
        "MinimumSpawnsPerDay": 10,
        "MaximumSpawnsPerDay": 20,
        "IncludeTerrainTypes": [
          "All"
        ],
        "ExcludeTerrainTypes": [],
        "IncludeCoordinates": [],
        "ExcludeCoordinates": [],
        "StrictTileChecking": "Maximum",
        "SpawnTiming": {
          "StartTime": 600,
          "EndTime": 2300,
          "MinimumTimeBetweenSpawns": 20,
          "MaximumSimultaneousSpawns": 2,
          "OnlySpawnIfAPlayerIsPresent": false,
          "SpawnSound": ""
        },
        "ExtraConditions": {
          "Years": [],
          "Seasons": [],
          "Days": [],
          "WeatherYesterday": [],
          "WeatherToday": [],
          "WeatherTomorrow": [],
          "EPUPreconditions": [
            "k 75160263"
          ],
          "LimitedNumberOfSpawns": null
        },
        "DaysUntilSpawnsExpire": 1
      },

  //Viperial
      {
        "MonsterTypes": [
          {
            "MonsterName": "pepper rex",
            "Settings": {
              "SpawnWeight": 1,
              "HP": 2000,
              "Damage": 20,
              "SeesPlayersAtSpawn": false,
              "DodgeChance": 0,
              "RelatedSkill": "Combat",
              "Sprite": "Characters/Monsters/RSVViperial",
              "Loot": [
                "Spiritual Essence"
              ]
            }
          },
        ],
        "UniqueAreaID": "RSV SpiritRealm Viperial",
        "MapName": "Custom_Ridgeside_RSVSpiritRealm",
        "MinimumSpawnsPerDay": 3,
        "MaximumSpawnsPerDay": 8,
        "IncludeTerrainTypes": [
          "All"
        ],
        "ExcludeTerrainTypes": [],
        "IncludeCoordinates": [],
        "ExcludeCoordinates": [],
        "StrictTileChecking": "Maximum",
        "SpawnTiming": {
          "StartTime": 600,
          "EndTime": 2300,
          "MinimumTimeBetweenSpawns": 30,
          "MaximumSimultaneousSpawns": 1,
          "OnlySpawnIfAPlayerIsPresent": false,
          "SpawnSound": ""
        },
        "ExtraConditions": {
          "Years": [],
          "Seasons": [],
          "Days": [],
          "WeatherYesterday": [],
          "WeatherToday": [],
          "WeatherTomorrow": [],
          "EPUPreconditions": [
            "k 75160263"
          ],
          "LimitedNumberOfSpawns": null
        },
        "DaysUntilSpawnsExpire": 1
      },

  //Beasts
      {
        "MonsterTypes": [
          {
            "MonsterName": "shadow brute",
            "Settings": {
              "SpawnWeight": 2,
              "HP": 400,
              "Damage": 15,
              "SeesPlayersAtSpawn": false,
              "DodgeChance": 10,
              "RelatedSkill": "Combat",
              "Sprite": "Characters/Monsters/RSVBeast1",
              "Loot": [
                "Spiritual Essence"
              ]
            }
          },
          {
            "MonsterName": "shadow brute",
            "Settings": {
              "SpawnWeight": 1,
              "HP": 550,
              "Damage": 35,
              "SeesPlayersAtSpawn": false,
              "DodgeChance": 10,
              "RelatedSkill": "Combat",
              "Sprite": "Characters/Monsters/RSVBeast2",
              "Loot": [
                "Spiritual Essence"
              ]
            }
          },
          {
            "MonsterName": "shadow brute",
            "Settings": {
              "SpawnWeight": 1,
              "HP": 700,
              "Damage": 50,
              "SeesPlayersAtSpawn": false,
              "DodgeChance": 10,
              "RelatedSkill": "Combat",
              "Sprite": "Characters/Monsters/RSVBeast3",
              "Loot": [
                "Spiritual Essence"
              ]
            }
          },
        ],
        "UniqueAreaID": "RSV SpiritRealm Beasts",
        "MapName": "Custom_Ridgeside_RSVSpiritRealm",
        "MinimumSpawnsPerDay": 50,
        "MaximumSpawnsPerDay": 50,
        "IncludeTerrainTypes": [
          "All"
        ],
        "ExcludeTerrainTypes": [],
        "IncludeCoordinates": [],
        "ExcludeCoordinates": [],
        "StrictTileChecking": "Maximum",
        "SpawnTiming": {
          "StartTime": 600,
          "EndTime": 2300,
          "MinimumTimeBetweenSpawns": 10,
          "MaximumSimultaneousSpawns": 2,
          "OnlySpawnIfAPlayerIsPresent": false,
          "SpawnSound": ""
        },
        "ExtraConditions": {
          "Years": [],
          "Seasons": [],
          "Days": [],
          "WeatherYesterday": [],
          "WeatherToday": [],
          "WeatherTomorrow": [],
          "EPUPreconditions": [
            "k 75160263"
          ],
          "LimitedNumberOfSpawns": null
        },
        "DaysUntilSpawnsExpire": null
      },
      
    ],
    "CustomTileIndex": []
  },
  "QuarryTileIndex": [
    556,
    558,
    583,
    606,
    607,
    608,
    630,
    635,
    636,
    680,
    681,
    685
  ],
  "File_Conditions": {
    "FarmTypes": [],
    "FarmerNames": [],
    "SaveFileNames": [],
    "OtherMods": {}
  }
}