{
	"Name": "Ridge Apple Cake",
	"Description": "Sweet and comforting to the core!",
	"Category": "Cooking",
	"Edibility": 55,
	"EdibleIsDrink": false,
	"EdibleBuffs": {
    "Farming": 2,
    "Fishing": 0,
    "Mining": 0,
    "Luck": 0,
	"Foraging": 3,
	"MaxStamina": 0,
    "MagnetRadius": 0,
	"Speed": 0,
	"Defense": 0,
	"Attack": 0,
    "Duration": 300,
	},
	"Price": 410,
	"IsColored": false,
	"GiftTastes":
	{
		"Love": ["Alex", "Kenneth", "Sebastian", "Flor", "Carmen"],
        "Like": ["Lola", "Pika", "George"],
        "Hate": ["Harvey", "Philip", "Maru"]
	},
    "Recipe":
    {
        "ResultCount": 2,
        "Ingredients": [
        {
            "Object": 246,
            "Count": 1,
        },
        {
            "Object": 245,
            "Count": 1,
        },
        {
            "Object": 613,
            "Count": 1,
        },
        {
            "Object": 176,
            "Count": 1,
        },
        {
            "Object": "Ridge Wild Apple",
            "Count": 3,
        },
        ],
        "CanPurchase": false,
    },

    "NameLocalization":
    { 
    	//remove the "//" from your language
        //"es": "PLACEHOLDER",
        //"ko": "PLACEHOLDER",
        //"de": "PLACEHOLDER",
        //"fr": "PLACEHOLDER",
        //"hu": "PLACEHOLDER",
        //"it": "PLACEHOLDER",
        //"ja": "PLACEHOLDER",
        //"pt": "PLACEHOLDER",
        //"ru": "PLACEHOLDER",
        //"tr": "PLACEHOLDER",
        //"zh": "PLACEHOLDER",
    },
    "DescriptionLocalization":
    {
    	//remove the "//" from your language    	
        //"es": "PLACEHOLDER",
        //"ko": "PLACEHOLDER",
        //"de": "PLACEHOLDER",
        //"fr": "PLACEHOLDER",
        //"hu": "PLACEHOLDER",
        //"it": "PLACEHOLDER",
        //"ja": "PLACEHOLDER",
        //"pt": "PLACEHOLDER",
        //"ru": "PLACEHOLDER",
        //"tr": "PLACEHOLDER",
        //"zh": "PLACEHOLDER",
    }
}