{
	"Name": "Tropic Mango Cake",
	"Description": "Made from mangoes, this cake is mango-neficient!",
	"Category": "Cooking",
	"Edibility": 10,
	"EdibleIsDrink": false,
	"EdibleBuffs": {
    "Farming": 0,
    "Fishing": 0,
    "Mining": 1,
    "Luck": 0,
	"Foraging": 0,
	"MaxStamina": 0,
    "MagnetRadius": 1,
	"Speed": 1,
	"Defense": 0,
	"Attack": 0,
    "Duration": 300,
	},
	"Price": 380,
	"IsColored": false,
	"GiftTastes":
	{
		"Love": ["Ian", "Jeric", "Philip", "Corine", "Maddie", "Flor", "Maive"],
        "Like": ["Shiro", "Alissa", "Ysabelle"]
	},
    "Recipe":
    {
        "ResultCount": 1,
        "Ingredients": [
        {
            "Object": 246,
            "Count": 1,
        },
        {
            "Object": 176,
            "Count": 1,
        },
        {
            "Object": 834,
            "Count": 1,
        },
        {
            "Object": "Tropi Ugli Fruit",
            "Count": 1,
        }
        ],
        "CanPurchase": false,
    },

    "NameLocalization":
    { 
    	//remove the "//" from your language
        //"es": "PLACEHOLDER",
        //"ko": "PLACEHOLDER",
        //"de": "PLACEHOLDER",
        //"fr": "PLACEHOLDER",
        //"hu": "PLACEHOLDER",
        //"it": "PLACEHOLDER",
        //"ja": "PLACEHOLDER",
        //"pt": "PLACEHOLDER",
        //"ru": "PLACEHOLDER",
        //"tr": "PLACEHOLDER",
        //"zh": "PLACEHOLDER",
    },
    "DescriptionLocalization":
    {
    	//remove the "//" from your language    	
        //"es": "PLACEHOLDER",
        //"ko": "PLACEHOLDER",
        //"de": "PLACEHOLDER",
        //"fr": "PLACEHOLDER",
        //"hu": "PLACEHOLDER",
        //"it": "PLACEHOLDER",
        //"ja": "PLACEHOLDER",
        //"pt": "PLACEHOLDER",
        //"ru": "PLACEHOLDER",
        //"tr": "PLACEHOLDER",
        //"zh": "PLACEHOLDER",
    }
}