{

	"spring": "610 EzekielHouse 16 5 0 square_3_1_0/900 RidgesideVillage 81 56 2/2300 EzekielHouse 31 5 0 corine_sleep",
	"summer": "610 EzekielHouse 16 5 0 square_3_1_0/900 RidgesideVillage 81 56 2/2300 EzekielHouse 31 5 0 corine_sleep",
	"fall": "610 RidgesideVillage 25 58 1/900 RidgesideVillage 81 56 2/2300 EzekielHouse 31 5 0 corine_sleep",
	"winter": "610 EzekielHouse 16 5 0 square_3_1_0/900 RidgesideVillage 81 56 2/2300 EzekielHouse 31 5 0 corine_sleep",
	"rain": "610 EzekielHouse 16 5 0 square_3_1_0/1000 LogCabinHotelLobby 14 8 0/1400 LogCabinHotelLobby 20 14 2/1800 EzekielHouse 31 5 0 corine_sleep",
	"Fri": "610 EzekielHouse 16 5 0 square_3_1_0/800 SeedShop 13 25 1/1300 Saloon 16 18 2 square_2_1_2/23 EzekielHouse 31 5 0 corine_sleep",
	"Sun": "610 EzekielHouse 16 5 0 square_3_1_0/900 RidgesideVillage 81 56 2/1600 RidgesideVillage 117 41 2/1800 EzekielHouse 16 5 0 square_3_1_0/2300 EzekielHouse 31 5 0 corine_sleep",
	
	//Marriage Schedule
	"marriage_Mon": "900 RidgesideVillage 81 56 2/1800 BusStop -1 23 3",
	"marriage_Tue": "900 RidgesideVillage 81 56 2/1800 BusStop -1 23 3",
	"marriage_Wed": "900 RidgesideVillage 81 56 2/1800 BusStop -1 23 3",
	"marriage_Thu": "610 RidgesideVillage 133 86 2 corine_train/1200 RidgesideVillage 140 86 2 corine_meditate/1500 RidgesideVillage 135 87 1 corine_slash/1900 EzekielHouse 24 5 0/2200 RSVTheRidge 76 38 2",
	"marriage_Fri": "800 SeedShop 13 25 1/1300 Saloon 16 18 2 square_2_1_2/2200 BusStop -1 23 3",

}