{

	"spring": "800 LogCabinHotelLobby 2 15 2/1200 LogCabinHotelLobby 21 10 2 ian_clean/1400 LogCabinHotelLobby 3 5 2 ian_clean/1500 BusStop 2 16 2/1800 RidgesideVillage 95 65 2/2200 IanHouse 17 9 0 ian_sleep",
	"summer": "800 LogCabinHotelLobby 2 15 2/1200 LogCabinHotelLobby 21 10 2 ian_clean/1400 LogCabinHotelLobby 3 5 2 ian_clean/1500 BusStop 2 16 2/1800 RidgesideVillage 95 65 2/2200 IanHouse 17 9 0 ian_sleep",
	"fall": "800 LogCabinHotelLobby 2 15 2/1200 LogCabinHotelLobby 21 10 2 ian_clean/1400 LogCabinHotelLobby 3 5 2 ian_clean/1500 BusStop 2 16 2/1800 RidgesideVillage 95 65 2/2200 IanHouse 17 9 0 ian_sleep",
	"winter": "800 LogCabinHotelLobby 2 15 2/1200 LogCabinHotelLobby 21 10 2 ian_clean/1400 LogCabinHotelLobby 3 5 2 ian_clean/1600 BusStop 2 16 2/1900 IanHouse 4 5 3/2200 IanHouse 17 9 0 ian_sleep",
	"rain": "800 ScienceHouse 1 19 0/1200 LogCabinHotelLobby 2 15 2/1600 LennyHouse 14 16 1/1800 IanHouse 4 5 3/2200 IanHouse 17 9 0",
	"Wed": "610 BusStop 2 16 2/900 Town 40 58 2/1600 Saloon 31 6 3/2200 IanHouse 4 5 3 ian_sleep",
	"Tue": "610 RidgesideVillage 118 76 1/700 Mountain 53 8 2/1200 Mines 12 7 3/1600 Saloon 31 6 3/2200 IanHouse 4 5 3 ian_sleep",
	"Thu": "GOTO Tue",

	//Marriage Schedule
	"marriage_Mon": "800 LogCabinHotelLobby 2 15 2/1200 LogCabinHotelLobby 21 10 2 ian_clean/1400 LogCabinHotelLobby 3 5 2 ian_clean/1500 BusStop 2 16 2/1800 RidgesideVillage 95 65 2/2200 BusStop -1 23 3",
	"marriage_Tue": "800 SeedShop 13 23 0/1400 RidgesideVillage 92 63 3/2000 BusStop -1 23 3",
	"marriage_Wed": "700 BusStop 2 16 2/900 Town 40 58 2/1600 Saloon 31 6 3/2200 BusStop -1 23 3",
	"marriage_Thu": "700 Mountain 53 8 2/1200 Mines 12 7 3/1600 Saloon 31 6 3/2200 BusStop -1 23 3",
	"marriage_Fri": "1000 ArchaeologyHouse 17 14 2/1600 BusStop -1 23 3",

}