{

	"spring": "610 RSVNinjaHouse 6 8 2 kiwi_frontflip/1200 RSVTheRidge 76 37 0/2000 RSVTheRidge 64 31 1/2400 RSVNinjaHouse 8 7 0 kiwi_sleep",
	"summer": "610 RSVNinjaHouse 6 8 2 kiwi_frontflip/1200 RSVTheRidge 76 37 0/2000 RSVTheRidge 64 31 1/2400 RSVNinjaHouse 8 7 0 kiwi_sleep",
	"fall": "610 RSVNinjaHouse 6 8 2 kiwi_frontflip/1200 RSVTheRidge 76 37 0/2000 RSVTheRidge 64 31 1/2400 RSVNinjaHouse 8 7 0 kiwi_sleep",
	"winter": "610 RSVNinjaHouse 6 8 2 kiwi_frontflip/1200 RSVTheRidge 76 37 0/2000 RSVTheRidge 64 31 1/2400 RSVNinjaHouse 8 7 0 kiwi_sleep",
	"rain": "610 RSVNinjaHouse 6 8 2 kiwi_frontflip/1200 RSVTheRidge 76 37 0/2000 RSVTheRidge 64 31 1/2400 RSVNinjaHouse 8 7 0 kiwi_sleep",
	"3": "610 Forest 33 97 2 kiwi_frontflip/1200 Forest 39 8 2/1600 RSVNinjaHouse 8 7 3/2400 RSVNinjaHouse 8 7 0 kiwi_sleep",
	"14": "GOTO 3",
	"20": "GOTO 3",
	
}