{
"Changes": [

	/*********
	** Music Enabled
	*********/

		/*********
		** Ridgeside Village
		*********/		

	//Seasonal
		{
			"LogName": "Ridgeside Village Music Spring",
			"Action": "EditMap",
			"Target": "Maps/Custom_Ridgeside_RidgesideVillage",
			"MapProperties": {
				"Music": "{{Random:spring1, spring2, spring3}}"
				},
			"When": {
				"Weather": "Sun",
        		"Season": "spring",
				"Time": "{{Range: 0600, 1900}}",
				"EnableRidgesideMusic": true
				},
			"Update": "OnLocationChange"
		},
		{
			"LogName": "Ridgeside Village Music Summer",
			"Action": "EditMap",
			"Target": "Maps/Custom_Ridgeside_RidgesideVillage",
			"MapProperties": {
				"Music": "{{Random:summer1, summer2, summer3}}"
				},
			"When": {
				"Weather": "Sun",
        		"Season": "summer",				
				"Time": "{{Range: 0600, 1900}}",
				"EnableRidgesideMusic": true
				},
			"Update": "OnLocationChange"
		},
		{
			"LogName": "Ridgeside Village Music Fall",
			"Action": "EditMap",
			"Target": "Maps/Custom_Ridgeside_RidgesideVillage",
			"MapProperties": {
				"Music": "{{Random:cm:FallInRidgeside, fall1, fall2, fall3}}"
				},
			"When": {
				"Weather": "Sun",
        		"Season": "fall",				
				"Time": "{{Range: 0600, 1900}}",
				"EnableRidgesideMusic": true
				},
			"Update": "OnLocationChange"
		},	
		{
			"LogName": "Ridgeside Village Music Winter",
			"Action": "EditMap",
			"Target": "Maps/Custom_Ridgeside_RidgesideVillage",
			"MapProperties": {
				"Music": "{{Random:winter1, winter2, winter3, cm:WinterMountain}}"
				},
			"When": {
				"Weather": "Sun",
        		"Season": "winter",				
				"Time": "{{Range: 0600, 1900}}",
				"EnableRidgesideMusic": true
				},
			"Update": "OnLocationChange"
		},							
	
	//Without Sun		
		{
			"LogName": "Ridgeside Village Music No Sun",
			"Action": "EditMap",
			"Target": "Maps/Custom_Ridgeside_RidgesideVillage",
			"MapProperties": {
				"Music": "rain"
				},
			"When": {
				"Weather: |contains=Sun": false,
				"EnableRidgesideMusic": true
				},
			"Update": "OnLocationChange"
		},
	//At Night		
		{
			"LogName": "Ridgeside Village Music Night",
			"Action": "EditMap",
			"Target": "Maps/Custom_Ridgeside_RidgesideVillage",
			"MapProperties": {
				"Music": "spring_night_ambient"
				},
			"When": {
				"Time": "{{Range: 1900, 2400}}",
				"EnableRidgesideMusic": true,
				"Season |contains=winter": false
				},
			"Update": "OnTimeChange"
		},
		{
			"LogName": "Ridgeside Village Music Night - Winter",
			"Action": "EditMap",
			"Target": "Maps/Custom_Ridgeside_RidgesideVillage",
			"MapProperties": {
				"Music": "cm:AweAmbience"
				},
			"When": {
				"Time": "{{Range: 1900, 2400}}",
				"EnableRidgesideMusic": true,
				"Season |contains=winter": true
				},
			"Update": "OnTimeChange"
		},


		/*********
		** Aguar's Lab
		*********/	
		{
			"LogName": "Aguar's Lab Music",
			"Action": "EditMap",
			"Target": "Maps/Custom_Ridgeside_AguarLab",
			"MapProperties": {
				"Music": "WizardSong"
				},
			"When": {
				"EnableRidgesideMusic": true
				},
			"Update": "OnLocationChange"
		},		

		/*********
		** Aguar's Basement
		*********/	
		{
			"LogName": "Aguar's Basement Music",
			"Action": "EditMap",
			"Target": "Maps/Custom_Ridgeside_AguarBasement",
			"MapProperties": {
				"Music": "WizardSong"
				},
			"When": {
				"EnableRidgesideMusic": true
				},
			"Update": "OnLocationChange"
		},		

		/*********
		** Aguar's Cave
		*********/	
		{
			"LogName": "Aguar's Cave Music",
			"Action": "EditMap",
			"Target": "Maps/Custom_Ridgeside_AguarCave, Maps/Custom_Ridgeside_AguarCaveTemporary",
			"MapProperties": {
				"Music": "cm:CaveDrip"
				},
			"When": {
				"EnableRidgesideMusic": true
				},
			"Update": "OnLocationChange"
		},		
	
]
}