{
"Changes": [
		/*********
		** Add location warps
		*********/
		{
   			"Action": "EditMap",
   			"Target": "Maps/Custom_Ridgeside_AguarBasement",
			"AddWarps": [
      			"1 -1 Custom_Ridgeside_AguarLab 1 11",
   			]
		},
		{
   			"Action": "EditMap",
   			"Target": "Maps/Custom_Ridgeside_AguarCave",
			"AddWarps": [
      			"13 30 Custom_Ridgeside_RidgesideVillage 63 107",
   			]
		},
		{
   			"Action": "EditMap",
   			"Target": "Maps/Custom_Ridgeside_AguarCaveTemporary",
			"AddWarps": [
      			"-1 -1 Custom_Ridgeside_RidgesideVillage 2 2",
   			]
		},
		{
   			"Action": "EditMap",
   			"Target": "Maps/Custom_Ridgeside_AguarLab",
			"AddWarps": [
      			"6 14 Custom_Ridgeside_RidgesideVillage 98 110",
      			"30 10 Custom_Ridgeside_RidgesideVillage 110 106",
      			"30 11 Custom_Ridgeside_RidgesideVillage 110 107",
   			]
		},
		{
   			"Action": "EditMap",
   			"Target": "Maps/Custom_Ridgeside_AlissaHouse",
			"AddWarps": [
      			"7 15 Custom_Ridgeside_RidgesideVillage 27 94",
   			] 
		},
		{
   			"Action": "EditMap",
   			"Target": "Maps/Custom_Ridgeside_AlissaShed",
			"AddWarps": [
      			"4 18 Custom_Ridgeside_RidgesideVillage 19 98",
   			]
		},
		{
   			"Action": "EditMap",
   			"Target": "Maps/Custom_Ridgeside_BertHouse",
			"AddWarps": [
      			"15 16 Custom_Ridgeside_RidgesideVillage 76 115",
      			"18 -1 Custom_Ridgeside_BertHouse2ndFloor 18 15",
      			"19 -1 Custom_Ridgeside_BertHouse2ndFloor 19 15",
   			]
		},
		{
   			"Action": "EditMap",
   			"Target": "Maps/Custom_Ridgeside_BertHouse2ndFloor",
			"AddWarps": [
				"18 16 Custom_Ridgeside_BertHouse 18 0",
				"19 16 Custom_Ridgeside_BertHouse 19 0",
   			]
		},
		{
   			"Action": "EditMap",
   			"Target": "Maps/Custom_Ridgeside_BertHouse2ndFloor",
			"AddWarps": [
				"18 16 Custom_Ridgeside_BertHouse 18 0",
				"19 16 Custom_Ridgeside_BertHouse 19 0",
   			]
		},					
		{
   			"Action": "EditMap",
   			"Target": "Maps/Custom_Ridgeside_EmberNight",
			"AddWarps": [
				"38 80 Custom_Ridgeside_RidgesideVillage 95 2",
				"39 80 Custom_Ridgeside_RidgesideVillage 96 2",
				"40 80 Custom_Ridgeside_RidgesideVillage 97 2",
				"41 80 Custom_Ridgeside_RidgesideVillage 98 2",
				"42 80 Custom_Ridgeside_RidgesideVillage 98 2",
				"43 80 Custom_Ridgeside_RidgesideVillage 98 2",
				"44 80 Custom_Ridgeside_RidgesideVillage 98 2",
				"45 80 Custom_Ridgeside_RidgesideVillage 98 2",
				"46 80 Custom_Ridgeside_RidgesideVillage 98 2",
				"47 80 Custom_Ridgeside_RidgesideVillage 98 2",
				"48 80 Custom_Ridgeside_RidgesideVillage 98 2",
   			]
		},		
		{
   			"Action": "EditMap",
   			"Target": "Maps/Custom_Ridgeside_EzekielHouse",
			"AddWarps": [
      			"6 23 Custom_Ridgeside_RidgesideVillage 83 19",
   			]
		},
		{
   			"Action": "EditMap",
   			"Target": "Maps/Custom_Ridgeside_EzekielPic",
			"AddWarps": [
      			"-1 -1 Custom_Ridgeside_EzekielHouse 0 0",
   			]
		},
		{
   			"Action": "EditMap",
   			"Target": "Maps/Custom_Ridgeside_FreddieHouse",
			"AddWarps": [
      			"8 18 Custom_Ridgeside_RidgesideVillage 14 63",
   			]
		},		
		{
   			"Action": "EditMap",
   			"Target": "Maps/Custom_Ridgeside_IanHouse",
			"AddWarps": [
      			"9 20 Custom_Ridgeside_RidgesideVillage 133 23",
   			]
		},
		{
   			"Action": "EditMap",
   			"Target": "Maps/Custom_Ridgeside_JericHouse",
			"AddWarps": [
      			"5 18 Custom_Ridgeside_RidgesideVillage 22 21",
   			]
		},
		{
   			"Action": "EditMap",
   			"Target": "Maps/Custom_Ridgeside_KennethHouse",
			"AddWarps": [
      			"9 13 Custom_Ridgeside_RSVCliff 46 32",
   			]
		},
		{
   			"Action": "EditMap",
   			"Target": "Maps/Custom_Ridgeside_LennyHouse",
			"AddWarps": [
      			"14 14 Custom_Ridgeside_RidgesideVillage 114 38",
   			]
		},
		{
   			"Action": "EditMap",
   			"Target": "Maps/Custom_Ridgeside_LogCabinHotel2ndFloor",
			"AddWarps": [
				"21 28 Custom_Ridgeside_LogCabinHotelLobby 20 1",
				"22 28 Custom_Ridgeside_LogCabinHotelLobby 21 1",
				"23 28 Custom_Ridgeside_LogCabinHotelLobby 22 1",
				"24 28 Custom_Ridgeside_LogCabinHotelLobby 23 1",
				"21 -1 Custom_Ridgeside_LogCabinHotel3rdFloor 10 17",
				"22 -1 Custom_Ridgeside_LogCabinHotel3rdFloor 11 17",
				"23 -1 Custom_Ridgeside_LogCabinHotel3rdFloor 12 17",
				"24 -1 Custom_Ridgeside_LogCabinHotel3rdFloor 13 17",
   			]
		},
		{
   			"Action": "EditMap",
   			"Target": "Maps/Custom_Ridgeside_LogCabinHotel3rdFloor",
			"AddWarps": [
      			"10 18 Custom_Ridgeside_LogCabinHotel2ndFloor 21 0",
      			"11 18 Custom_Ridgeside_LogCabinHotel2ndFloor 22 0",
      			"12 18 Custom_Ridgeside_LogCabinHotel2ndFloor 23 0",
      			"13 18 Custom_Ridgeside_LogCabinHotel2ndFloor 24 0",
   			]
		},		
		{
   			"Action": "EditMap",
   			"Target": "Maps/Custom_Ridgeside_LogCabinHotelLobby",
			"AddWarps": [
 				"7 18 Custom_Ridgeside_RidgesideVillage 114 22",
				"8 18 Custom_Ridgeside_RidgesideVillage 115 22",
				"20 0 Custom_Ridgeside_LogCabinHotel2ndFloor 21 27",
				"21 0 Custom_Ridgeside_LogCabinHotel2ndFloor 22 27",
				"22 0 Custom_Ridgeside_LogCabinHotel2ndFloor 23 27",
				"23 0 Custom_Ridgeside_LogCabinHotel2ndFloor 24 27",
   			]
		},		
		{
   			"Action": "EditMap",
   			"Target": "Maps/Custom_Ridgeside_LolaShed",
			"AddWarps": [
      			"9 18 Custom_Ridgeside_RidgesideVillage 7 48",
   			]
		},		
		{
   			"Action": "EditMap",
   			"Target": "Maps/Custom_Ridgeside_MaddieHouse",
			"AddWarps": [
      			"4 18 Custom_Ridgeside_RidgesideVillage 89 28",
   			]
		},		
		{
   			"Action": "EditMap",
   			"Target": "Maps/Custom_Ridgeside_MysticFalls1",
			"AddWarps": [
				"14 20 Custom_Ridgeside_RidgeForest 41 84",
				"15 20 Custom_Ridgeside_RidgeForest 41 84",
				"16 20 Custom_Ridgeside_RidgeForest 41 84",
   			]
		},		
		{
   			"Action": "EditMap",
   			"Target": "Maps/Custom_Ridgeside_MysticFalls2",
			"AddWarps": [
				"14 20 Custom_Ridgeside_RidgeForest 136 55",
				"15 20 Custom_Ridgeside_RidgeForest 136 55",
				"16 20 Custom_Ridgeside_RidgeForest 136 55",
   			]
		},		
		{
   			"Action": "EditMap",
   			"Target": "Maps/Custom_Ridgeside_MysticFalls3",
			"AddWarps": [
				"14 20 Custom_Ridgeside_RidgeForest 38 27",
				"15 20 Custom_Ridgeside_RidgeForest 38 27",
				"16 20 Custom_Ridgeside_RidgeForest 38 27",
   			]
		},		
		{
   			"Action": "EditMap",
   			"Target": "Maps/Custom_Ridgeside_PikaHouse",
			"AddWarps": [
      			"5 18 Custom_Ridgeside_RidgesideVillage 75 59",
   			]
		},		
		{
   			"Action": "EditMap",
   			"Target": "Maps/Custom_Ridgeside_PrincessVilleDate",
			"AddWarps": [
      			"-10 0 Custom_Ridgeside_RSVNinjaHouse -10 0",

   			]
		},		
		{
   			"Action": "EditMap",
   			"Target": "Maps/Custom_Ridgeside_Ridge",
			"AddWarps": [
				"38 50 Custom_Ridgeside_RidgesideVillage 97 1",
				"39 50 Custom_Ridgeside_RidgesideVillage 98 1",
				"40 50 Custom_Ridgeside_RidgesideVillage 98 1",
				"41 50 Custom_Ridgeside_RidgesideVillage 98 1",
				"42 50 Custom_Ridgeside_RidgesideVillage 98 1",

				"31 -1 Custom_Ridgeside_RidgeForest 80 143",
				"32 -1 Custom_Ridgeside_RidgeForest 80 143",
				"33 -1 Custom_Ridgeside_RidgeForest 80 143",

				"-1 21 Custom_Ridgeside_RidgeFalls 78 33",
				"-1 22 Custom_Ridgeside_RidgeFalls 78 33",
				"-1 23 Custom_Ridgeside_RidgeFalls 78 33",
   			]
		},		
		{
   			"Action": "EditMap",
   			"Target": "Maps/Custom_Ridgeside_RidgeFalls",
			"AddWarps": [
				"80 32 Custom_Ridgeside_Ridge 1 22",
				"80 33 Custom_Ridgeside_Ridge 1 22",
				"80 34 Custom_Ridgeside_Ridge 1 22",
   			]
		},		
		{
   			"Action": "EditMap",
   			"Target": "Maps/Custom_Ridgeside_RidgeForest",
			"AddWarps": [
				"78 146 Custom_Ridgeside_Ridge 32 1",
				"79 146 Custom_Ridgeside_Ridge 32 1",
				"80 146 Custom_Ridgeside_Ridge 32 1",
				"81 146 Custom_Ridgeside_Ridge 32 1",
				"41 83 Custom_Ridgeside_MysticFalls1 15 19",
				"136 54 Custom_Ridgeside_MysticFalls2 15 19",
				"38 26 Custom_Ridgeside_MysticFalls3 15 19",
				"96 2 Custom_Ridgeside_SummitFarm 46 76",
				"97 2 Custom_Ridgeside_SummitFarm 47 76",
				"98 2 Custom_Ridgeside_SummitFarm 48 76",
				"99 2 Custom_Ridgeside_SummitFarm 49 76",
   			]
		},			
		{
   			"Action": "EditMap",
   			"Target": "Maps/Custom_Ridgeside_RidgesideVillage",
			"AddWarps": [
				"150 112 Custom_Ridgeside_RSVTheHike 22 46",
				"150 113 Custom_Ridgeside_RSVTheHike 22 46",
				"150 114 Custom_Ridgeside_RSVTheHike 22 46",

				"97 -1 Custom_Ridgeside_Ridge 40 48",
				"98 -1 Custom_Ridgeside_Ridge 40 48",
				"99 -1 Custom_Ridgeside_Ridge 40 48",
				"100 -1 Custom_Ridgeside_Ridge 40 48",

				"150 25 Custom_Ridgeside_RSVCliff 16 15",
				"150 26 Custom_Ridgeside_RSVCliff 16 15",
				"150 27 Custom_Ridgeside_RSVCliff 16 15",
				"150 28 Custom_Ridgeside_RSVCliff 16 15",
   			]
		},		
		{
   			"Action": "EditMap",
   			"Target": "Maps/Custom_Ridgeside_RSVAbandonedHouse",
			"AddWarps": [
      			"6 12 Custom_Ridgeside_RSVTheHike 60 43",
  			]
		},		
		{
   			"Action": "EditMap",
   			"Target": "Maps/Custom_Ridgeside_RSVCableCar",
			"AddWarps": [
				"20 7 Custom_Ridgeside_RSVCliff 39 19",
				"21 7 Custom_Ridgeside_RSVCliff 39 19",

				"19 30 BusStop 28 1",
				"20 30 BusStop 28 1",
				"21 30 BusStop 28 1",   			]
		},	
		{
   			"Action": "EditMap",
   			"Target": "Maps/Custom_Ridgeside_RSVCliff",
			"AddWarps": [
				"39 17 Custom_Ridgeside_RSVCableCar 20 9",
				"39 17 Custom_Ridgeside_RSVCableCar 20 9",

				"14 33 Custom_Ridgeside_RSVTheHike 79 26",
				"14 34 Custom_Ridgeside_RSVTheHike 79 26",
				"14 35 Custom_Ridgeside_RSVTheHike 79 26",

				"14 13 Custom_Ridgeside_RidgesideVillage 149 26",
				"14 14 Custom_Ridgeside_RidgesideVillage 149 26",
				"14 15 Custom_Ridgeside_RidgesideVillage 149 26",
				"14 16 Custom_Ridgeside_RidgesideVillage 149 26",				
   			]
		},	
		{
   			"Action": "EditMap",
   			"Target": "Maps/Custom_Ridgeside_RSVGathering",
			"AddWarps": [
				"150 25 Custom_Ridgeside_RSVCliff 16 15",
				"150 26 Custom_Ridgeside_RSVCliff 16 15",
				"150 27 Custom_Ridgeside_RSVCliff 16 15",
				"150 28 Custom_Ridgeside_RSVCliff 16 15",
				"150 112 Custom_Ridgeside_RSVTheHike 0 27",
				"150 113 Custom_Ridgeside_RSVTheHike 0 27",
				"150 114 Custom_Ridgeside_RSVTheHike 0 27",
				"97 -1 Custom_Ridgeside_Ridge 38 38",
				"98 -1 Custom_Ridgeside_Ridge 39 38",
				"99 -1 Custom_Ridgeside_Ridge 40 38",
				"100 -1 Custom_Ridgeside_Ridge 41 38",
   			]
		},
		{
   			"Action": "EditMap",
   			"Target": "Maps/Custom_Ridgeside_RSVGreenhouse1",
			"AddWarps": [
      			"24 33 Custom_Ridgeside_RidgesideVillage 96 74",
      			"25 33 Custom_Ridgeside_RidgesideVillage 96 74",
   			]
		},	
		{
   			"Action": "EditMap",
   			"Target": "Maps/Custom_Ridgeside_RSVGreenhouse2",
			"AddWarps": [
      			"10 24 Custom_Ridgeside_RSVTheHike 38 24",
   			]
		},			
		{
   			"Action": "EditMap",
   			"Target": "Maps/Custom_Ridgeside_RSVHiddenWarp",
			"AddWarps": [
		        "11 1 Custom_Ridgeside_RSVNinjaHouse 6 9"
   			]
		},	
		{
   			"Action": "EditMap",
   			"Target": "Maps/Custom_Ridgeside_RSVHiddenWarp2",
			"AddWarps": [
		        "11 1 Custom_Ridgeside_Ridge 70 33"
   			]
		},		
		{
   			"Action": "EditMap",
   			"Target": "Maps/Custom_Ridgeside_RSVNinjaHouse",
			"AddWarps": [
      			"8 14 Custom_Ridgeside_Ridge 89 20",
   			]
		},	
		{
   			"Action": "EditMap",
   			"Target": "Maps/Custom_Ridgeside_RSVTheHike",
			"AddWarps": [
				"80 25 Custom_Ridgeside_RSVCliff 16 34",
				"80 26 Custom_Ridgeside_RSVCliff 16 34",
				"80 27 Custom_Ridgeside_RSVCliff 16 34",

				"20 45 Custom_Ridgeside_RidgesideVillage 149 113",
				"20 46 Custom_Ridgeside_RidgesideVillage 149 113",
				"20 47 Custom_Ridgeside_RidgesideVillage 149 113",
   			]
		},	
		{
   			"Action": "EditMap",
   			"Target": "Maps/Custom_Ridgeside_RSVTheRide",
			"AddWarps": [
				"-2 -2 Custom_Ridgeside_RidgesideVillage 0 0"
   			]
		},	
		{
   			"Action": "EditMap",
   			"Target": "Maps/Custom_Ridgeside_ShiroHouse",
			"AddWarps": [
      			"2 15 Custom_Ridgeside_RidgesideVillage 130 45",
   			]
		},																																															

			//BusStop Warp
		{
   			"Action": "EditMap",
   			"Target": "Maps/BusStop",
			"AddWarps": [
				"27 -1 Custom_Ridgeside_RSVCableCar 20 28",
				"28 -1 Custom_Ridgeside_RSVCableCar 20 28",
				"29 -1 Custom_Ridgeside_RSVCableCar 20 28",
   			]
		},

		//2.0 Maps
		{
   			"Action": "EditMap",
   			"Target": "Maps/Custom_Ridgeside_LogCabinEventHall",
			"AddWarps": [
				"14 32 Custom_Ridgeside_LogCabinHotelLobby 33 4",
				"15 32 Custom_Ridgeside_LogCabinHotelLobby 33 4",
   			]
		},
		{
   			"Action": "EditMap",
   			"Target": "Maps/Custom_Ridgeside_LogCabinEventHall_Birthday",
			"AddWarps": [
				"14 32 Custom_Ridgeside_RidgesideVillage 114 22",
				"15 32 Custom_Ridgeside_RidgesideVillage 114 22",
   			]
		},

		{
   			"Action": "EditMap",
   			"Target": "Maps/Custom_Ridgeside_BlairHouse",
			"AddWarps": [
      			"29 16 Custom_Ridgeside_RidgesideVillage 78 73",
   			]
		},

		{
   			"Action": "EditMap",
   			"Target": "Maps/Custom_Ridgeside_FayeHouse",
			"AddWarps": [
      			"9 21 Custom_Ridgeside_RidgesideVillage 105 63",
   			]
		},

		{
   			"Action": "EditMap",
   			"Target": "Maps/Custom_Ridgeside_PurpleMansion",
			"AddWarps": [
      			"29 40 Custom_Ridgeside_RidgesideVillage 129 71",
      			"30 40 Custom_Ridgeside_RidgesideVillage 129 71",
      			"18 20 Custom_Ridgeside_PurpleMansion2ndFloor 12 20",
      			"18 21 Custom_Ridgeside_PurpleMansion2ndFloor 12 20",
      			"18 22 Custom_Ridgeside_PurpleMansion2ndFloor 12 20",
      			"41 20 Custom_Ridgeside_PurpleMansion2ndFloor 35 20",
      			"41 21 Custom_Ridgeside_PurpleMansion2ndFloor 35 20",
      			"41 22 Custom_Ridgeside_PurpleMansion2ndFloor 35 20",
   			]
		},

		{
   			"Action": "EditMap",
   			"Target": "Maps/Custom_Ridgeside_PurpleMansion2ndFloor",
			"AddWarps": [
      			"13 19 Custom_Ridgeside_PurpleMansion 19 21",
      			"13 20 Custom_Ridgeside_PurpleMansion 19 21",
      			"13 21 Custom_Ridgeside_PurpleMansion 19 21",
      			"13 22 Custom_Ridgeside_PurpleMansion 19 21",
      			"34 19 Custom_Ridgeside_PurpleMansion 40 21",
      			"34 20 Custom_Ridgeside_PurpleMansion 40 21",
      			"34 21 Custom_Ridgeside_PurpleMansion 40 21",
      			"34 22 Custom_Ridgeside_PurpleMansion 40 21",
   			]
		},

		{
   			"Action": "EditMap",
   			"Target": "Maps/Custom_Ridgeside_3Bros",
			"AddWarps": [
      			"11 19 Custom_Ridgeside_RidgesideVillage 76 19",
      			"12 19 Custom_Ridgeside_RidgesideVillage 76 19",
      			"3 3 Custom_Ridgeside_3Bros2ndFloor 7 19",
      			"4 3 Custom_Ridgeside_3Bros2ndFloor 7 19",
   			]
		},

		{
   			"Action": "EditMap",
   			"Target": "Maps/Custom_Ridgeside_3Bros2ndFloor",
			"AddWarps": [
      			"7 20 Custom_Ridgeside_3Bros 4 4",
      			"8 20 Custom_Ridgeside_3Bros 4 4",
   			]
		},

		{
   			"Action": "EditMap",
   			"Target": "Maps/Custom_Ridgeside_PaulaClinic",
			"AddWarps": [
      			"19 18 Custom_Ridgeside_RidgesideVillage 135 36",
   			]
		},

		{
   			"Action": "EditMap",
   			"Target": "Maps/Custom_Ridgeside_SummitFarm",
			"AddWarps": [
      			"46 79 Custom_Ridgeside_RidgeForest 96 4",
      			"47 79 Custom_Ridgeside_RidgeForest 97 4",
      			"48 79 Custom_Ridgeside_RidgeForest 98 4",
      			"49 79 Custom_Ridgeside_RidgeForest 99 4",
   			]
		},

		{
   			"Action": "EditMap",
   			"Target": "Maps/Custom_Ridgeside_RSVSummitHouse",
			"AddWarps": [
      			"16 12 Custom_Ridgeside_SummitFarm 18 47",
   			]
		},

		{
   			"Action": "EditMap",
   			"Target": "Maps/Custom_Ridgeside_RSVSpiritRealm",
			"AddWarps": [
      			"0 0 Custom_Ridgeside_RidgeFalls 15 44",
   			]
		},

]
}