{
"Changes": [
	{
   
   "Action": "EditData",
   "Target": "Characters/Dialogue/Acorn",
   "Entries": {


		//Spring
	"spring_1": "{{i18n:Acorn.Dialogue.spring_1}}",
	"spring_12": "{{i18n:Acorn.Dialogue.spring_12}}",
	"spring_23": "{{i18n:Acorn.Dialogue.spring_23}}",

		//Summer
	"summer_1": "{{i18n:Acorn.Dialogue.summer_1}}",
	"summer_10": "{{i18n:Acorn.Dialogue.summer_10}}",
	"summer_27": "{{i18n:Acorn.Dialogue.summer_27}}",

		//Fall
	"fall_1": "{{i18n:Acorn.Dialogue.fall_1}}",
	"fall_15": "{{i18n:Acorn.Dialogue.fall_15}}",
	"fall_26": "{{i18n:Acorn.Dialogue.fall_26}}",

		//Winter
	"winter_1": "{{i18n:Acorn.Dialogue.winter_1}}",
	"winter_7": "{{i18n:Acorn.Dialogue.winter_7}}",
	"winter_24": "{{i18n:Acorn.Dialogue.winter_24}}",

	"Mon": "{{i18n:Acorn.Dialogue.random.{{Random: 1, 2, 3, 4, 5, 6, 7, 8, 9, 10, 11, 12, 13, 14, 15, 16, 17, 18, 19, 20}}}}",
	"Tue": "{{i18n:Acorn.Dialogue.random.{{Random: 1, 2, 3, 4, 5, 6, 7, 8, 9, 10, 11, 12, 13, 14, 15, 16, 17, 18, 19, 20}}}}",
	"Wed": "{{i18n:Acorn.Dialogue.random.{{Random: 1, 2, 3, 4, 5, 6, 7, 8, 9, 10, 11, 12, 13, 14, 15, 16, 17, 18, 19, 20}}}}",
	"Thu": "{{i18n:Acorn.Dialogue.random.{{Random: 1, 2, 3, 4, 5, 6, 7, 8, 9, 10, 11, 12, 13, 14, 15, 16, 17, 18, 19, 20}}}}",
	"Fri": "{{i18n:Acorn.Dialogue.random.{{Random: 1, 2, 3, 4, 5, 6, 7, 8, 9, 10, 11, 12, 13, 14, 15, 16, 17, 18, 19, 20}}}}",
	"Sat": "{{i18n:Acorn.Dialogue.random.{{Random: 1, 2, 3, 4, 5, 6, 7, 8, 9, 10, 11, 12, 13, 14, 15, 16, 17, 18, 19, 20}}}}",
	"Sun": "{{i18n:Acorn.Dialogue.random.{{Random: 1, 2, 3, 4, 5, 6, 7, 8, 9, 10, 11, 12, 13, 14, 15, 16, 17, 18, 19, 20}}}}",
		},
	},
]
}
