{
"Changes": [
	{
   
   "Action": "EditData",
   "Target": "Characters/Dialogue/Bryle",
   "Entries": {

	"Mon": "{{i18n:Bryle.Dialogue.random.{{Random: 1, 2, 3, 4, 5, 6, 7, 8, 9, 10, 11, 12, 13, 14, 15, 16, 17, 18, 19, 20}}}}",
	"Tue": "{{i18n:Bryle.Dialogue.random.{{Random: 1, 2, 3, 4, 5, 6, 7, 8, 9, 10, 11, 12, 13, 14, 15, 16, 17, 18, 19, 20}}}}",
	"Wed": "{{i18n:Bryle.Dialogue.random.{{Random: 1, 2, 3, 4, 5, 6, 7, 8, 9, 10, 11, 12, 13, 14, 15, 16, 17, 18, 19, 20}}}}",
	"Thu": "{{i18n:Bryle.Dialogue.random.{{Random: 1, 2, 3, 4, 5, 6, 7, 8, 9, 10, 11, 12, 13, 14, 15, 16, 17, 18, 19, 20}}}}",
	"Fri": "{{i18n:Bryle.Dialogue.random.{{Random: 1, 2, 3, 4, 5, 6, 7, 8, 9, 10, 11, 12, 13, 14, 15, 16, 17, 18, 19, 20}}}}",
	"Sat": "{{i18n:Bryle.Dialogue.random.{{Random: 1, 2, 3, 4, 5, 6, 7, 8, 9, 10, 11, 12, 13, 14, 15, 16, 17, 18, 19, 20}}}}",
	"Sun": "{{i18n:Bryle.Dialogue.random.{{Random: 1, 2, 3, 4, 5, 6, 7, 8, 9, 10, 11, 12, 13, 14, 15, 16, 17, 18, 19, 20}}}}",
		},
	},
]
}
