{
"Changes": [
	//Antisocial
	{
   
   "Action": "EditData",
   "Target": "Characters/Dialogue/Daia",
   "Entries": {

   	"Mon": "{{i18n:Daia.Dialogue.random.{{Random: 1, 2, 3, 4, 5, 6, 7, 8, 9, 10, 11, 12, 13, 14, 15, 16, 17, 18, 19, 20}}}}",
   	"Tue": "{{i18n:Daia.Dialogue.random.{{Random: 1, 2, 3, 4, 5, 6, 7, 8, 9, 10, 11, 12, 13, 14, 15, 16, 17, 18, 19, 20}}}}",
   	"Wed": "{{i18n:Daia.Dialogue.random.{{Random: 1, 2, 3, 4, 5, 6, 7, 8, 9, 10, 11, 12, 13, 14, 15, 16, 17, 18, 19, 20}}}}",
   	"Thu": "{{i18n:Daia.Dialogue.random.{{Random: 1, 2, 3, 4, 5, 6, 7, 8, 9, 10, 11, 12, 13, 14, 15, 16, 17, 18, 19, 20}}}}",
   	"Fri": "{{i18n:Daia.Dialogue.random.{{Random: 1, 2, 3, 4, 5, 6, 7, 8, 9, 10, 11, 12, 13, 14, 15, 16, 17, 18, 19, 20}}}}",
   	"Sat": "{{i18n:Daia.Dialogue.random.{{Random: 1, 2, 3, 4, 5, 6, 7, 8, 9, 10, 11, 12, 13, 14, 15, 16, 17, 18, 19, 20}}}}",
   	"Sun": "{{i18n:Daia.Dialogue.random.{{Random: 1, 2, 3, 4, 5, 6, 7, 8, 9, 10, 11, 12, 13, 14, 15, 16, 17, 18, 19, 20}}}}",
		},
	},

	//Romanceable
	{
   
   "Action": "EditData",
   "Target": "Characters/Dialogue/Daia",
   "When": { "HasSeenEvent": "75160264" },
   "Entries": {


//Spring
	"spring_1": "{{i18n:Daia.Dialogue.spring_1}}",
	"spring_12": "{{i18n:Daia.Dialogue.spring_12}}",
	"spring_23": "{{i18n:Daia.Dialogue.spring_23}}",

//Summer
	"summer_1": "{{i18n:Daia.Dialogue.summer_1}}",
	"summer_10": "{{i18n:Daia.Dialogue.summer_10}}",
	"summer_27": "{{i18n:Daia.Dialogue.summer_27}}",

//Fall
	"fall_1": "{{i18n:Daia.Dialogue.fall_1}}",
	"fall_15": "{{i18n:Daia.Dialogue.fall_15}}",
	"fall_26": "{{i18n:Daia.Dialogue.fall_26}}",

//Winter
	"winter_1": "{{i18n:Daia.Dialogue.winter_1}}",
	"winter_7": "{{i18n:Daia.Dialogue.winter_7}}",
	"winter_24": "{{i18n:Daia.Dialogue.winter_24}}",

//Days of the Week

	//0 Hearts
	"Mon": "{{i18n:Daia.Dialogue.random.{{Random: 1, 2, 3, 4, 5, 6, 7, 8, 9, 10, 11, 12, 13, 14, 15, 16, 17, 18, 19, 20, 21, 22, 23, 24, 25, 26, 27, 28, 29, 30, 31, 32, 33, 34, 35, 36, 37, 38, 39, 40}}}}",
   	"Tue": "{{i18n:Daia.Dialogue.random.{{Random: 1, 2, 3, 4, 5, 6, 7, 8, 9, 10, 11, 12, 13, 14, 15, 16, 17, 18, 19, 20, 21, 22, 23, 24, 25, 26, 27, 28, 29, 30, 31, 32, 33, 34, 35, 36, 37, 38, 39, 40}}}}",
   	"Wed": "{{i18n:Daia.Dialogue.random.{{Random: 1, 2, 3, 4, 5, 6, 7, 8, 9, 10, 11, 12, 13, 14, 15, 16, 17, 18, 19, 20, 21, 22, 23, 24, 25, 26, 27, 28, 29, 30, 31, 32, 33, 34, 35, 36, 37, 38, 39, 40}}}}",
   	"Thu": "{{i18n:Daia.Dialogue.random.{{Random: 1, 2, 3, 4, 5, 6, 7, 8, 9, 10, 11, 12, 13, 14, 15, 16, 17, 18, 19, 20, 21, 22, 23, 24, 25, 26, 27, 28, 29, 30, 31, 32, 33, 34, 35, 36, 37, 38, 39, 40}}}}",
   	"Fri": "{{i18n:Daia.Dialogue.random.{{Random: 1, 2, 3, 4, 5, 6, 7, 8, 9, 10, 11, 12, 13, 14, 15, 16, 17, 18, 19, 20, 21, 22, 23, 24, 25, 26, 27, 28, 29, 30, 31, 32, 33, 34, 35, 36, 37, 38, 39, 40}}}}",
   	"Sat": "{{i18n:Daia.Dialogue.random.{{Random: 1, 2, 3, 4, 5, 6, 7, 8, 9, 10, 11, 12, 13, 14, 15, 16, 17, 18, 19, 20, 21, 22, 23, 24, 25, 26, 27, 28, 29, 30, 31, 32, 33, 34, 35, 36, 37, 38, 39, 40}}}}",
   	"Sun": "{{i18n:Daia.Dialogue.random.{{Random: 1, 2, 3, 4, 5, 6, 7, 8, 9, 10, 11, 12, 13, 14, 15, 16, 17, 18, 19, 20, 21, 22, 23, 24, 25, 26, 27, 28, 29, 30, 31, 32, 33, 34, 35, 36, 37, 38, 39, 40}}}}",

//Special Dialogue
	"breakUp": "{{i18n:Daia.Dialogue.breakUp}}",
	"danceRejection": "{{i18n:Daia.Dialogue.danceRejection}}",
	"divorced": "{{i18n:Daia.Dialogue.divorced}}",
	"MovieInvitation": "{{i18n:Daia.Dialogue.MovieInvitation}}",


//Resort
	"Resort_Entering": "{{i18n:Daia.Dialogue.Resort_Entering}}",
	"Resort_Leaving": "{{i18n:Daia.Dialogue.Resort_Leaving}}",
	"Resort_Leaving_2": "{{i18n:Daia.Dialogue.Resort_Leaving_2}}",
	"Resort_Shore": "{{i18n:Daia.Dialogue.Resort_Shore}}",
	"Resort_Shore_2": "{{i18n:Daia.Dialogue.Resort_Shore_2}}",
	"Resort_Umbrella": "{{i18n:Daia.Dialogue.Resort_Umbrella}}",
	"Resort_Umbrella_2": "{{i18n:Daia.Dialogue.Resort_Umbrella_2}}",
	"Resort_Umbrella_3": "{{i18n:Daia.Dialogue.Resort_Umbrella_3}}",
	"Resort_Wander": "{{i18n:Daia.Dialogue.Resort_Wander}}",
	"Resort_Bar": "{{i18n:Daia.Dialogue.Resort_Bar}}",
	"Resort": "{{i18n:Daia.Dialogue.Resort}}",


		},
	},

	//Romantic dialogue overwrite when dating
	{
   
   "Action": "EditData",
   "Target": "Characters/Dialogue/Daia",
   "When": {
   	"Relationship:Daia": "Dating"
   },
   "Entries": {

   	//8 Hearts and above
	"Mon8": "{{i18n:Daia.Dialogue.random.romantic.{{Random: 1, 2, 3, 4, 5, 6, 7, 8, 9, 10, 11, 12, 13, 14, 15, 16, 17, 18, 19, 20, 21, 22, 23, 24, 25, 26, 27, 28, 29, 30, 31, 32, 33, 34, 35, 36, 37, 38, 39, 40}}}}",
	"Tue8": "{{i18n:Daia.Dialogue.random.romantic.{{Random: 1, 2, 3, 4, 5, 6, 7, 8, 9, 10, 11, 12, 13, 14, 15, 16, 17, 18, 19, 20, 21, 22, 23, 24, 25, 26, 27, 28, 29, 30, 31, 32, 33, 34, 35, 36, 37, 38, 39, 40}}}}",
	"Wed8": "{{i18n:Daia.Dialogue.random.romantic.{{Random: 1, 2, 3, 4, 5, 6, 7, 8, 9, 10, 11, 12, 13, 14, 15, 16, 17, 18, 19, 20, 21, 22, 23, 24, 25, 26, 27, 28, 29, 30, 31, 32, 33, 34, 35, 36, 37, 38, 39, 40}}}}",
	"Thu8": "{{i18n:Daia.Dialogue.random.romantic.{{Random: 1, 2, 3, 4, 5, 6, 7, 8, 9, 10, 11, 12, 13, 14, 15, 16, 17, 18, 19, 20, 21, 22, 23, 24, 25, 26, 27, 28, 29, 30, 31, 32, 33, 34, 35, 36, 37, 38, 39, 40}}}}",
	"Fri8": "{{i18n:Daia.Dialogue.random.romantic.{{Random: 1, 2, 3, 4, 5, 6, 7, 8, 9, 10, 11, 12, 13, 14, 15, 16, 17, 18, 19, 20, 21, 22, 23, 24, 25, 26, 27, 28, 29, 30, 31, 32, 33, 34, 35, 36, 37, 38, 39, 40}}}}",
	"Sat8": "{{i18n:Daia.Dialogue.random.romantic.{{Random: 1, 2, 3, 4, 5, 6, 7, 8, 9, 10, 11, 12, 13, 14, 15, 16, 17, 18, 19, 20, 21, 22, 23, 24, 25, 26, 27, 28, 29, 30, 31, 32, 33, 34, 35, 36, 37, 38, 39, 40}}}}",
	"Sun8": "{{i18n:Daia.Dialogue.random.romantic.{{Random: 1, 2, 3, 4, 5, 6, 7, 8, 9, 10, 11, 12, 13, 14, 15, 16, 17, 18, 19, 20, 21, 22, 23, 24, 25, 26, 27, 28, 29, 30, 31, 32, 33, 34, 35, 36, 37, 38, 39, 40}}}}",
		},
	},
]
}
