{
"Changes": [
	{
   
   "Action": "EditData",
   "Target": "Characters/Dialogue/Faye",
   "Entries": {
   	"Introduction": "{{i18n:{{TargetWithoutPath}}.Dialogue.Introduction}}",


		//Spring
	"spring_1": "{{i18n:Faye.Dialogue.spring_1}}",
	"spring_12": "{{i18n:Faye.Dialogue.spring_12}}",
	"spring_23": "{{i18n:Faye.Dialogue.spring_23}}",

		//Summer
	"summer_1": "{{i18n:Faye.Dialogue.summer_1}}",
	"summer_10": "{{i18n:Faye.Dialogue.summer_10}}",
	"summer_27": "{{i18n:Faye.Dialogue.summer_27}}",

		//Fall
	"fall_1": "{{i18n:Faye.Dialogue.fall_1}}",
	"fall_15": "{{i18n:Faye.Dialogue.fall_15}}",
	"fall_26": "{{i18n:Faye.Dialogue.fall_26}}",

		//Winter
	"winter_1": "{{i18n:Faye.Dialogue.winter_1}}",
	"winter_7": "{{i18n:Faye.Dialogue.winter_7}}",
	"winter_24": "{{i18n:Faye.Dialogue.winter_24}}",


	//Work
	"Custom_Ridgeside_RidgesideVillage_90_38": "{{i18n:Faye.Dialogue.work.{{Random: 1, 2, 3, 4, 5, 6, 7, 8, 9, 10, 11, 12, 13, 14, 15, 16, 17, 18, 19, 20, 21, 22, 23, 24}}}}",
		//Days of the Week

		//0 Hearts
	"Mon": "{{i18n:Faye.Dialogue.Mon}}",
	"Tue": "{{i18n:Faye.Dialogue.Tue}}",
	"Wed": "{{i18n:Faye.Dialogue.Wed}}",
	"Thu": "{{i18n:Faye.Dialogue.Thu}}",
	"Fri": "{{i18n:Faye.Dialogue.Fri}}",
	"Sat": "{{i18n:Faye.Dialogue.Sat}}",
	"Sun": "{{i18n:Faye.Dialogue.Sun}}",
	
		//2 Hearts
	"Mon2": "{{i18n:Faye.Dialogue.Mon2}}",
	"Tue2": "{{i18n:Faye.Dialogue.Tue2}}",
	"Wed2": "{{i18n:Faye.Dialogue.Wed2}}",
	"Thu2": "{{i18n:Faye.Dialogue.Thu2}}",
	"Fri2": "{{i18n:Faye.Dialogue.Fri2}}",
	"Sat2": "{{i18n:Faye.Dialogue.Sat2}}",
	"Sun2": "{{i18n:Faye.Dialogue.Sun2}}",
	
		//4 Hearts
	"Mon4": "{{i18n:Faye.Dialogue.Mon4}}",
	"Tue4": "{{i18n:Faye.Dialogue.Tue4}}",
	"Wed4": "{{i18n:Faye.Dialogue.Wed4}}",
	"Thu4": "{{i18n:Faye.Dialogue.Thu4}}",
	"Fri4": "{{i18n:Faye.Dialogue.Fri4}}",
	"Sat4": "{{i18n:Faye.Dialogue.Sat4}}",
	"Sun4": "{{i18n:Faye.Dialogue.Sun4}}",
	
		//6 Hearts
	"Mon6": "{{i18n:Faye.Dialogue.Mon6}}",
	"Tue6": "{{i18n:Faye.Dialogue.Tue6}}",
	"Wed6": "{{i18n:Faye.Dialogue.Wed6}}",
	"Thu6": "{{i18n:Faye.Dialogue.Thu6}}",
	"Fri6": "{{i18n:Faye.Dialogue.Fri6}}",
	"Sat6": "{{i18n:Faye.Dialogue.Sat6}}",
	"Sun6": "{{i18n:Faye.Dialogue.Sun6}}",
			
		//8 Hearts
	"Mon8": "{{i18n:Faye.Dialogue.Mon8}}",
	"Tue8": "{{i18n:Faye.Dialogue.Tue8}}",
	"Wed8": "{{i18n:Faye.Dialogue.Wed8}}",
	"Thu8": "{{i18n:Faye.Dialogue.Thu8}}",
	"Fri8": "{{i18n:Faye.Dialogue.Fri8}}",
	"Sat8": "{{i18n:Faye.Dialogue.Sat8}}",
	"Sun8": "{{i18n:Faye.Dialogue.Sun8}}",
	
		//10 Hearts
	"Mon10": "{{i18n:Faye.Dialogue.Mon10}}",
	"Tue10": "{{i18n:Faye.Dialogue.Tue10}}",
	"Wed10": "{{i18n:Faye.Dialogue.Wed10}}",
	"Thu10": "{{i18n:Faye.Dialogue.Thu10}}",
	"Fri10": "{{i18n:Faye.Dialogue.Fri10}}",
	"Sat10": "{{i18n:Faye.Dialogue.Sat10}}",
	"Sun10": "{{i18n:Faye.Dialogue.Sun10}}",
		},
	},
]
}
