{
"Changes": [
	{
   
   "Action": "EditData",
   "Target": "Characters/Dialogue/Raeriyala",
   "Entries": {

   	"Mon": "{{i18n:Raeriyala.Dialogue.random.{{Random: 1, 2, 3, 4, 5, 6, 7, 8, 9, 10, 11, 12, 13, 14, 15, 16, 17, 18, 19, 20}}}}",
	"Tue": "{{i18n:Raeriyala.Dialogue.random.{{Random: 1, 2, 3, 4, 5, 6, 7, 8, 9, 10, 11, 12, 13, 14, 15, 16, 17, 18, 19, 20}}}}",
	"Wed": "{{i18n:Raeriyala.Dialogue.random.{{Random: 1, 2, 3, 4, 5, 6, 7, 8, 9, 10, 11, 12, 13, 14, 15, 16, 17, 18, 19, 20}}}}",
	"Thu": "{{i18n:Raeriyala.Dialogue.random.{{Random: 1, 2, 3, 4, 5, 6, 7, 8, 9, 10, 11, 12, 13, 14, 15, 16, 17, 18, 19, 20}}}}",
	"Fri": "{{i18n:Raeriyala.Dialogue.random.{{Random: 1, 2, 3, 4, 5, 6, 7, 8, 9, 10, 11, 12, 13, 14, 15, 16, 17, 18, 19, 20}}}}",
	"Sat": "{{i18n:Raeriyala.Dialogue.random.{{Random: 1, 2, 3, 4, 5, 6, 7, 8, 9, 10, 11, 12, 13, 14, 15, 16, 17, 18, 19, 20}}}}",
	"Sun": "{{i18n:Raeriyala.Dialogue.random.{{Random: 1, 2, 3, 4, 5, 6, 7, 8, 9, 10, 11, 12, 13, 14, 15, 16, 17, 18, 19, 20}}}}",
	"spring_12": "{{i18n:Raeriyala.Dialogue.spring_12}}",
	"spring_23": "{{i18n:Raeriyala.Dialogue.spring_23}}",
	"summer_10": "{{i18n:Raeriyala.Dialogue.summer_10}}",
	"summer_27": "{{i18n:Raeriyala.Dialogue.summer_27}}",
	"fall_15": "{{i18n:Raeriyala.Dialogue.fall_15}}",
	"fall_19": "{{i18n:Raeriyala.Dialogue.fall_19}}",
	"fall_26": "{{i18n:Raeriyala.Dialogue.fall_26}}",
	"winter_7": "{{i18n:Raeriyala.Dialogue.winter_7}}",
	"winter_24": "{{i18n:Raeriyala.Dialogue.winter_24}}",
	"winter_27": "{{i18n:Raeriyala.Dialogue.winter_27}}",
		},
	},
]
}
