{
"Changes": [
	{
   
   "Action": "EditData",
   "Target": "Characters/Dialogue/TreehouseGirl",
   "Entries": {

	"Mon": "... [{{spacechase0.JsonAssets/ObjectId:Hollowed Bear}}]#$e#...$h",
	"Tue": "... [{{spacechase0.JsonAssets/ObjectId:Hollowed Bear}}]#$e#...$h",
	"Wed": "... [{{spacechase0.JsonAssets/ObjectId:Hollowed Bear}}]#$e#...$h",
	"Thu": "... [{{spacechase0.JsonAssets/ObjectId:Hollowed Bear}}]#$e#...$h",
	"Fri": "... [{{spacechase0.JsonAssets/ObjectId:Hollowed Bear}}]#$e#...$h",
	"Sat": "... [{{spacechase0.JsonAssets/ObjectId:Hollowed Bear}}]#$e#...$h",
	"Sun": "... [{{spacechase0.JsonAssets/ObjectId:Hollowed Bear}}]#$e#...$h",
		},
	},
]
}
