{
"Changes": [
	{
   //Before storyline
   "Action": "EditData",
   "Target": "Characters/Dialogue/Undreya",
   "Entries": {

	"Introduction": "{{i18n:Undreya.Dialogue.Introduction}}",

		//Day before Festivals	
	"spring_12": "{{i18n:Undreya.Dialogue.spring_12}}",
	"summer_10": "{{i18n:Undreya.Dialogue.summer_10}}",
	"summer_27": "{{i18n:Undreya.Dialogue.summer_27}}",
	"fall_26": "{{i18n:Undreya.Dialogue.fall_26}}",
	"winter_7": "{{i18n:Undreya.Dialogue.winter_7}}",
	"winter_14": "{{i18n:Undreya.Dialogue.winter_14}}",
	"winter_24": "{{i18n:Undreya.Dialogue.winter_24}}",

		//Days of the Week
	"Mon": "{{i18n:Undreya.Dialogue.Mon}}",
	"Tue": "{{i18n:Undreya.Dialogue.Tue}}",
	"Wed": "{{i18n:Undreya.Dialogue.Wed}}",
	"Thu": "{{i18n:Undreya.Dialogue.Thu}}",
	"Fri": "{{i18n:Undreya.Dialogue.Fri}}",
	"Sat": "{{i18n:Undreya.Dialogue.Sat}}",
	"Sun": "{{i18n:Undreya.Dialogue.Sun}}",
	
		//Seasonal
	"spring_1": "{{i18n:Undreya.Dialogue.spring_1}}",
	"summer_1": "{{i18n:Undreya.Dialogue.summer_1}}",
	"fall_1": "{{i18n:Undreya.Dialogue.fall_1}}",
	"winter_1": "{{i18n:Undreya.Dialogue.winter_1}}",

		},
	},


	{
   	//stay home flag
   "Action": "EditData",
   "Target": "Characters/Dialogue/Undreya",
   "Entries": {
		//Days of the Week

		//0 Hearts
	"Mon": "{{i18n:Undreya.Dialogue.Mon0}}",
	"Tue": "{{i18n:Undreya.Dialogue.Tue0}}",
	"Wed": "{{i18n:Undreya.Dialogue.Wed0}}",
	"Thu": "{{i18n:Undreya.Dialogue.Thu0}}",
	"Fri": "{{i18n:Undreya.Dialogue.Fri0}}",
	"Sat": "{{i18n:Undreya.Dialogue.Sat0}}",
	"Sun": "{{i18n:Undreya.Dialogue.Sun0}}",
	
		//2 Hearts
	"Mon2": "{{i18n:Undreya.Dialogue.Mon2}}",
	"Tue2": "{{i18n:Undreya.Dialogue.Tue2}}",
	"Wed2": "{{i18n:Undreya.Dialogue.Wed2}}",
	"Thu2": "{{i18n:Undreya.Dialogue.Thu2}}",
	"Fri2": "{{i18n:Undreya.Dialogue.Fri2}}",
	"Sat2": "{{i18n:Undreya.Dialogue.Sat2}}",
	"Sun2": "{{i18n:Undreya.Dialogue.Sun2}}",
	
		//4 Hearts
	"Mon4": "{{i18n:Undreya.Dialogue.Mon4}}",
	"Tue4": "{{i18n:Undreya.Dialogue.Tue4}}",
	"Wed4": "{{i18n:Undreya.Dialogue.Wed4}}",
	"Thu4": "{{i18n:Undreya.Dialogue.Thu4}}",
	"Fri4": "{{i18n:Undreya.Dialogue.Fri4}}",
	"Sat4": "{{i18n:Undreya.Dialogue.Sat4}}",
	"Sun4": "{{i18n:Undreya.Dialogue.Sun4}}",
	
		//6 Hearts
	"Mon6": "{{i18n:Undreya.Dialogue.Mon6}}",
	"Tue6": "{{i18n:Undreya.Dialogue.Tue6}}",
	"Wed6": "{{i18n:Undreya.Dialogue.Wed6}}",
	"Thu6": "{{i18n:Undreya.Dialogue.Thu6}}",
	"Fri6": "{{i18n:Undreya.Dialogue.Fri6}}",
	"Sat6": "{{i18n:Undreya.Dialogue.Sat6}}",
	"Sun6": "{{i18n:Undreya.Dialogue.Sun6}}",
			
		//8 Hearts
	"Mon8": "{{i18n:Undreya.Dialogue.Mon8}}",
	"Tue8": "{{i18n:Undreya.Dialogue.Tue8}}",
	"Wed8": "{{i18n:Undreya.Dialogue.Wed8}}",
	"Thu8": "{{i18n:Undreya.Dialogue.Thu8}}",
	"Fri8": "{{i18n:Undreya.Dialogue.Fri8}}",
	"Sat8": "{{i18n:Undreya.Dialogue.Sat8}}",
	"Sun8": "{{i18n:Undreya.Dialogue.Sun8}}",
	
		//10 Hearts
	"Mon10": "{{i18n:Undreya.Dialogue.Mon10}}",
	"Tue10": "{{i18n:Undreya.Dialogue.Tue10}}",
	"Wed10": "{{i18n:Undreya.Dialogue.Wed10}}",
	"Thu10": "{{i18n:Undreya.Dialogue.Thu10}}",
	"Fri10": "{{i18n:Undreya.Dialogue.Fri10}}",
	"Sat10": "{{i18n:Undreya.Dialogue.Sat10}}",
	"Sun10": "{{i18n:Undreya.Dialogue.Sun10}}",
		},
	"When": {
				"HasFlag: hostPlayer |contains=RSV.UndreyaStayHome": true,
			},
	},

]		
}