{
  "Shops": [
  
	//------------
	//JericShop   
	//------------
	{
	"ShopName": "RSVJericShop",
	"StoreCurrency": "Money",
	"CategoriesToSell": [ -19,-74 ],
	"PortraitPath": "assets/JericShop.png",
	"Quote": "Hey! How can I help you?",
	"ClosedMessage": "Closed! Come back next time!",
	"ShopPrice": -1,
	"MaxNumItemsSoldInStore": 5,
	"DefaultSellPriceMultiplier": 0.7,
	"PriceMultiplierWhen": {
		"0.6": ["f Jeric 2000"] 
		},
	"When": ["NPCAt Jeric 2 13/t 900 1600"],
	"LocalizedQuote": {
    	//remove the "//" from your language
        //"es": "PLACEHOLDER",
        //"ko": "PLACEHOLDER",
        //"de": "PLACEHOLDER",
        //"fr": "PLACEHOLDER",
        //"hu": "PLACEHOLDER",
        //"it": "PLACEHOLDER",
        //"ja": "PLACEHOLDER",
        //"pt": "PLACEHOLDER",
        //"ru": "PLACEHOLDER",
        //"tr": "PLACEHOLDER",
        //"zh": "PLACEHOLDER",
    	},
   "LocalizedClosedMessage": {
    	//remove the "//" from your language
        //"es": "PLACEHOLDER",
        //"ko": "PLACEHOLDER",
        //"de": "PLACEHOLDER",
        //"fr": "PLACEHOLDER",
        //"hu": "PLACEHOLDER",
        //"it": "PLACEHOLDER",
        //"ja": "PLACEHOLDER",
        //"pt": "PLACEHOLDER",
        //"ru": "PLACEHOLDER",
        //"tr": "PLACEHOLDER",
        //"zh": "PLACEHOLDER",
    	},	
	"ItemStocks": [
		//Spring Jeric less than 8 hearts
		{
			"ItemType": "Object",
			"ItemNames": [
				"Cauliflower Seeds",
				"Garlic Seeds",
				"Bean Starter",
				"Parsnip Seeds",
				],
			"Stock": 6,
			"When": [ "!z spring" ] 
		},
		//Spring Jeric 8 hearts
		{
			"ItemType": "Object",
			"ItemNames": [
				"Strawberry Seeds",
				],
			"Stock": 6,
			"StockPrice": 100,
			"When": [ "f Jeric 2000/!z spring" ] 
		},
		//Summer
		{
			"ItemType": "Object",
			"ItemNames": [
				"Corn Seeds",
				"Pepper Seeds",
				"Melon Starter",
				"Red Cabbage Seeds",
				"Tomato Seeds",
				],
			"Stock": 6,
			"When": [ "!z summer" ] 
		},
		//Summer Jeric 8 hearts
		{
			"ItemType": "Object",
			"ItemNames": [
				"Red Cabbage Seeds",
				],
			"Stock": 6,
			"StockPrice": 100,
			"When": [ "f Jeric 2000/!z summer" ] 
		},
		//Fall
		{
			"ItemType": "Object",
			"ItemNames": [
				"Yam Seeds",
				"Bok Choy Seeds",
				"Eggplant Starter",
				"Pumpkin Seeds",
				],
			"Stock": 6,
			"When": [ "!z fall" ] 
		},
		//Winter
		{
			"ItemType": "Object",
			"ItemNames": [
				"Mixed Seeds",
				],
			"Stock": 6,
			"StockPrice": 100,
			"When": [ "!z winter" ] 
		},
		//PPJA Fruit & Veg - Spring Jeric less than 8 hearts Y1
		{
			"ItemType": "Object",
			"ItemNames": [
				"Basil Seeds",
				"Cabbage Seeds",
				"Onion Seeds",
				"Parsley Seeds",
				"Spinach Seeds",
				],
			"Stock": 6,
			"When": [ "!z spring" ] 
		},
		//PPJA Fruit & Veg - Spring Jeric 8 hearts Y1
		{
			"ItemType": "Object",
			"ItemNames": [
				"Passion Fruit Seeds",	
				],
			"Stock": 6,
			"StockPrice": 100,
			"When": [ "f Jeric 2000/!z spring" ] 
		},
		//PPJA Fruit & Veg - Spring Y2
		{
			"ItemType": "Object",
			"ItemNames": [
				"Buckwheat Seeds",
				"Muskmelon Seeds",
				"Suger Beet Seeds",
				"Sweet Canary Melon Seeds",
				],
			"Stock": 6,
			"When": [ "!z spring/y 2" ] 
		},
		//PPJA Fruit & Veg - Spring Y3
		{
			"ItemType": "Object",
			"ItemNames": [
				"Red Onion Seeds",
				"Rapeseed Flower Seeds",
				],
			"Stock": 6,
			"When": [ "!z spring/y 3" ] 
		},
		//PPJA Fruit & Veg - Spring Y4
		{
			"ItemType": "Object",
			"ItemNames": [
				"Bamboo Cutting",
				"Licorice Seeds",
				"Maguey Seeds",
				"Shallot Seeds",
				"Shiitake Mushroom Starter",
				],
			"Stock": 6,
			"When": [ "!z spring/y 4" ] 
		},
		//PPJA Fruit & Veg - Summer Jeric less than 8 hearts Y1
		{
			"ItemType": "Object",
			"ItemNames": [
				"Adzuki Bean Seeds",
				"Chive Seeds",
				"Lettuce Seeds",
				"Navy Bean Seeds",
				"Oregano Seeds",
				"Perilla Seeds",
				],
			"Stock": 6,
			"When": [ "!z summer" ] 
		},
		//PPJA Fruit & Veg - Summer Jeric 8 hearts Y1
		{
			"ItemType": "Object",
			"ItemNames": [
				"Cotton Seeds",
				"Kiwi Seeds",
				"Wasabi Seeds",
				],
			"Stock": 6,
			"When": [ "f Jeric 2000/!z summer" ] 
		},
		//PPJA Fruit & Veg - Summer Y2
		{
			"ItemType": "Object",
			"ItemNames": [
				"Cassava Seeds",
				"Cucumber Starter",
				"Gooseberry Seeds",
				"Raspberry Seeds",
				],
			"Stock": 6,
			"When": [ "!z summer/y 2" ] 
		},
		//PPJA Fruit & Veg - Summer Y3
		{
			"ItemType": "Object",
			"ItemNames": [
				"Butternut Squash Seeds",
				"Okra Seeds",
				"Rapeseed Seeds",
				"Zucchini Seeds",
				],
			"Stock": 6,
			"When": [ "!z summer/y 3" ] 
		},
		//PPJA Fruit & Veg - Summer Y4
		{
			"ItemType": "Object",
			"ItemNames": [
				"Asparagus Seeds",
				"Bamboo Cutting",
				"Chickpea Seeds",
				"Green Pea Seeds",
				"Maguey Seeds",
				"Quinoa Seeds",
				"Sulfur Shelf Mushroom Seeds",
				],
			"Stock": 6,
			"When": [ "!z summer/y 4" ] 
		},
		//PPJA Fruit & Veg - Fall Jeric less than 8 hearts y1
		{
			"ItemType": "Object",
			"ItemNames": [
				"Cabbage Seeds",
				"Carrot Seeds",
				"Rosemary Seeds",
				"Sage Seeds",
				"Spinach Seeds",
				"Sweet Potato Seeds",
				"Thyme Seeds",
				],
			"Stock": 6,
			"When": [ "!z fall" ] 
		},
		//PPJA Fruit & Veg - Fall Jeric 8 hearts y1
		{
			"ItemType": "Object",
			"ItemNames": [
				"Bell Pepper Seeds",
				"Cotton Seeds",
				"Kiwi Seeds",
				"Watermelon Seeds",
				],
			"Stock": 6,
			"When": [ "f Jeric 2000/!z fall" ] 
		},
		//PPJA Fruit & Veg - Fall Jeric less than 8 hearts y2
		{
			"ItemType": "Object",
			"ItemNames": [
				"Blackberry Seeds",
				"Broccoli Seeds",
				"Celery Seeds",
				],
			"Stock": 6,
			"When": [ "!z fall/y 2" ] 
		},
		//PPJA Fruit & Veg - Fall Jeric 8 hearts y2
		{
			"ItemType": "Object",
			"ItemNames": [
				"Barley Seeds",
				"Fennel Seeds",
				"Peanut Seeds",
				"Soybean Seeds",
				],
			"Stock": 6,
			"When": [ "f Jeric 2000/!z fall/y 2" ] 
		},
		//PPJA Fruit & Veg - Fall y3
		{
			"ItemType": "Object",
			"ItemNames": [
				"Habanero Seeds",
				"Jalapeno Seeds",
				"Oat Seeds",
				"Okra Seeds",
				"Tabasco Seeds",
				],
			"Stock": 6,
			"When": [ "!z fall/y 3" ] 
		},
		//PPJA Fruit & Veg - Fall y4
		{
			"ItemType": "Object",
			"ItemNames": [
				"Durum Seeds",
				"Kidney Bean Starter",
				"Shiitake Mushroom Starter",
				"Sulfur Shelf Mushroom Seeds",
				],
			"Stock": 6,
			"When": [ "!z fall/y 4" ] 
		},
		//PPJA Fruit & Veg - Winter Y1
		{
			"ItemType": "Object",
			"ItemNames": [
				"Juniper Berry Seeds",
				"Mint Seeds",
				],
			"Stock": 6,
			"When": [ "!z winter" ] 
		},
		//PPJA Fruit & Veg - Winter Y2
		{
			"ItemType": "Object",
			"ItemNames": [
				"Elderberry Seeds",
				],
			"Stock": 6,
			"When": [ "!z winter/y 2" ] 
		},
		//Grapes of Ferngill - All year 
		{
			"ItemType": "Object",
			"ItemNames": [
				"Dried Crackle Berry Grapes",
				"Crackle Berry Grape Sparkling Wine",
				"Crackle Berry Grape Vinegar",
				"Crackle Berry Grape Wine",
				],
			"Stock": 6,
		},
		//Grapes of Ferngill - Summer
		{
			"ItemType": "Object",
			"ItemNames": [
				"Crackle Berry Grape Grappa",
				],
			"Stock": 6,
			"When": [ "!z summer" ] 
		},
		//Grapes of Ferngill - Winter
		{
			"ItemType": "Object",
			"ItemNames": [
				"Crackle Berry Grape",
				"Crackle Berry Grape Fortified Wine",
				"Crackle Berry Grape Sweet Wine",
				],
			"Stock": 6,
			"When": [ "!z winter" ] 
		},
		//PPJA More Trees - Spring Y1
		{
			"ItemType": "Object",
			"ItemNames": [
				"Fragrant Wisteria Sapling",
				"Lemon Sapling",
				"Lime Sapling",
				"Melaleuca Sapling",
				"Vanilla Sapling",
				],
			"Stock": 6,
			"When": [ "!z spring" ] 
		},
		//PPJA More Trees - Spring Y2
		{
			"ItemType": "Object",
			"ItemNames": [
				"Cocoa Sapling",
				],
			"Stock": 6,
			"When": [ "!z spring/y 2" ] 
		},
		//PPJA More Trees - Summer
		{
			"ItemType": "Object",
			"ItemNames": [
				"Ume Sapling",
				],
			"Stock": 6,
			"When": [ "!z summer" ] 
		},
		//PPJA More Trees - Summer Y2
		{
			"ItemType": "Object",
			"ItemNames": [
				"Avocado Sapling",
				],
			"Stock": 6,
			"When": [ "!z summer/y 2" ] 
		},
		//PPJA More Trees - fall Y1
		{
			"ItemType": "Object",
			"ItemNames": [
				"Almond Sapling",
				"Asian Pear Sapling",
				"Cashew Sapling",
				"Granny Smith Sapling",
				"Walnut Sapling",
				],
			"Stock": 2,
			"When": [ "!z fall" ] 
		},
		//PPJA More Trees - fall Y2
		{
			"ItemType": "Object",
			"ItemNames": [
				"Grapefruit Sapling",
				"Olive Sapling",
				],
			"Stock": 2,
			"When": [ "!z fall/y 2" ] 
		},
		//PPJA More Trees - fall Y3
		{
			"ItemType": "Object",
			"ItemNames": [
				"Pecan Sapling",
				],
			"Stock": 2,
			"When": [ "!z fall/y 3" ] 
		},
		//PPJA More Trees - Winter
		{
			"ItemType": "Object",
			"ItemNames": [
				"Persimmon Sapling",
				"Yuzu Sapling",
				],
			"Stock": 2,
			"When": [ "!z winter" ] 
		},
		//PPJA More Trees - Winter Y2
		{
			"ItemType": "Object",
			"ItemNames": [
				"Cinnamonn Sapling",
				"Fig Sapling",
				"Pear Sapling",
				"Pomelo Sapling",
				],
			"Stock": 2,
			"When": [ "!z winter/y 2" ] 
		},
		//PPJA More Trees - Winter Y3
		{
			"ItemType": "Object",
			"ItemNames": [
				"Camphor Sapling",
				],
			"Stock": 2,
			"When": [ "!z winter/y 3" ] 
		},
		//Bonsters Crops - Spring Jeric 4 hearts Y2
		{
			"ItemType": "Object",
			"ItemNames": [
				"Chayote Seeds",
				"Cloudberry Seeds",
				"Lingonberry Seeds",
				"White Apline Strawberry Seeds",
				],
			"Stock": 6,
			"When": [ "f Jeric 1000/!z spring/y 2" ] 
		},
		//Bonsters Crops - Spring Jeric 8 hearts Y3
		{
			"ItemType": "Object",
			"ItemNames": [
				"Cranberry Seeds",
				"Red Currant Seeds",
				"Rose Hip Seeds",
				],
			"Stock": 6,
			"When": [ "f Jeric 2000/z spring/y 3" ] 
		},
		//Bonsters Crops - Summer Jeric 4 hearts Y2
		{
			"ItemType": "Object",
			"ItemNames": [
				"Benne Sesame Seeds",
				"BLue Corn Seeds",
				"Cardamom Seeds",
				"Chayote Seeds",
				"Cowpeas Seeds",
				"Peppercorn Seeds",
				"Prickly Pear Seeds",
				"Scotch Bonnet Seeds",
				"Summer Squash Seeds",
				"Sunchoke Seeds",
				],
			"Stock": 6,
			"When": [ "f Jeric 1000/!z summer/y 2" ] 
		},
		//Bonsters Crops - Summer Jeric 8 hearts Y3
		{
			"ItemType": "Object",
			"ItemNames": [
				"Blackcurrant Seeds",
				"Maypop Passion Fruit Seeds",
				"Rose Hip Seeds",
				"Roselle Hibiscus Seeds",
				],
			"Stock": 6,
			"When": [ "f Jeric 2000/!z summer/y 3" ] 
		},
		//Bonsters Crops - Fall Jeric 4 hearts Y2
		{
			"ItemType": "Object",
			"ItemNames": [
				"Black Bean Seeds",
				"Blue Corn Seeds",
				"Candy Rooster Squash Seeds",
				"Cowpeas Seeds",
				"Green Chile Seeds",
				"Oats Seeds",
				"Peppercorn Seeds",
				"Salsify Seeds",
				"Sunchoke Seeds",
				],
			"Stock": 6,
			"When": [ "f Jeric 1000/!z fall/y 2" ] 
		},
		//Bonsters Crops - Fall Jeric 8 hearts Y3
		{
			"ItemType": "Object",
			"ItemNames": [
				"White Currant Seeds",
				],
			"Stock": 6,
			"When": [ "f Jeric 2000/!z fall/y 3" ] 
		},
		//Bonsters Trees - Spring Jeric 4 hearts Y2
		{
			"ItemType": "Object",
			"ItemNames": [
				"Jujube Sapling",
				"Mamey Sapote Sapling",
				"Mangosteen Sapling",
				"Mayhaw Sapling",
				"Pandan Sapling",
				"Tamarind Sapling",
				],
			"Stock": 2,
			"When": [ "f Jeric 1000/!z spring/y 2" ] 
		},
		//Bonsters Trees - Summer Jeric 4 hearts Y2
		{
			"ItemType": "Object",
			"ItemNames": [
				"Cherimoya Sapling",
				"Date Sapling Sapling",
				"Plantain Sapling",
				"Purple Pluot Sapling",
				],
			"Stock": 2,
			"When": [ "f Jeric 1000/!z summer/y 2" ] 
		},
		//Bonsters Trees - Fall Jeric 4 hearts Y2
		{
			"ItemType": "Object",
			"ItemNames": [
				"Blood Orange Sapling",
				"Chestnut Sapling",
				"Clove Sapling",
				"Jackfruit Sapling",
				"Pawpaw Sapling",
				],
			"Stock": 2,
			"When": [ "f Jeric 1000/!z fall/y 2" ] 
		},
		//Bonsters Trees - Winter Jeric 4 hearts Y2
		{
			"ItemType": "Object",
			"ItemNames": [
				"Stone Pine Sapling",
				"Quince Sapling",
				],
			"Stock": 2,
			"When": [ "f Jeric 1000/!z winter/y 2" ] 
		},
	],
	},
	//------------
	//PikaShop    
	//------------
	{
	"ShopName": "RSVPikaShop",
	"StoreCurrency": "Money",
	"CategoriesToSell": [ -7 ],
	"PortraitPath": "assets/PikaShop.png",
	"Quote": "Welcome to Pika's!",
	"ClosedMessage": "Sorry, we're closed!",
	"ShopPrice": -1,
	"MaxNumItemsSoldInStore": 5,
	"DefaultSellPriceMultiplier": 0.7,
	"PriceMultiplierWhen": {
		"0.6": ["f Pika 2000"] 
		},
	"When": ["t 930 2300/w sunny"],
    "LocalizedQuote": {
    	//remove the "//" from your language
        //"es": "PLACEHOLDER",
        //"ko": "PLACEHOLDER",
        //"de": "PLACEHOLDER",
        //"fr": "PLACEHOLDER",
        //"hu": "PLACEHOLDER",
        //"it": "PLACEHOLDER",
        //"ja": "PLACEHOLDER",
        //"pt": "PLACEHOLDER",
        //"ru": "PLACEHOLDER",
        //"tr": "PLACEHOLDER",
        //"zh": "PLACEHOLDER",
    	},
   "LocalizedClosedMessage": {
    	//remove the "//" from your language
        //"es": "PLACEHOLDER",
        //"ko": "PLACEHOLDER",
        //"de": "PLACEHOLDER",
        //"fr": "PLACEHOLDER",
        //"hu": "PLACEHOLDER",
        //"it": "PLACEHOLDER",
        //"ja": "PLACEHOLDER",
        //"pt": "PLACEHOLDER",
        //"ru": "PLACEHOLDER",
        //"tr": "PLACEHOLDER",
        //"zh": "PLACEHOLDER",
    	},	
	"ItemStocks": [
		//Food
		{
			"ItemType": "Object",
			"ItemNames": [
				"Ridgeside Shaketini",
				"Autumn Dew Drop Juice",
				"Cherry Berry Shakey",
				"Snowball Slurpee",
				"Omelet",
				"Arugula Roll",
				"Fried Fish a la Ridge",
				"Fried Mountain Greens",
				"Highland Ice Cream",
				"Honey Glazed Salad",
				"Ridge Fruity Plate",
				"Snow Bowl Surprise",
				"Zesty Tuna",
				"Spaghetti",
				"Lucky Lunch",
				"Pumpkin Soup",
				"Blackberry Cobbler",
				"Salad",
				"Pepper Poppers",
				"Bean Hotpot",
				"Tom Kha Soup",
				"Stir Fry",
				"Coleslaw",
				"Fish Taco",
				"Farmer's Lunch",
				],
			"Stock": 1,
		},
	],
	},
	//------------
	//PikaShop Recipes 
	//------------
	{
	"ShopName": "RSVPikaRecipes",
	"StoreCurrency": "Money",
	"CategoriesToSell": [ -7 ],
	"PortraitPath": "assets/PikaShop.png",
	"Quote": "Welcome to Pika's!",
	"ClosedMessage": "Sorry, we're closed!",
	"ShopPrice": -1,
	"DefaultSellPriceMultiplier": 0.5,
	"PriceMultiplierWhen": {
		"0.6": ["f Pika 2000"] 
		},
	"When": ["t 930 2300/w sunny"],
    "LocalizedQuote": {
    	//remove the "//" from your language
        //"es": "PLACEHOLDER",
        //"ko": "PLACEHOLDER",
        //"de": "PLACEHOLDER",
        //"fr": "PLACEHOLDER",
        //"hu": "PLACEHOLDER",
        //"it": "PLACEHOLDER",
        //"ja": "PLACEHOLDER",
        //"pt": "PLACEHOLDER",
        //"ru": "PLACEHOLDER",
        //"tr": "PLACEHOLDER",
        //"zh": "PLACEHOLDER",
    	},
   "LocalizedClosedMessage": {
    	//remove the "//" from your language
        //"es": "PLACEHOLDER",
        //"ko": "PLACEHOLDER",
        //"de": "PLACEHOLDER",
        //"fr": "PLACEHOLDER",
        //"hu": "PLACEHOLDER",
        //"it": "PLACEHOLDER",
        //"ja": "PLACEHOLDER",
        //"pt": "PLACEHOLDER",
        //"ru": "PLACEHOLDER",
        //"tr": "PLACEHOLDER",
        //"zh": "PLACEHOLDER",
    	},	
	"ItemStocks": [
		//Food
		{
			"ItemType": "Object",
			"IsRecipe": true,
			"ItemNames": [
				"Ridgeside Shaketini",
				"Autumn Dew Drop Juice",
				"Cherry Berry Shakey",
				"Snowball Slurpee",
				"Arugula Roll",
				"Fried Fish a la Ridge",
				"Fried Mountain Greens",
				"Highland Ice Cream",
				"Honey Glazed Salad",
				"Ridge Fruity Plate",
				"Snow Bowl Surprise",
				"Zesty Tuna",
				],
		},
	],
	},

	//------------
	//LolaShop    
	//------------
	{
	"ShopName": "RSVLolaShop",
	"StoreCurrency": "Money",
	"CategoriesToSell": [ -7,-98 ],
	"PortraitPath": "assets/LolaShop.png",
	"Quote": "Weapons available today.",
	"MaxNumItemsSoldInStore": 2,
	"ShopPrice": -1,
	"DefaultSellPriceMultiplier": 1.0,
    "LocalizedQuote": {
    	//remove the "//" from your language
        //"es": "PLACEHOLDER",
        //"ko": "PLACEHOLDER",
        //"de": "PLACEHOLDER",
        //"fr": "PLACEHOLDER",
        //"hu": "PLACEHOLDER",
        //"it": "PLACEHOLDER",
        //"ja": "PLACEHOLDER",
        //"pt": "PLACEHOLDER",
        //"ru": "PLACEHOLDER",
        //"tr": "PLACEHOLDER",
        //"zh": "PLACEHOLDER",
    	},
   "LocalizedClosedMessage": {
    	//remove the "//" from your language
        //"es": "PLACEHOLDER",
        //"ko": "PLACEHOLDER",
        //"de": "PLACEHOLDER",
        //"fr": "PLACEHOLDER",
        //"hu": "PLACEHOLDER",
        //"it": "PLACEHOLDER",
        //"ja": "PLACEHOLDER",
        //"pt": "PLACEHOLDER",
        //"ru": "PLACEHOLDER",
        //"tr": "PLACEHOLDER",
        //"zh": "PLACEHOLDER",
    	},	
	"ItemStocks": [
		//Weapons
		{
			"ItemType": "Weapon",
			"ItemNames": [
				"Blade of Rubies",
				"Celestine Sword",
				"Frost Queen's Blade",
				"Pearlskin Blade",
				"Reaper Bane",
				"Runic Greatsword",
				"Lava Katana",
				"Steel Falchion",
				"Bone Sword",
				"Obsidian Edge",
				"Templar's Blade",
				"The Slammer",
				],
			"Stock": 1,
		},
	],
	},
	
	//------------      
	//Mystic Falls 1    
	//------------      
	{
	"ShopName": "RSVMysticFalls1",
	"StoreCurrency": "Money",
	"CategoriesToSell": [ -98 ],
	"Quote": "Mystic Falls of Companions: 'Those who bond with their neighbors and share their joy and sorrow are blessed by Yoba.'",
    "LocalizedQuote": {
    	//remove the "//" from your language
        //"es": "PLACEHOLDER",
        //"ko": "PLACEHOLDER",
        //"de": "PLACEHOLDER",
        //"fr": "PLACEHOLDER",
        //"hu": "PLACEHOLDER",
        //"it": "PLACEHOLDER",
        //"ja": "PLACEHOLDER",
        //"pt": "PLACEHOLDER",
        //"ru": "PLACEHOLDER",
        //"tr": "PLACEHOLDER",
        //"zh": "PLACEHOLDER",
    	},
	"ShopPrice": 0,
	
	"ItemStocks": [
		//Weapons
		{
			"ItemType": "Weapon",
			"ItemNames": [ "Bubble Club", ],
			"StockItemCurrency": "Spiritual Essence",
			"StockCurrencyStack": 50,
			"When": [ "e 75160064/f Aguar 2500" ],
		},
		{
			"ItemType": "Weapon",
			"ItemNames": [ "Bladebane", ],
			"StockItemCurrency": "Spiritual Essence",
			"StockCurrencyStack": 50,
			"When": [ "e 75160077/f Freddie 2500" ],
		},
		{
			"ItemType": "Weapon",
			"ItemNames": [ "Daggerkin", ],
			"StockItemCurrency": "Spiritual Essence",
			"StockCurrencyStack": 50,
			"When": [ "e 75160093/f Lola 2500" ],
		},
		{
			"ItemType": "Weapon",
			"ItemNames": [ "Father's Sorrow", ],
			"StockItemCurrency": "Spiritual Essence",
			"StockCurrencyStack": 50,
			"When": [ "e 75160073/f Ezekiel 2500" ],
		},
		{
			"ItemType": "Weapon",
			"ItemNames": [ "Golden Key Blade", ],
			"StockItemCurrency": "Spiritual Essence",
			"StockCurrencyStack": 50,
			"When": [ "e 75160105/f Richard 2500" ],
		},
		{
			"ItemType": "Weapon",
			"ItemNames": [ "Gourmet Cooking Knife", ],
			"StockItemCurrency": "Spiritual Essence",
			"StockCurrencyStack": 50,
			"When": [ "e 75160101/f Pika 2500" ],
		},
		{
			"ItemType": "Weapon",
			"ItemNames": [ "Princess of Green", ],
			"StockItemCurrency": "Spiritual Essence",
			"StockCurrencyStack": 50,
			"When": [ "e 75160109/f Trinnie 2500" ],
		},
		{
			"ItemType": "Weapon",
			"ItemNames": [ "The Green Gambler", ],
			"StockItemCurrency": "Spiritual Essence",
			"StockCurrencyStack": 50,
			"When": [ "f Bert 2500" ],
		},
		{
			"ItemType": "Weapon",
			"ItemNames": [ "The Prankster", ],
			"StockItemCurrency": "Spiritual Essence",
			"StockCurrencyStack": 50,
			"When": [ "e 75160085/f Keahi 2500" ],
		},
		{
			"ItemType": "Weapon",
			"ItemNames": [ "The Silent One", ],
			"StockItemCurrency": "Spiritual Essence",
			"StockCurrencyStack": 50,
			"When": [ "e 75160113/f Yuuma 2500" ],
		},
		{
			"ItemType": "Weapon",
			"ItemNames": [ "The Wild Whip", ],
			"StockItemCurrency": "Spiritual Essence",
			"StockCurrencyStack": 50,
			"When": [ "e 75160089/f Lenny 2500" ],
		},
		{
			"ItemType": "Weapon",
			"ItemNames": [ "Tough Love", ],
			"StockItemCurrency": "Spiritual Essence",
			"StockCurrencyStack": 50,
			"When": [ "e 75160097/f Olga 2500" ],
		},
	],
	},
	
	//------------      
	//Mystic Falls 2    
	//------------      
	{
	"ShopName": "RSVMysticFalls2",
	"StoreCurrency": "Money",
	"CategoriesToSell": [ -98 ],
	"Quote": "Mystic Falls of Love: 'Being able to capture the heart of someone is both a blessing and a curse. But in the presence of these waterfalls, love prefers to be a blessing.'",
    "LocalizedQuote": {
    	//remove the "//" from your language
        //"es": "PLACEHOLDER",
        //"ko": "PLACEHOLDER",
        //"de": "PLACEHOLDER",
        //"fr": "PLACEHOLDER",
        //"hu": "PLACEHOLDER",
        //"it": "PLACEHOLDER",
        //"ja": "PLACEHOLDER",
        //"pt": "PLACEHOLDER",
        //"ru": "PLACEHOLDER",
        //"tr": "PLACEHOLDER",
        //"zh": "PLACEHOLDER",
    	},
	"ShopPrice": 0,
	
	"ItemStocks": [
		//Weapons
		{
			"ItemType": "Weapon",
			"ItemNames": [ "Battle Dancer's Fan", ],
			"StockItemCurrency": "Spiritual Essence",
			"StockCurrencyStack": 50,
			"When": [ "e 75160145" ],
		},
		{
			"ItemType": "Weapon",
			"ItemNames": [ "Battery-Powered Battle Hammer", ],
			"StockItemCurrency": "Spiritual Essence",
			"StockCurrencyStack": 50,
			"When": [ "e 75160161" ],
		},
		{
			"ItemType": "Weapon",
			"ItemNames": [ "Heartbreaker", ],
			"StockItemCurrency": "Spiritual Essence",
			"StockCurrencyStack": 50,
			"When": [ "e 75160139" ],
		},
		{
			"ItemType": "Weapon",
			"ItemNames": [ "Icreon", ],
			"StockItemCurrency": "Spiritual Essence",
			"StockCurrencyStack": 50,
			"When": [ "e 75160127" ],
		},
		{
			"ItemType": "Weapon",
			"ItemNames": [ "Laborforce", ],
			"StockItemCurrency": "Spiritual Essence",
			"StockCurrencyStack": 50,
			"When": [ "e 75160150" ],
		},
		{
			"ItemType": "Weapon",
			"ItemNames": [ "Observer's Axe", ],
			"StockItemCurrency": "Spiritual Essence",
			"StockCurrencyStack": 50,
			"When": [ "e 75160133" ],
		},
		{
			"ItemType": "Weapon",
			"ItemNames": [ "Sword of Idols", ],
			"StockItemCurrency": "Spiritual Essence",
			"StockCurrencyStack": 50,
			"When": [ "e 75160167" ],
		},
		{
			"ItemType": "Weapon",
			"ItemNames": [ "The Lucky Penny", ],
			"StockItemCurrency": "Spiritual Essence",
			"StockCurrencyStack": 50,
			"When": [ "e 75160155" ],
		},
		{
			"ItemType": "Weapon",
			"ItemNames": [ "The Singing Dagger", ],
			"StockItemCurrency": "Spiritual Essence",
			"StockCurrencyStack": 50,
			"When": [ "e 75160121" ],
		},
		{
			"ItemType": "Weapon",
			"ItemNames": [ "The Unbroken", ],
			"StockItemCurrency": "Spiritual Essence",
			"StockCurrencyStack": 50,
			"When": [ "e 75160172" ],
		},
	],
	},
	
	//------------      
	//Mystic Falls 3    
	//------------      
	{
	"ShopName": "RSVMysticFalls3",
	"StoreCurrency": "Money",
	"CategoriesToSell": [ -98, -95 ],
	"Quote": "Mystic Falls of Sacrifice: 'Among the heaviest of burdens are those carried by those who fight for the greater good.'",
    "LocalizedQuote": {
    	//remove the "//" from your language
        //"es": "PLACEHOLDER",
        //"ko": "PLACEHOLDER",
        //"de": "PLACEHOLDER",
        //"fr": "PLACEHOLDER",
        //"hu": "PLACEHOLDER",
        //"it": "PLACEHOLDER",
        //"ja": "PLACEHOLDER",
        //"pt": "PLACEHOLDER",
        //"ru": "PLACEHOLDER",
        //"tr": "PLACEHOLDER",
        //"zh": "PLACEHOLDER",
    	},
	"ShopPrice": 0,
	
	"ItemStocks": [
		//Weapons
		{
			"ItemType": "Weapon",
			"ItemNames": [ "Cute but Deadly Knife", ],
			"StockItemCurrency": "Spiritual Essence",
			"StockCurrencyStack": 50,
			"When": [ "e 75160180/f Kiwi 2500" ],
		},
		{
			"ItemType": "Weapon",
			"ItemNames": [ "Occult Blade", ],
			"StockItemCurrency": "Spiritual Essence",
			"StockCurrencyStack": 50,
			"When": [ "e 75160081/f Jio 2500" ],
		},
	],
	},
	
	//------------      
	//RSVFestPika   
	//------------      
	{
	"ShopName": "RSVFestPika",
	"StoreCurrency": "Money",
	"CategoriesToSell": [ -7 ],
	"Quote": "Welcome to Gus and Pika's!",
	"LocalizedQuote": { "en": "Welcome to Gus and Pika's!" },
	"DefaultSellPriceMultiplier": 0.8,
	"MaxNumItemsSoldInStore": 20,
	"ShopPrice": -1,
	
	"ItemStocks": [
		{
			"ItemType": "Object",
			"ItemNames": [
				"Ridgeside Shaketini",
				"Autumn Dew Drop Juice",
				"Cherry Berry Shakey",
				"Snowball Slurpee",
				"Omelet",
				"Arugula Roll",
				"Fried Fish a la Ridge",
				"Fried Mountain Greens",
				"Highland Ice Cream",
				"Honey Glazed Salad",
				"Ridge Fruity Plate",
				"Snow Bowl Surprise",
				"Zesty Tuna",
				"Spaghetti",
				"Lucky Lunch",
				"Pumpkin Soup",
				"Blackberry Cobbler",
				"Salad",
				"Pepper Poppers",
				"Bean Hotpot",
				"Tom Kha Soup",
				"Stir Fry",
				"Coleslaw",
				"Fish Taco",
				"Farmer's Lunch",
				"Fried Egg",
				"Baked Fish",
				"Vegetable Medley",
				"Pink Cake",
				"Shrimp Cocktail",
				"Triple Shot Espresso",
				"Spicy Eel",
				"Dish o' The Sea",
				"Rhubarb Pie",
				"Super Meal",
				"Blueberry Tart",
				"Red Plate",
				],
			"Stock": 3,
		},
	],
	},
	
	//------------      
	//RSVFestGirls   
	//------------      
	{
	"ShopName": "RSVFestGirls",
	"StoreCurrency": "Money",
	"CategoriesToSell": [ -7 ],
	"Quote": "Girls rule!!",
    "LocalizedQuote": {
    	//remove the "//" from your language
        //"es": "PLACEHOLDER",
        //"ko": "PLACEHOLDER",
        //"de": "PLACEHOLDER",
        //"fr": "PLACEHOLDER",
        //"hu": "PLACEHOLDER",
        //"it": "PLACEHOLDER",
        //"ja": "PLACEHOLDER",
        //"pt": "PLACEHOLDER",
        //"ru": "PLACEHOLDER",
        //"tr": "PLACEHOLDER",
        //"zh": "PLACEHOLDER",
    	},
	"ShopPrice": -1,
	"MaxNumItemsSoldInStore": 8,
	"DefaultSellPriceMultiplier": 1.0,
	
	"ItemStocks": [
		{
			"ItemType": "Object",
			"ItemNames": [ "Apple Sapling", ],
			"Stock": 1,
		},
		{
			"ItemType": "Object",
			"ItemNames": [ "Peach Sapling", ],
			"Stock": 1,
		},
		{
			"ItemType": "Object",
			"ItemNames": [ "Banana Sapling", ],
			"Stock": 1,
		},
		{
			"ItemType": "Object",
			"ItemNames": [ "Orange Sapling", ],
			"Stock": 1,
		},
		{
			"ItemType": "Object",
			"ItemNames": [ "Mango Sapling", ],
			"Stock": 1,
		},
		{
			"ItemType": "Object",
			"ItemNames": [ "Prismatic Shard", ],
			"Stock": 1,
		},
		{
			"ItemType": "Ring",
			"ItemNames": [ "Ring of Yoba", ],
			"Stock": 1,
		},
		{
			"ItemType": "Ring",
			"ItemNames": [ "Savage Ring", ],
			"Stock": 1,
		},
		{
			"ItemType": "Ring",
			"ItemNames": [ "Thorns Ring", ],
			"Stock": 1,
		},
		{
			"ItemType": "Ring",
			"ItemNames": [ "Protection Ring", ],
			"Stock": 1,
		},
		{
			"ItemType": "Ring",
			"ItemNames": [ "Emerald Ring", ],
			"Stock": 1,
		},
		{
			"ItemType": "Object",
			"ItemNames": [ "Magic Rock Candy", ],
			"Stock": 1,
		},
		{
			"ItemType": "Object",
			"ItemNames": [ "Deluxe Fertilizer", ],
			"Stock": 1,
		},
		{
			"ItemType": "Object",
			"ItemNames": [ "Golden Pumpkin", ],
			"StockPrice": 1000,
			"Stock": 1,
		},
		{
			"ItemType": "Object",
			"ItemNames": [ "Ancient Fruit", ],
			"Stock": 1,
		},
		{
			"ItemType": "Object",
			"ItemNames": [ "Rare Seed", ],
			"StockPrice": 2000,
			"Stock": 1,
		},
		{
			"ItemType": "Object",
			"ItemNames": [ "Clam", ],
			"Stock": 20,
		},
		{
			"ItemType": "Object",
			"ItemNames": [ "Omni Geode", ],
			"StockPrice": 200,
			"Stock": 5,
		},
		{
			"ItemType": "Object",
			"ItemNames": [ "Sturgeon", ],
			"Stock": 1,
		},
		{
			"ItemType": "Object",
			"ItemNames": [ "Flute Block", ],
			"Stock": 1,
		},
	],
	},
	
	//------------      
	//RSVFestBoys   
	//------------      
	{
	"ShopName": "RSVFestBoys",
	"StoreCurrency": "Money",
	"CategoriesToSell": [ -7 ],
	"Quote": "Boys rule!!",
    "LocalizedQuote": {
    	//remove the "//" from your language
        //"es": "PLACEHOLDER",
        //"ko": "PLACEHOLDER",
        //"de": "PLACEHOLDER",
        //"fr": "PLACEHOLDER",
        //"hu": "PLACEHOLDER",
        //"it": "PLACEHOLDER",
        //"ja": "PLACEHOLDER",
        //"pt": "PLACEHOLDER",
        //"ru": "PLACEHOLDER",
        //"tr": "PLACEHOLDER",
        //"zh": "PLACEHOLDER",
    	},
	"ShopPrice": -1,
	"MaxNumItemsSoldInStore": 8,
	"DefaultSellPriceMultiplier": 1.0,
	
	"ItemStocks": [
		{
			"ItemType": "Object",
			"ItemNames": [ "Battery Pack", ],
			"Stock": 1,
		},
		{
			"ItemType": "Object",
			"ItemNames": [ "Apricot Sapling", ],
			"Stock": 1,
		},
		{
			"ItemType": "Object",
			"ItemNames": [ "Cherry Sapling", ],
			"Stock": 1,
		},
		{
			"ItemType": "Object",
			"ItemNames": [ "Energy Tonic", ],
			"Stock": 1,
		},
		{
			"ItemType": "Object",
			"ItemNames": [ "Quality Sprinkler", ],
			"StockPrice": 2000,
			"Stock": 1,
		},
		{
			"ItemType": "Object",
			"ItemNames": [ "Slime", ],
			"Stock": 50,
		},
		{
			"ItemType": "Object",
			"ItemNames": [ "Tuna", ],
			"Stock": 1,
		},
		{
			"ItemType": "Object",
			"ItemNames": [ "Starfruit Seeds", ],
			"Stock": 1,
		},
		{
			"ItemType": "Object",
			"ItemNames": [ "Beer", ],
			"Stock": 3,
		},
		{
			"ItemType": "Object",
			"ItemNames": [ "Muscle Remedy", ],
			"Stock": 1,
		},
		{
			"ItemType": "Object",
			"ItemNames": [ "Explosive Ammo", ],
			"Stock": 1,
		},
		{
			"ItemType": "Object",
			"ItemNames": [ "Drum Block", ],
			"Stock": 1,
		},
		{
			"ItemType": "Ring",
			"ItemNames": [ "Vampire Ring", ],
			"Stock": 1,
		},
		{
			"ItemType": "Ring",
			"ItemNames": [ "Sturdy Ring", ],
			"Stock": 1,
		},
		{
			"ItemType": "Object",
			"ItemNames": [ "Iridium Sprinkler", ],
			"Stock": 1,
			"StockPrice": 5000,
		},
		{
			"ItemType": "Object",
			"ItemNames": [ "Dinosaur Egg", ],
			"Stock": 1,
		},
		{
			"ItemType": "Object",
			"ItemNames": [ "Hyper Speed-Gro", ],
			"Stock": 1,
		},
		{
			"ItemType": "Object",
			"ItemNames": [ "Eggplant Seeds", ],
			"Stock": 1,
		},
		{
			"ItemType": "Object",
			"ItemNames": [ "Prismatic Shard", ],
			"Stock": 1,
		},
	],
	},
	
	//------------      
	//Jio Shop    
	//------------      
	{
	"ShopName": "RSVJioShop",
	"StoreCurrency": "Money",
	"CategoriesToSell": [ -98, -95 ],
	"Quote": "What do you desire?",
    "LocalizedQuote": {
    	//remove the "//" from your language
        //"es": "PLACEHOLDER",
        //"ko": "PLACEHOLDER",
        //"de": "PLACEHOLDER",
        //"fr": "PLACEHOLDER",
        //"hu": "PLACEHOLDER",
        //"it": "PLACEHOLDER",
        //"ja": "PLACEHOLDER",
        //"pt": "PLACEHOLDER",
        //"ru": "PLACEHOLDER",
        //"tr": "PLACEHOLDER",
        //"zh": "PLACEHOLDER",
    	},
	"ShopPrice": 0,
	
	"ItemStocks": [
		{
			"ItemType": "Hat",
			"ItemNames": [ "Occult Red Scarf", ],
			"StockItemCurrency": "Spiritual Essence",
			"StockCurrencyStack": 50,
		},
		{
			"ItemType": "Clothing",
			"ItemNames": [ "Occult Dusk Top", ],
			"StockItemCurrency": "Spiritual Essence",
			"StockCurrencyStack": 50,
		},
		{
			"ItemType": "Clothing",
			"ItemNames": [ "Occult Leather Jacket", ],
			"StockItemCurrency": "Spiritual Essence",
			"StockCurrencyStack": 50,
		},
	],
	},

	//------------
	//MalayaShop  
	//------------
	{
	"ShopName": "RSVMalayaShop",
	"StoreCurrency": "Money",
	"CategoriesToSell": [ -7 ],
	"PortraitPath": "assets/MalayaShop.png",
	"Quote": "Welcome! What would you like, dear?",
	"ClosedMessage": "Sorry, we're closed!",
	"ShopPrice": -1,
	"MaxNumItemsSoldInStore": 7,
	"DefaultSellPriceMultiplier": 0.7,
	"PriceMultiplierWhen": {
		"0.6": ["f Malaya 2000"] 
		},
	"When": ["t 900 1600"],
    "LocalizedQuote": {
    	//remove the "//" from your language
        //"es": "PLACEHOLDER",
        //"ko": "PLACEHOLDER",
        //"de": "PLACEHOLDER",
        //"fr": "PLACEHOLDER",
        //"hu": "PLACEHOLDER",
        //"it": "PLACEHOLDER",
        //"ja": "PLACEHOLDER",
        //"pt": "PLACEHOLDER",
        //"ru": "PLACEHOLDER",
        //"tr": "PLACEHOLDER",
        //"zh": "PLACEHOLDER",
    	},
   "LocalizedClosedMessage": {
    	//remove the "//" from your language
        //"es": "PLACEHOLDER",
        //"ko": "PLACEHOLDER",
        //"de": "PLACEHOLDER",
        //"fr": "PLACEHOLDER",
        //"hu": "PLACEHOLDER",
        //"it": "PLACEHOLDER",
        //"ja": "PLACEHOLDER",
        //"pt": "PLACEHOLDER",
        //"ru": "PLACEHOLDER",
        //"tr": "PLACEHOLDER",
        //"zh": "PLACEHOLDER",
    	},	
	"ItemStocks": [
		//Food
		{
			"ItemType": "Object",
			"ItemNames": [
				"Apricot Juice",
				"Clementine Juice",
				"Wild Apple Juice"
				],
		},
		{
			"ItemType": "Object",
			"ItemNames": [
				"Clementine Cake",
				"Crunchy Bagel",
				"Fluffy Apple Crumble",
				"Forage Souffle",
				"Forest Halva",
				"Highland Blueberry Pie",
				"Highland Revani",
				"Holiday Ice",
				"Jumpy Coffee Cake",
				"Kedi Delight",
				"Keks Style Shortcake",
				"Kek's Small Dream",
				"Pillowsoft Cheezy Sandwich",
				"Pink Frosted Sprinkled Doughnut",
				"Pumpkin Darling Slice",
				"Ridge Apple Cake",
				"Ridge Mosaic Cake",
				"Strawberry Lover Pie",
				"Sweet Cranberry Cheesecake",
				"Tropic Mango Cake",
				],
			"Stock": 3,
		},
		{
			"ItemType": "Object",
			"ItemNames": [
				"Hundred Flavor Doughnut"
				],
			"Stock": 1,
		},
		//Pastry Recipes
		{
			"ItemType": "Object",
			"IsRecipe": true,
			"ItemNames": [
				"Kedi Delight",
				"Keks Style Shortcake",
				"Kek's Small Dream",
				"Pillowsoft Cheezy Sandwich",
				"Pink Frosted Sprinkled Doughnut",
				"Hundred Flavor Doughnut",
				"Apricot Juice",
				"Clementine Juice",
				"Wild Apple Juice"
				],
			"When": [ "y 2" ], 
		},
	],
	},

	//------------
	//KimpoiShop   
	//------------
	{
	"ShopName": "RSVKimpoiShop",
	"StoreCurrency": "Money",
	"CategoriesToSell": [ -19,-74 ],
	"PortraitPath": "assets/KimpoiShop.png",
	"Quote": "Seeds from our travels. Come take your pick.",
	"ShopPrice": -1,
	"DefaultSellPriceMultiplier": 0.5,
	"PriceMultiplierWhen": {
		"0.3": ["f Kimpoi 2000"] 
		},
	"When": ["t 900 1600"],
	"ClosedMessage": "Sorry, we're closed!",
    "LocalizedQuote": {
    	//remove the "//" from your language
        //"es": "PLACEHOLDER",
        //"ko": "PLACEHOLDER",
        //"de": "PLACEHOLDER",
        //"fr": "PLACEHOLDER",
        //"hu": "PLACEHOLDER",
        //"it": "PLACEHOLDER",
        //"ja": "PLACEHOLDER",
        //"pt": "PLACEHOLDER",
        //"ru": "PLACEHOLDER",
        //"tr": "PLACEHOLDER",
        //"zh": "PLACEHOLDER",
    	},
   "LocalizedClosedMessage": {
    	//remove the "//" from your language
        //"es": "PLACEHOLDER",
        //"ko": "PLACEHOLDER",
        //"de": "PLACEHOLDER",
        //"fr": "PLACEHOLDER",
        //"hu": "PLACEHOLDER",
        //"it": "PLACEHOLDER",
        //"ja": "PLACEHOLDER",
        //"pt": "PLACEHOLDER",
        //"ru": "PLACEHOLDER",
        //"tr": "PLACEHOLDER",
        //"zh": "PLACEHOLDER",
    	},	
	
	"ItemStocks": [
		{
			"ItemType": "Object",
			"ItemNames": [
				"Cherry Pluot Sapling",
				"Highland Jostaberry Sapling",
				"Mountain Plumcot Sapling",
				"Northern Limequat Sapling",
				"Paradise Rangpur Sapling",
				"Tropi Ugli Fruit Sapling",
				],
		},
		//Year 2
		{
			"ItemType": "Object",
			"ItemNames": [
				"Desert Tangelo Sapling",
				"Ember Blood Lime Sapling",
				],
			"When": [ "y 2" ] 
		},
	],
	},

	//------------
	//HeapsShop 
	//------------
	{
	"ShopName": "RSVHeapsStore",
	"StoreCurrency": "Money",
	"CategoriesToSell": [ -2,-12,-5,-6,-14,-18,-26,-27,-28,-74,-75,-79,-80,-81 ],
	"PortraitPath": "assets/HeapsShop.png",
	"Quote": "Welcome! You can sell almost anything here too!",
	"DefaultSellPriceMultiplier": 0.8,
	"PriceMultiplierWhen": {
		"0.6": ["f Lorenzo 2000"] 
		},
	"When": ["t 900 1600/d Sat"],
	"ClosedMessage": "Sorry, we're closed!",
    "LocalizedQuote": {
    	//remove the "//" from your language
        //"es": "PLACEHOLDER",
        //"ko": "PLACEHOLDER",
        //"de": "PLACEHOLDER",
        //"fr": "PLACEHOLDER",
        //"hu": "PLACEHOLDER",
        //"it": "PLACEHOLDER",
        //"ja": "PLACEHOLDER",
        //"pt": "PLACEHOLDER",
        //"ru": "PLACEHOLDER",
        //"tr": "PLACEHOLDER",
        //"zh": "PLACEHOLDER",
    	},
   "LocalizedClosedMessage": {
    	//remove the "//" from your language
        //"es": "PLACEHOLDER",
        //"ko": "PLACEHOLDER",
        //"de": "PLACEHOLDER",
        //"fr": "PLACEHOLDER",
        //"hu": "PLACEHOLDER",
        //"it": "PLACEHOLDER",
        //"ja": "PLACEHOLDER",
        //"pt": "PLACEHOLDER",
        //"ru": "PLACEHOLDER",
        //"tr": "PLACEHOLDER",
        //"zh": "PLACEHOLDER",
    	},	
	
	"ItemStocks": [
		{
			"ItemType": "Object",
			"ItemNames":[
				"Grass Starter",
				"Sugar",
				"Wheat Flour",
				"Rice",
				"Oil",
				"Vinegar",
			],
		},
		{
			"ItemType": "Object",
			"ItemNames":[
				"Basic Fertilizer",
			],
			"StockPrice": 100,
		},
		{
			"ItemType": "Object",
			"ItemNames":[
				"Basic Retaining Soil",
			],
			"StockPrice": 100,
		},
		{
			"ItemType": "Object",
			"ItemNames":[
				"Quality Retaining Soil",
			],
			"StockPrice": 150,
		},
		{
			"ItemType": "Object",
			"ItemNames":[
				"Speed-Gro",
			],
			"StockPrice": 100,
		},
		{
			"ItemType": "Object",
			"ItemNames":[
				"Deluxe Speed-Gro",
			],
			"StockPrice": 150,
		},
		{
			"ItemType": "Object",
			"ItemNames": [
				"Quality Fertilizer"
			],
			"StockPrice": 150,
			//"Stock": 6,
			"When": [ "y 2" ] 
		}
	],
	},

	//------------      
	//Faye Shop   
	//------------      
	{
	"ShopName": "RSVFayeShop",
	"StoreCurrency": "Money",
	"CategoriesToSell": [ -98, -95 ],
	"Quote": "Place your order! Designs change everyday!",
	"MaxNumItemsSoldInStore": 2,
    "LocalizedQuote": {
    	//remove the "//" from your language
        //"es": "PLACEHOLDER",
        //"ko": "PLACEHOLDER",
        //"de": "PLACEHOLDER",
        //"fr": "PLACEHOLDER",
        //"hu": "PLACEHOLDER",
        //"it": "PLACEHOLDER",
        //"ja": "PLACEHOLDER",
        //"pt": "PLACEHOLDER",
        //"ru": "PLACEHOLDER",
        //"tr": "PLACEHOLDER",
        //"zh": "PLACEHOLDER",
    	},	
	"ItemStocks": [
		{
			"ItemType": "Clothing",
			"ItemNames": [ 
				"Juninja Shirt",
				"Flora Golda Shirt",
				"Pika Impersonation Shirt",
				"Village Color Shirt",
				 ],
			"StockPrice": 3000,
			"Stock": 1,
		},
	],
	},

  ]
  }
