{
	"Name": "Strawberry Lover Pie",
	"Description": "It makes you feel a little special inside, you berry cute thing.",
	"Category": "Cooking",
    "Edibility": 40,
    "EdibleIsDrink": false,
    "EdibleBuffs": {
    "Farming": 0,
    "Fishing": 0,
    "Mining": 0,
    "Luck": 0,
    "Foraging": 0,
    "MaxStamina": 0,
    "MagnetRadius": 3,
    "Speed": 0,
    "Defense": 0,
    "Attack": 0,
    "Duration": 300,
	},
	"Price": 230,
	"IsColored": false,
	"GiftTastes":
	{
		"Love": ["Alissa", "Haley", "Olga", "Ysabelle", "Sam", "Elliott", "Irene"],
        "Like": ["Kent", "Pam", "Bliss"]
	},
    "Recipe":
    {
        "ResultCount": 1,
        "Ingredients": [
        {
            "Object": 246,
            "Count": 1,
        },
        {
            "Object": 245,
            "Count": 1,
        },
        {
            "Object": 400,
            "Count": 1,
        },
        {
            "Object": "Ridge Wild Apple",
            "Count": 1,
        }
        ],
        "CanPurchase": false,
    },

    "NameLocalization":
    { 
    	//remove the "//" from your language
        //"es": "PLACEHOLDER",
        //"ko": "PLACEHOLDER",
        //"de": "PLACEHOLDER",
        //"fr": "PLACEHOLDER",
        //"hu": "PLACEHOLDER",
        //"it": "PLACEHOLDER",
        //"ja": "PLACEHOLDER",
        //"pt": "PLACEHOLDER",
        //"ru": "PLACEHOLDER",
        //"tr": "PLACEHOLDER",
        //"zh": "PLACEHOLDER",
    },
    "DescriptionLocalization":
    {
    	//remove the "//" from your language    	
        //"es": "PLACEHOLDER",
        //"ko": "PLACEHOLDER",
        //"de": "PLACEHOLDER",
        //"fr": "PLACEHOLDER",
        //"hu": "PLACEHOLDER",
        //"it": "PLACEHOLDER",
        //"ja": "PLACEHOLDER",
        //"pt": "PLACEHOLDER",
        //"ru": "PLACEHOLDER",
        //"tr": "PLACEHOLDER",
        //"zh": "PLACEHOLDER",
    }
}