{
	"Name": "Forest Halva",
	"Description": "A mixture of different local confections.",
	"Category": "Cooking",
	"Edibility": 10,
	"EdibleIsDrink": false,
	"EdibleBuffs": {
    "Farming": 0,
    "Fishing": 0,
    "Mining": 0,
    "Luck": 0,
	"Foraging": 0,
	"MaxStamina": 1,
    "MagnetRadius": 0,
	"Speed": 0,
	"Defense": 0,
	"Attack": 0,
    "Duration": 300,
	},
	"Price": 120,
	"IsColored": true,
	"GiftTastes":
	{
		"Love": ["Ysabelle", "Alissa", "Yuuma", "Trinnie", "Haley", "Emily", "Jas", "Marnie"],
        "Like": ["Daia", "Caroline"]
	},
    "Recipe":
    {
        "ResultCount": 1,
        "Ingredients": [
        {
            "Object": 245,
            "Count": 5,
        }
        ],
        "CanPurchase": false,
    },

    "NameLocalization":
    { 
    	//remove the "//" from your language
        //"es": "PLACEHOLDER",
        //"ko": "PLACEHOLDER",
        //"de": "PLACEHOLDER",
        //"fr": "PLACEHOLDER",
        //"hu": "PLACEHOLDER",
        //"it": "PLACEHOLDER",
        //"ja": "PLACEHOLDER",
        //"pt": "PLACEHOLDER",
        //"ru": "PLACEHOLDER",
        //"tr": "PLACEHOLDER",
        //"zh": "PLACEHOLDER",
    },
    "DescriptionLocalization":
    {
    	//remove the "//" from your language    	
        //"es": "PLACEHOLDER",
        //"ko": "PLACEHOLDER",
        //"de": "PLACEHOLDER",
        //"fr": "PLACEHOLDER",
        //"hu": "PLACEHOLDER",
        //"it": "PLACEHOLDER",
        //"ja": "PLACEHOLDER",
        //"pt": "PLACEHOLDER",
        //"ru": "PLACEHOLDER",
        //"tr": "PLACEHOLDER",
        //"zh": "PLACEHOLDER",
    }
}