{
"Changes": [
	
//Aquarium Data
	{
		"Action": "EditData",
		"Target": "Data/AquariumFish",
		"Entries": {
			"{{spacechase0.JsonAssets/ObjectId:Bladetail Sturgeon}}": "129/fish",
			"{{spacechase0.JsonAssets/ObjectId:Caped Tree Frog}}": "130/crawl",
			"{{spacechase0.JsonAssets/ObjectId:Cardia Septal Jellyfish}}": "131/float",
			"{{spacechase0.JsonAssets/ObjectId:Crimson Spiked Clam}}": "132/static",
			"{{spacechase0.JsonAssets/ObjectId:Fairytale Lionfish}}": "133/fish",
			"{{spacechase0.JsonAssets/ObjectId:Fixer Eel}}": "134/fish",
			"{{spacechase0.JsonAssets/ObjectId:Golden Rose Fin}}": "135/fish",
			"{{spacechase0.JsonAssets/ObjectId:Harvester Trout}}": "136/fish",
			"{{spacechase0.JsonAssets/ObjectId:Lullaby Carp}}": "137/fish",
			"{{spacechase0.JsonAssets/ObjectId:Pebble Back Crab}}": "138/crawl",

			"{{spacechase0.JsonAssets/ObjectId:Ridgeside Bass}}": "139/fish",

			"{{spacechase0.JsonAssets/ObjectId:Ridge Bluegill}}": "800/fish",
			"{{spacechase0.JsonAssets/ObjectId:Cutthroat Trout}}": "801/fish",
			"{{spacechase0.JsonAssets/ObjectId:Deep Ridge Angler}}": "802/fish",
			"{{spacechase0.JsonAssets/ObjectId:Mountain Redbelly Dace}}": "803/fish",
			"{{spacechase0.JsonAssets/ObjectId:Mountain Whitefish}}": "804/fish",
			"{{spacechase0.JsonAssets/ObjectId:Skulpin Fish}}": "805/fish",
			"{{spacechase0.JsonAssets/ObjectId:Waterfall Snakehead}}": "806/fish",
			"{{spacechase0.JsonAssets/ObjectId:Sockeye Salmon}}": "807/fish",
		},
	},

	{
		"Action": "EditImage",
		"Target": "LooseSprites/AquariumFish",
		"FromFile": "assets/LooseSprites/RSVFishesAquarium.png",
		"ToArea": {
				"X": 216,
				"Y": 288,
				"Width": 264,
				"Height": 48
			}

	},

	{
		"Action": "EditImage",
		"Target": "LooseSprites/AquariumFish",
		"FromFile": "assets/LooseSprites/RSVFishesAquarium2.png",
		"ToArea": {
				"X": 0,
				"Y": 1920,
				"Width": 192,
				"Height": 48
			}

	},

]
}