{
"Changes": [
	
//---------------------
//Fishes               
//---------------------

//Data          
	{
		"Action": "EditData",
		"Target": "Data/Fish",
		"Entries": {
			//Easy (common)
			"{{spacechase0.JsonAssets/ObjectId:Ridge Bluegill}}": "Ridge Bluegill/20/smooth/5/30/600 1900/spring/both/685 .35/3/.4/.2/0",
			"{{spacechase0.JsonAssets/ObjectId:Cutthroat Trout}}": "Cutthroat Trout/10/mixed/10/50/600 2100/spring/both/685 .35/3/.4/.2/0",
			"{{spacechase0.JsonAssets/ObjectId:Ridgeside Bass}}": "Ridgeside Bass/10/floater/10/30/600 2500/spring/both/685 .35/3/.4/.2/0",
			"{{spacechase0.JsonAssets/ObjectId:Skulpin Fish}}": "Skulpin Fish/30/sinker/20/40/600 2000/spring/both/685 .35/3/.4/.2/0",

			//Medium (uncommon)
			"{{spacechase0.JsonAssets/ObjectId:Mountain Redbelly Dace}}": "Mountain Redbelly Dace/40/smooth/10/20/600 1900/spring/both/685 .35/3/.4/.2/0",
			"{{spacechase0.JsonAssets/ObjectId:Mountain Whitefish}}": "Mountain Whitefish/50/mixed/5/30/600 1900/spring/both/685 .35/3/.4/.2/0",
			"{{spacechase0.JsonAssets/ObjectId:Caped Tree Frog}}": "Caped Tree Frog/30/dart/5/12/700 1200/spring/both/683 .4/1/.2/.3/0",
			"{{spacechase0.JsonAssets/ObjectId:Harvester Trout}}": "Harvester Trout/40/smooth/21/33/800 1600/spring/both/683 .4/1/.2/.3/0",
			"{{spacechase0.JsonAssets/ObjectId:Pebble Back Crab}}": "Pebble Back Crab/30/floater/5/15/1500 2200/spring/both/683 .4/1/.2/.3/0",

			//Hard (rare)
			"{{spacechase0.JsonAssets/ObjectId:Bladetail Sturgeon}}": "Bladetail Sturgeon/69/smooth/18/32/1200 1600/spring/both/683 .4/1/.2/.3/0",
			"{{spacechase0.JsonAssets/ObjectId:Cardia Septal Jellyfish}}": "Cardia Septal Jellyfish/69/mixed/12/20/2000 2600/spring/both/683 .4/1/.2/.3/0",
			"{{spacechase0.JsonAssets/ObjectId:Crimson Spiked Clam}}": "Crimson Spiked Clam/69/floater/21/33/1000 1600/spring/both/683 .4/1/.2/.3/0",
			"{{spacechase0.JsonAssets/ObjectId:Fairytale Lionfish}}": "Fairytale Lionfish/69/mixed/18/28/1100 2000/spring/both/683 .4/1/.2/.3/0",
			"{{spacechase0.JsonAssets/ObjectId:Fixer Eel}}": "Fixer Eel/69/sinker/17/36/1400 1900/spring/both/683 .4/1/.2/.3/0",
			"{{spacechase0.JsonAssets/ObjectId:Golden Rose Fin}}": "Golden Rose Fin/69/mixed/8/16/700 1900/spring/both/683 .4/1/.2/.3/0",
			"{{spacechase0.JsonAssets/ObjectId:Lullaby Carp}}": "Lullaby Carp/69/dart/9/17/1500 2600/spring/both/683 .4/1/.2/.3/0",

			//Legendary
			"{{spacechase0.JsonAssets/ObjectId:Deep Ridge Angler}}": "Deep Ridge Angler/100/mixed/11/30/600 2600/spring/both/685 .35/3/.4/.2/0",
			"{{spacechase0.JsonAssets/ObjectId:Waterfall Snakehead}}": "Waterfall Snakehead/100/mixed/11/30/600 2600/spring/both/685 .35/3/.4/.2/0",
			"{{spacechase0.JsonAssets/ObjectId:Sockeye Salmon}}": "Sockeye Salmon/100/mixed/11/30/600 2600/spring/both/685 .35/3/.4/.2/0",

		},
	},

//Locations      

	//Set basics
	{
		"Action": "EditData",
		"Target": "Data/Locations",
		"Entries": {
			
			"Custom_Ridgeside_RidgesideVillage": "-1/-1/-1/-1/-1/-1/-1/-1/382 .06 581 .1 378 .1 102 .15 390 .25 330 1",
			"Custom_Ridgeside_SummitFarm": "-1/-1/-1/-1/-1/-1/-1/-1/382 .06 581 .1 378 .1 102 .15 390 .25 330 1",
			"Custom_Ridgeside_RidgeForest": "-1/-1/-1/-1/-1/-1/-1/-1/382 .06 581 .1 378 .1 102 .15 390 .25 330 1",
			"Custom_Ridgeside_Ridge": "-1/-1/-1/-1/-1/-1/-1/-1/382 .06 581 .1 378 .1 102 .15 390 .25 330 1",
			"Custom_Ridgeside_RidgeFalls": "-1/-1/-1/-1/-1/-1/-1/-1/382 .06 581 .1 378 .1 102 .15 390 .25 330 1",

			//Outdoors with no bodies of water
			"Custom_Ridgeside_RSVTheHike": "-1/-1/-1/-1/-1/-1/-1/-1/382 .06 581 .1 378 .1 102 .15 390 .25 330 1",
			"Custom_Ridgeside_RSVCableCar": "-1/-1/-1/-1/-1/-1/-1/-1/382 .06 581 .1 378 .1 102 .15 390 .25 330 1",
			"Custom_Ridgeside_RSVTheCliff": "-1/-1/-1/-1/-1/-1/-1/-1/382 .06 581 .1 378 .1 102 .15 390 .25 330 1",

			//Special Places
			"Custom_Ridgeside_RSVSewers": "-1/-1/-1/-1/142 -1 153 -1 157 -1/142 -1 153 -1 157 -1/142 -1 153 -1 157 -1/142 -1 153 -1 157 -1/-1",
		},
	},

	//Set Spawn
	{
		"Action": "EditData",
		"Target": "Data/Locations",
		"TextOperations": [
		//-----------------
		//SPRING
		//-----------------
			//Ridgeside Village
			{
				"Operation": "Append",
				"Target": ["Fields", "Custom_Ridgeside_RidgesideVillage", 4],
				"Value": "{{spacechase0.JsonAssets/ObjectId:Harvester Trout}} -1 {{spacechase0.JsonAssets/ObjectId:Mountain Redbelly Dace}} -1 {{spacechase0.JsonAssets/ObjectId:Ridgeside Bass}} -1 {{spacechase0.JsonAssets/ObjectId:Cutthroat Trout}} -1",
				"Delimiter": " "
			},

			//Summit Farm
			{
				"Operation": "Append",
				"Target": ["Fields", "Custom_Ridgeside_SummitFarm", 4],
				"Value": "{{spacechase0.JsonAssets/ObjectId:Mountain Redbelly Dace}} -1 {{spacechase0.JsonAssets/ObjectId:Ridgeside Bass}} -1 {{spacechase0.JsonAssets/ObjectId:Cutthroat Trout}} -1",
				"Delimiter": " "
			},

			//RidgeForest
			{
				"Operation": "Append",
				"Target": ["Fields", "Custom_Ridgeside_RidgeForest", 4],
				"Value": "{{spacechase0.JsonAssets/ObjectId:Crimson Spiked Clam}} -1 {{spacechase0.JsonAssets/ObjectId:Cardia Septal Jellyfish}} -1 {{spacechase0.JsonAssets/ObjectId:Pebble Back Crab}} -1 {{spacechase0.JsonAssets/ObjectId:Mountain Redbelly Dace}} -1 {{spacechase0.JsonAssets/ObjectId:Ridgeside Bass}} -1 {{spacechase0.JsonAssets/ObjectId:Cutthroat Trout}} -1 {{spacechase0.JsonAssets/ObjectId:Ridge Bluegill}} -1",
				"Delimiter": " "
			},

			//Ridge
			{
				"Operation": "Append",
				"Target": ["Fields", "Custom_Ridgeside_Ridge", 4],
				"Value": "{{spacechase0.JsonAssets/ObjectId:Caped Tree Frog}} -1 {{spacechase0.JsonAssets/ObjectId:Mountain Whitefish}} -1 {{spacechase0.JsonAssets/ObjectId:Mountain Redbelly Dace}} -1 {{spacechase0.JsonAssets/ObjectId:Ridgeside Bass}} -1 {{spacechase0.JsonAssets/ObjectId:Cutthroat Trout}} -1",
				"Delimiter": " "
			},

			//RidgeFalls
			{
				"Operation": "Append",
				"Target": ["Fields", "Custom_Ridgeside_RidgeFalls", 4],
				"Value": "{{spacechase0.JsonAssets/ObjectId:Lullaby Carp}} -1 {{spacechase0.JsonAssets/ObjectId:Golden Rose Fin}} -1 {{spacechase0.JsonAssets/ObjectId:Fairytale Lionfish}} -1 {{spacechase0.JsonAssets/ObjectId:Mountain Whitefish}} -1 {{spacechase0.JsonAssets/ObjectId:Mountain Redbelly Dace}} -1 {{spacechase0.JsonAssets/ObjectId:Ridgeside Bass}} -1 {{spacechase0.JsonAssets/ObjectId:Cutthroat Trout}} -1 {{spacechase0.JsonAssets/ObjectId:Ridge Bluegill}} -1",
				"Delimiter": " "
			},

		//-----------------
		//Summer
		//-----------------
			//Ridgeside Village
			{
				"Operation": "Append",
				"Target": ["Fields", "Custom_Ridgeside_RidgesideVillage", 5],
				"Value": "{{spacechase0.JsonAssets/ObjectId:Fixer Eel}} -1 {{spacechase0.JsonAssets/ObjectId:Mountain Redbelly Dace}} -1 {{spacechase0.JsonAssets/ObjectId:Skulpin Fish}} -1 {{spacechase0.JsonAssets/ObjectId:Ridgeside Bass}} -1 {{spacechase0.JsonAssets/ObjectId:Cutthroat Trout}} -1",
				"Delimiter": " "
			},

			//Summit Farm
			{
				"Operation": "Append",
				"Target": ["Fields", "Custom_Ridgeside_SummitFarm", 5],
				"Value": "{{spacechase0.JsonAssets/ObjectId:Mountain Redbelly Dace}} -1 {{spacechase0.JsonAssets/ObjectId:Skulpin Fish}} -1 {{spacechase0.JsonAssets/ObjectId:Ridgeside Bass}} -1 {{spacechase0.JsonAssets/ObjectId:Cutthroat Trout}} -1",
				"Delimiter": " "
			},

			//RidgeForest
			{
				"Operation": "Append",
				"Target": ["Fields", "Custom_Ridgeside_RidgeForest", 5],
				"Value": "{{spacechase0.JsonAssets/ObjectId:Crimson Spiked Clam}} -1 {{spacechase0.JsonAssets/ObjectId:Pebble Back Crab}} -1 {{spacechase0.JsonAssets/ObjectId:Mountain Redbelly Dace}} -1 {{spacechase0.JsonAssets/ObjectId:Skulpin Fish}} -1 {{spacechase0.JsonAssets/ObjectId:Ridgeside Bass}} -1 {{spacechase0.JsonAssets/ObjectId:Cutthroat Trout}} -1",
				"Delimiter": " "
			},

			//Ridge
			{
				"Operation": "Append",
				"Target": ["Fields", "Custom_Ridgeside_Ridge", 5],
				"Value": "{{spacechase0.JsonAssets/ObjectId:Bladetail Sturgeon}} -1 {{spacechase0.JsonAssets/ObjectId:Caped Tree Frog}} -1 {{spacechase0.JsonAssets/ObjectId:Mountain Whitefish}} -1 {{spacechase0.JsonAssets/ObjectId:Mountain Redbelly Dace}} -1 {{spacechase0.JsonAssets/ObjectId:Skulpin Fish}} -1 {{spacechase0.JsonAssets/ObjectId:Ridgeside Bass}} -1 {{spacechase0.JsonAssets/ObjectId:Cutthroat Trout}} -1",
				"Delimiter": " "
			},

			//RidgeFalls
			{
				"Operation": "Append",
				"Target": ["Fields", "Custom_Ridgeside_RidgeFalls", 5],
				"Value": "{{spacechase0.JsonAssets/ObjectId:Lullaby Carp}} -1 {{spacechase0.JsonAssets/ObjectId:Fairytale Lionfish}} -1 {{spacechase0.JsonAssets/ObjectId:Mountain Whitefish}} -1 {{spacechase0.JsonAssets/ObjectId:Mountain Redbelly Dace}} -1 {{spacechase0.JsonAssets/ObjectId:Skulpin Fish}} -1 {{spacechase0.JsonAssets/ObjectId:Ridgeside Bass}} -1 {{spacechase0.JsonAssets/ObjectId:Cutthroat Trout}} -1",
				"Delimiter": " "
			},

		//-----------------
		//Fall
		//-----------------
			//Ridgeside Village
			{
				"Operation": "Append",
				"Target": ["Fields", "Custom_Ridgeside_RidgesideVillage", 6],
				"Value": "{{spacechase0.JsonAssets/ObjectId:Fixer Eel}} -1 {{spacechase0.JsonAssets/ObjectId:Harvester Trout}} -1 {{spacechase0.JsonAssets/ObjectId:Mountain Redbelly Dace}} -1 {{spacechase0.JsonAssets/ObjectId:Skulpin Fish}} -1 {{spacechase0.JsonAssets/ObjectId:Ridgeside Bass}} -1 {{spacechase0.JsonAssets/ObjectId:Cutthroat Trout}} -1",
				"Delimiter": " "
			},

			//Summit Farm
			{
				"Operation": "Append",
				"Target": ["Fields", "Custom_Ridgeside_SummitFarm", 6],
				"Value": "{{spacechase0.JsonAssets/ObjectId:Mountain Redbelly Dace}} -1 {{spacechase0.JsonAssets/ObjectId:Skulpin Fish}} -1 {{spacechase0.JsonAssets/ObjectId:Ridgeside Bass}} -1 {{spacechase0.JsonAssets/ObjectId:Cutthroat Trout}} -1",
				"Delimiter": " "
			},

			//RidgeForest
			{
				"Operation": "Append",
				"Target": ["Fields", "Custom_Ridgeside_RidgeForest", 6],
				"Value": "{{spacechase0.JsonAssets/ObjectId:Cardia Septal Jellyfish}} -1 {{spacechase0.JsonAssets/ObjectId:Mountain Redbelly Dace}} -1 {{spacechase0.JsonAssets/ObjectId:Skulpin Fish}} -1 {{spacechase0.JsonAssets/ObjectId:Ridgeside Bass}} -1 {{spacechase0.JsonAssets/ObjectId:Cutthroat Trout}} -1 {{spacechase0.JsonAssets/ObjectId:Ridge Bluegill}} -1",
				"Delimiter": " "
			},

			//Ridge
			{
				"Operation": "Append",
				"Target": ["Fields", "Custom_Ridgeside_Ridge", 6],
				"Value": "{{spacechase0.JsonAssets/ObjectId:Bladetail Sturgeon}} -1 {{spacechase0.JsonAssets/ObjectId:Caped Tree Frog}} -1 {{spacechase0.JsonAssets/ObjectId:Mountain Whitefish}} -1 {{spacechase0.JsonAssets/ObjectId:Mountain Redbelly Dace}} -1 {{spacechase0.JsonAssets/ObjectId:Skulpin Fish}} -1 {{spacechase0.JsonAssets/ObjectId:Ridgeside Bass}} -1 {{spacechase0.JsonAssets/ObjectId:Cutthroat Trout}} -1",
				"Delimiter": " "
			},

			//RidgeFalls
			{
				"Operation": "Append",
				"Target": ["Fields", "Custom_Ridgeside_RidgeFalls", 6],
				"Value": "{{spacechase0.JsonAssets/ObjectId:Golden Rose Fin}} -1 {{spacechase0.JsonAssets/ObjectId:Fairytale Lionfish}} -1 {{spacechase0.JsonAssets/ObjectId:Mountain Whitefish}} -1 {{spacechase0.JsonAssets/ObjectId:Mountain Redbelly Dace}} -1 {{spacechase0.JsonAssets/ObjectId:Skulpin Fish}} -1 {{spacechase0.JsonAssets/ObjectId:Ridgeside Bass}} -1 {{spacechase0.JsonAssets/ObjectId:Cutthroat Trout}} -1 {{spacechase0.JsonAssets/ObjectId:Ridge Bluegill}} -1",
				"Delimiter": " "
			},

		//-----------------
		//Winter
		//-----------------
			//Ridgeside Village
			{
				"Operation": "Append",
				"Target": ["Fields", "Custom_Ridgeside_RidgesideVillage", 7],
				"Value": "{{spacechase0.JsonAssets/ObjectId:Fixer Eel}} -1 {{spacechase0.JsonAssets/ObjectId:Harvester Trout}} -1 {{spacechase0.JsonAssets/ObjectId:Mountain Redbelly Dace}} -1 {{spacechase0.JsonAssets/ObjectId:Skulpin Fish}} -1 {{spacechase0.JsonAssets/ObjectId:Ridgeside Bass}} -1",
				"Delimiter": " "
			},

			//Summit Farm
			{
				"Operation": "Append",
				"Target": ["Fields", "Custom_Ridgeside_SummitFarm", 7],
				"Value": "{{spacechase0.JsonAssets/ObjectId:Mountain Redbelly Dace}} -1 {{spacechase0.JsonAssets/ObjectId:Skulpin Fish}} -1 {{spacechase0.JsonAssets/ObjectId:Ridgeside Bass}} -1",
				"Delimiter": " "
			},

			//RidgeForest
			{
				"Operation": "Append",
				"Target": ["Fields", "Custom_Ridgeside_RidgeForest", 7],
				"Value": "{{spacechase0.JsonAssets/ObjectId:Crimson Spiked Clam}} -1 {{spacechase0.JsonAssets/ObjectId:Cardia Septal Jellyfish}} -1 {{spacechase0.JsonAssets/ObjectId:Pebble Back Crab}} -1 {{spacechase0.JsonAssets/ObjectId:Mountain Redbelly Dace}} -1 {{spacechase0.JsonAssets/ObjectId:Skulpin Fish}} -1 {{spacechase0.JsonAssets/ObjectId:Ridgeside Bass}} -1 {{spacechase0.JsonAssets/ObjectId:Ridge Bluegill}} -1",
				"Delimiter": " "
			},

			//Ridge
			{
				"Operation": "Append",
				"Target": ["Fields", "Custom_Ridgeside_Ridge", 7],
				"Value": "{{spacechase0.JsonAssets/ObjectId:Bladetail Sturgeon}} -1 {{spacechase0.JsonAssets/ObjectId:Mountain Whitefish}} -1 {{spacechase0.JsonAssets/ObjectId:Mountain Redbelly Dace}} -1 {{spacechase0.JsonAssets/ObjectId:Skulpin Fish}} -1 {{spacechase0.JsonAssets/ObjectId:Ridgeside Bass}} -1",
				"Delimiter": " "
			},

			//RidgeFalls
			{
				"Operation": "Append",
				"Target": ["Fields", "Custom_Ridgeside_RidgeFalls", 7],
				"Value": "{{spacechase0.JsonAssets/ObjectId:Lullaby Carp}} -1 {{spacechase0.JsonAssets/ObjectId:Golden Rose Fin}} -1 {{spacechase0.JsonAssets/ObjectId:Mountain Whitefish}} -1 {{spacechase0.JsonAssets/ObjectId:Mountain Redbelly Dace}} -1 {{spacechase0.JsonAssets/ObjectId:Skulpin Fish}} -1 {{spacechase0.JsonAssets/ObjectId:Ridgeside Bass}} -1 {{spacechase0.JsonAssets/ObjectId:Ridge Bluegill}} -1",
				"Delimiter": " "
			},
		]
	}
	
]
}