{
"Changes": [
	

/*********
** Animations
*********/    	

	{
		"LogName": "Animation Data",
		"Action": "EditData",
		"Target": "Data/animationDescriptions",
		"Entries": {

	/*********
	** Aguar
	*********/
			"aguar_sleep": "27/27/27",
			"aguar_meditate": "0/26 25 24 25 26/0/Strings\\animationDescriptions:aguar.meditate",
			"aguar_bottle": "0/20 20 20 21 21 21 22 22 22 23 23 23 22 22 22 21 21 21/0",
			"aguar_drink": "0/17 17 17 17 17 17 17 17 17 17 17 17 17 17 18 19 19 19 19 19 19 19 18 17 17 17 17 17 17 17 17 17 17 17 18 19 19 19 19 19 19 19 18/0",
			"aguar_sit": "0/28 28 28 28 28 28 28 28 28 28 28 28 28 28 28 28 28 28 28 28 29 28 29 29 28 28 28 29 29 29 29 28 28 28 29 29 29 29 29 29 30 30 29 30 30 29 30 31 31 30 31 31 30 29 28 28 29 28 28 29 28 28 28 28 28 28 28 28 28 28 28 28 28 28 28 29 28 29 29 28 28 28 29 29 29 29 28 28 28 29 29 29 29 29 29 30 30 29 30 30 29 30 31 31 30 31 31 30 29 28 28 29 28 28 29 28 28 28 28 28/0",

	/*********
	** Alissa
	*********/			
			"alissa_sleep": "48/48/48",
			"alissa_sing": "0/18 18 18 26 26 26/0/Strings\\animationDescriptions:alissa.sing",

	/*********
	** Bert
	*********/			
			"bert_sleep": "27/27/27",

	/*********
	** Corine
	*********/			
			"corine_sleep": "48/48/48",
			"corine_train": "0/19 20 20 20 20 20 21 20 20 20 21 20 20 20 21 20 20 20 21 20/0/Strings\\animationDescriptions:corine.train",
			"corine_meditate": "0/17 17 17 17 17 17 17 17 17 16 16 16 17 17 17 17 17 16 16 17 17 17 17/0",
			"corine_slash": "0/22 22 22 22 22 23/0/Strings\\animationDescriptions:corine.slash",

	/*********
	** Ezekiel
	*********/			
			"ezekiel_sleep": "27/27/27",

	/*********
	** Flor
	*********/			
			"flor_sleep": "48/48/48",
			"flor_read": "0/16 16 16 16 16 17 17 16 16 16 16 16 16 18 18 18 19 19 19 16/0/Strings\\animationDescriptions:flor.read",

	/*********
	** Freddie
	*********/			
			"freddie_sleep": "27/27/27",

	/*********
	** Ian
	*********/			
			"ian_sleep": "51/51/51",
			"ian_clean": "0/17 18 19 18 17 17 17/0",

	/*********
	** Jeric
	*********/			
			"jeric_sleep": "51/51/51",

	/*********
	** Jio
	*********/			
			"jio_sleep": "51/51/51",
			"jio_meditate": "21/21/21",
			"jio_fight": "0/24 24 24 25 26 25 24/0",

	/*********
	** Keahi
	*********/			
			"keahi_sleep": "27/27/27",
			"keahi_read": "0/26/0",
			"keahi_jump": "0/20 20 20 23 21 22 21 23 20 20/0",
			"keahi_dance": "0/16 16 16 16 17 17 17 18 18 18 18 17 17 17/0",

	/*********
	** Kenneth
	*********/			
			"kenneth_sleep": "51/51/51",
			"kenneth_fixfront": "16/16/16",
			"kenneth_fixright": "17/17/17",
			"kenneth_fixback": "18/18/18",
			"kenneth_fixleft": "19/19/19",

	/*********
	** Kiwi
	*********/				
			"kiwi_sleep": "27/27/27",
			"kiwi_frontflip": "0/16 16 17 17 17 17 17 17 18 19 20 21 22 23 24 25 26 17 17 27 27 27 16/0",

	/*********
	** Aguar
	*********/				
			"lenny_sleep": "27/27/27",

	/*********
	** Lenny
	*********/				
			"lola_sleep": "27/27/27",

	/*********
	** Maddie
	*********/				
			"maddie_sleep": "48/48/48",

	/*********
	** Olga
	*********/				
			"olga_sleep": "27/27/27",

	/*********
	** Philip
	*********/				
			"philip_sleep": "51/51/51",
			"philip_gym": "0/24 24 25 26 27 27 26 26 25 25 24/0/Strings\\animationDescriptions:philip.gym",

	/*********
	** Pika
	*********/				
			"pika_sleep": "27/27/27",

	/*********
	** Richard
	*********/				
			"richard_sleep": "27/27/27",

	/*********
	** Shiro
	*********/				
			"shiro_sleep": "51/51/51",

	/*********
	** Trinnie
	*********/				
			"trinnie_sleep": "27/27/27",
			"trinnie_read": "0/26/0",
			"trinnie_jump": "0/16 17 17 17 17 17 17 18 19 20 21 22 23 24 25 26 17 17 27 27 27 16 16/0",

	/*********
	** Ysabelle
	*********/				
			"ysabelle_sleep": "48/48/48",
			"ysabelle_ballet": "0/16 16 16 16 16 16 17 17 17 17 17 17 18 18 18 18 18 18 19 19 19 19 19 19/0/Strings\\animationDescriptions:ysabelle.ballet",

	/*********
	** Yuuma
	*********/				
			"yuuma_sleep": "27/27/27",
			"yuuma_read": "0/26/0",

	//2.0 NPCs
			"acorn_sleep": "27/27/27",
			"acorn_bobble": "0/16 17 16 18 16 17 16 18 16 17 16 18 16 17 16 18 16 19 20 21 22 23 22 21 20 19 16 16 16/0",
			"acorn_carve": "0/24 25 26 24 24 24 25 26 24 25 26/0",
			"anton_sleep": "19/19/19",
			"ariah_sleep": "19/19/19",
			"ariah_read": "0/17 17 17 17 17 17 17 17 17 17 17 17 17 17 17 17 17 17 17 17 17 17 17 18/0",
			"belinda_sleep": "19/19/19",
			"blair_sleep": "19/19/19",
			"blair_fish": "0/16 16 16 16 16 16 16 17 17 17/0",
			"bliss_sleep": "27/27/27",
			"bliss_hop": "0/21 22 23 24 25 26 25 24 23 22 21/0",
			"bryle_sleep": "19/19/19",
			"carmen_sleep": "19/19/19",
			"daia_meditate": "0/17 17 17/0",
			"daia_train": "0/21 21 22 22 21 21 22 22 21 21 22 22 20 21 22 23 24 25/0",
			"daia_sleep": "48/48/48",
			"faye_sleep": "19/19/19",
			"faye_fan": "0/16 17 18 17/0",
			"helen_sleep": "17/17/17",
			"irene_sleep": "19/19/19",
			"irene_relax": "0/16 16 16/0/Strings\\animationDescriptions:irene.relax",
			"kiarra_sleep": "19/19/19",
			"kimpoi_sleep": "27/27/27",
			"lorenzo_sleep": "19/19/19",
			"louie_sleep": "19/19/19",
			"louie_read": "0/16 16 16/0",
			"louie_game": "0/17 17 17 17 18 18 17 17 17 17 17 17 18 18 18 17 17 17 17 17 17 18/0",
			"maive_sleep": "19/19/19",
			"maive_read": "0/16 16 16 16 16 16 16 16 16 16 16 16 16 16 16 17 18 17/0",
			"maive_call": "0/20 20 20 20 21 21 21 21 20 20 20 21 21 20 20 20 20 20 21 20 20 21 20 21 21 21 21 20 20/0/Strings\\animationDescriptions:maive.call",
			"malaya_sleep": "27/27/27",
			"naomi_sleep": "27/27/27",
			"paula_sleep": "19/19/19",
			"pipo_sleep": "27/27/27",
			"raeriyala_sleep": "19/19/19",
			"sari_sleep": "27/27/27",
			"sean_sleep": "19/19/19",
			"shanice_sleep": "19/19/19",
			"shanice_list": "0/20 20 20 21 21 20 20 20 21 21 20 20 20 21 22 23 23 23 23 23 23 23 23 23 23 23 23 23 23 23 23 23 23 23 22 21/0",
			"sonny_sleep": "19/19/19",
			"zayne_sleep": "19/19/19",
			"undreya_drowse": "0/24 24 24 25 25 25 26 26 26/0"
			
		}
	},

/*********
** Animation Strings
*********/		
	{
		"LogName": "Animation Strings",
		"Action": "EditData",
		"Target": "Strings/animationDescriptions",
		"Entries": {

	/*********
	** Aguar
	*********/			
			"aguar.meditate": "{{i18n:Animations.Aguar.Meditate}}",

	/*********
	** Alissa
	*********/				
			"alissa.sing": "{{i18n:Animations.Alissa.Sing}}",

	/*********
	** Corine
	*********/				
			"corine.train": "{{i18n:Animations.Corine.Train}}",
			"corine.slash": "{{i18n:Animations.Corine.Slash}}",
			
	/*********
	** Flor
	*********/				
			"flor.read": "{{i18n:Animations.Flor.Read}}", 
//			Oh... As I do recall, Piaget's theory in cognitive learning focused on assimilation and accomodation of information...#$b#But his study was not in a controlled environment though...#$b#He used his children as subjects... So would this be inaccurate?.. Hmmmm..$6",

	/*********
	** Philip
	*********/		
			"philip.gym": "{{i18n:Animations.Philip.Gym}}",

	/*********
	** Ysabelle
	*********/		
			"ysabelle.ballet": "{{i18n:Animations.Ysabelle.Ballet}}",

	//2.0 strings
			"irene.relax": "{{i18n:Animations.irene.relax}}",
			"maive.call": "{{i18n:Animations.maive.call}}"
			
		}
	},	

	
]
}