{
"Changes": [
	
//------------------------
// Regular Dialogue
//------------------------

  {
	"LogName": "Load Empty Ridgeside Dialogue File",
   	"Action": "Load",
   	"Target": "Characters/Dialogue/Alissa, Characters/Dialogue/Aguar, Characters/Dialogue/Bert, Characters/Dialogue/Corine, Characters/Dialogue/Ezekiel, Characters/Dialogue/Flor, Characters/Dialogue/Freddie, Characters/Dialogue/Ian, Characters/Dialogue/Jeric, Characters/Dialogue/Jio, Characters/Dialogue/Keahi, Characters/Dialogue/Kenneth, Characters/Dialogue/Kiwi, Characters/Dialogue/Lenny, Characters/Dialogue/Lola, Characters/Dialogue/Maddie, Characters/Dialogue/Olga, Characters/Dialogue/Philip, Characters/Dialogue/Pika, Characters/Dialogue/Richard, Characters/Dialogue/Shiro, Characters/Dialogue/Trinnie, Characters/Dialogue/Ysabelle, Characters/Dialogue/Yuuma, Characters/Dialogue/Undreya, Characters/Dialogue/Helen, Characters/Dialogue/Daia, Characters/Dialogue/Belinda, Characters/Dialogue/Bliss, Characters/Dialogue/Sari, Characters/Dialogue/Pipo, Characters/Dialogue/Acorn, Characters/Dialogue/Naomi, Characters/Dialogue/Malaya, Characters/Dialogue/Kimpoi, Characters/Dialogue/Anton, Characters/Dialogue/Ariah, Characters/Dialogue/Blair, Characters/Dialogue/Bryle, Characters/Dialogue/Carmen, Characters/Dialogue/Faye, Characters/Dialogue/Irene, Characters/Dialogue/Kiarra, Characters/Dialogue/Lorenzo, Characters/Dialogue/Louie, Characters/Dialogue/Maive, Characters/Dialogue/Paula, Characters/Dialogue/Raeriyala, Characters/Dialogue/Sean, Characters/Dialogue/Shanice, Characters/Dialogue/Sonny, Characters/Dialogue/Zayne, Characters/Dialogue/TreehouseGirl",
   	"FromFile": "Data/LoadData/EmptyJson.json"
  },

	/*********
	** Include Dialogue Files
	*********/	
  {
	"LogName": "Include Ridgeside Dialogue Files",
   	"Action": "Include",
   	"FromFile": "Assets/Dialogue/Alissa.json, Assets/Dialogue/Aguar.json, Assets/Dialogue/Bert.json, Assets/Dialogue/Corine.json, Assets/Dialogue/Ezekiel.json, Assets/Dialogue/Flor.json, Assets/Dialogue/Freddie.json, Assets/Dialogue/Ian.json, Assets/Dialogue/Jeric.json, Assets/Dialogue/Jio.json, Assets/Dialogue/Keahi.json, Assets/Dialogue/Kenneth.json, Assets/Dialogue/Kiwi.json, Assets/Dialogue/Lenny.json, Assets/Dialogue/Lola.json, Assets/Dialogue/Maddie.json, Assets/Dialogue/Olga.json, Assets/Dialogue/Philip.json, Assets/Dialogue/Pika.json, Assets/Dialogue/Richard.json, Assets/Dialogue/Shiro.json, Assets/Dialogue/Trinnie.json, Assets/Dialogue/Ysabelle.json, Assets/Dialogue/Yuuma.json, Assets/Dialogue/Undreya.json, Assets/Dialogue/Helen.json, Assets/Dialogue/Daia.json, Assets/Dialogue/Belinda.json, Assets/Dialogue/Bliss.json, Assets/Dialogue/Sari.json, Assets/Dialogue/Pipo.json, Assets/Dialogue/Acorn.json, Assets/Dialogue/Naomi.json, Assets/Dialogue/Malaya.json, Assets/Dialogue/Kimpoi.json, Assets/Dialogue/Anton.json, Assets/Dialogue/Ariah.json, Assets/Dialogue/Blair.json, Assets/Dialogue/Bryle.json, Assets/Dialogue/Carmen.json, Assets/Dialogue/Faye.json, Assets/Dialogue/Irene.json, Assets/Dialogue/Kiarra.json, Assets/Dialogue/Lorenzo.json, Assets/Dialogue/Louie.json, Assets/Dialogue/Maive.json, Assets/Dialogue/Paula.json, Assets/Dialogue/Raeriyala.json, Assets/Dialogue/Sean.json, Assets/Dialogue/Shanice.json, Assets/Dialogue/Sonny.json, Assets/Dialogue/Zayne.json, Assets/Dialogue/TreehouseGirl.json",
  },  

]
}
