{
"Changes": [
	
//-------------------------
// D I S P O S I T I O N S 
//-------------------------

	{
		"LogName": "NPC Dispositions",
		"Action": "EditData",
		"Target": "Data/NPCDispositions",
		"Entries": {

			//Log Cabin Hotel
			"Richard": "adult/neutral/neutral/neutral/male/non-datable/null/Town/fall 3/{{i18n:NPC_Data.Richard}}/Custom_Ridgeside_LogCabinHotel3rdFloor 3 12/{{i18n:Name.Richard}}",
			"Ysabelle": "teen/rude/outgoing/positive/female/datable/null/Town/spring 11/{{i18n:NPC_Data.Ysabelle}}/Custom_Ridgeside_LogCabinHotel2ndFloor 14 5/{{i18n:Name.Ysabelle}}",
			"Flor": "teen/neutral/shy/negative/female/datable/null/Town/summer 14//Custom_Ridgeside_LogCabinHotel2ndFloor 3 5/{{i18n:Name.Flor}}",
			"Philip": "teen/polite/outgoing/positive/male/datable/null/Town/spring 17//Custom_Ridgeside_LogCabinHotel2ndFloor 13 22/{{i18n:Name.Philip}}",

			//Odd Jobs
			"Ian": "teen/polite/shy/positive/male/datable/null/Town/fall 14//Custom_Ridgeside_IanHouse 10 5/{{i18n:Name.Ian}}",
			"Sean": "teen/polite/outgoing/positive/male/non-datable/null/Town/null/{{i18n:NPC_Data.Sean}}/Custom_Ridgeside_IanHouse 14 5/{{i18n:Name.Sean}}",

			//Electrician
			"Kenneth": "teen/neutral/neutral/neutral/male/datable/null/Town/summer 18//Custom_Ridgeside_KennethHouse 16 5/{{i18n:Name.Kenneth}}",

			//Ridgeside Clinic
			"Paula": "adult/polite/neutral/negative/female/non-datable/null/Town/null/{{i18n:NPC_Data.Paula}}/Custom_Ridgeside_PaulaClinic 2 7/{{i18n:Name.Paula}}",

			//RSV Office
			"Lenny": "adult/polite/outgoing/positive/female/non-datable/null/Town/summer 16/{{i18n:NPC_Data.Lenny}}/Custom_Ridgeside_LennyHouse 21 5/{{i18n:Name.Lenny}}",

			//Pickens Residence
			"Maddie": "teen/rude/neutral/neutral/female/datable/null/Town/fall 23//Custom_Ridgeside_MaddieHouse 20 5/{{i18n:Name.Maddie}}",

			//Daniels Residence
			"Corine": "teen/polite/outgoing/positive/female/datable/null/Town/fall 26/{{i18n:NPC_Data.Corine}}/Custom_Ridgeside_EzekielHouse 31 5/{{i18n:Name.Corine}}",
			"Ezekiel": "adult/rude/outgoing/positive/male/not-datable/null/Town/spring 12/{{i18n:NPC_Data.Ezekiel}}/Custom_Ridgeside_EzekielHouse 4 5/{{i18n:Name.Ezekiel}}",

			//Legame Residence or 3Bros
			"Lorenzo": "adult/polite/neutral/positive/male/non-datable/null/Town/null/{{i18n:NPC_Data.Lorenzo}}/Custom_Ridgeside_3Bros2ndFloor 6 5/{{i18n:Name.Lorenzo}}",
			"Anton": "adult/polite/neutral/neutral/male/non-datable/null/Town/null/{{i18n:NPC_Data.Anton}}/Custom_Ridgeside_3Bros2ndFloor 18 12/{{i18n:Name.Anton}}",
			"Kiarra": "teen/polite/outgoing/negative/female/non-datable/null/Town/null/{{i18n:NPC_Data.Kiarra}}/Custom_Ridgeside_3Bros2ndFloor 21 5/{{i18n:Name.Kiarra}}",
			"Shanice": "adult/polite/neutral/neutral/female/non-datable/null/Town/null/{{i18n:NPC_Data.Shanice}}/Custom_Ridgeside_3Bros2ndFloor 5 5/{{i18n:Name.Shanice}}",

			//Blooming Hill Farm
			"Jeric": "teen/polite/neutral/neutral/male/datable/null/Town/winter 2//Custom_Ridgeside_JericHouse 18 5/{{i18n:Name.Jeric}}",
			"Bryle": "adult/polite/outgoing/neutral/male/non-datable/null/Other/null/{{i18n:NPC_Data.Bryle}}/Custom_Ridgeside_RSVHiddenWarp2 8 8/{{i18n:Name.Bryle}}",

			//Kobayashi Residence
			"Naomi": "adult/neutral/neutral/neutral/female/non-datable/null/Other/null/{{i18n:NPC_Data.Naomi}}/Custom_Ridgeside_RSVHiddenWarp2 5 8/{{i18n:Name.Naomi}}",
			"Shiro": "teen/rude/shy/negative/male/datable/null/Town/winter 28/{{i18n:NPC_Data.Shiro}}/Custom_Ridgeside_ShiroHouse 10 5/{{i18n:Name.Shiro}}",
			"Yuuma": "child/neutral/neutral/neutral/male/non-datable/null/Town/fall 4/{{i18n:NPC_Data.Yuuma}}/Custom_Ridgeside_ShiroHouse 14 5/{{i18n:Name.Yuuma}}",

			//Yojeong Residence or Tailor
			"Faye": "adult/polite/outgoing/positive/female/non-datable/null/Town/null/{{i18n:NPC_Data.Faye}}/Custom_Ridgeside_FayeHouse 3 5/{{i18n:Name.Faye}}",

			//Akina Residence
			"Pika": "adult/polite/outgoing/neutral/male/non-datable/null/Town/winter 21/{{i18n:NPC_Data.Pika}}/Custom_Ridgeside_PikaHouse 18 5/{{i18n:Name.Pika}}",
			"Keahi": "child/polite/outgoing/positive/male/non-datable/null/Town/winter 11/{{i18n:NPC_Data.Keahi}}/Custom_Ridgeside_PikaHouse 26 5/{{i18n:Name.Keahi}}",

			//Rivera Residence or Fishing House
			"Carmen": "adult/neutral/outgoing/positive/female/non-datable/null/Town/null/{{i18n:NPC_Data.Carmen}}/Custom_Ridgeside_BlairHouse 16 5/{{i18n:Name.Carmen}}",
			"Blair": "teen/polite/outgoing/positive/female/non-datable/null/Town/null/{{i18n:NPC_Data.Blair}}/Custom_Ridgeside_BlairHouse 5 5/{{i18n:Name.Blair}}",

			//Bladebane Residence
			"Freddie": "adult/polite/outgoing/positive/male/non-datable/null/Town/winter 18/{{i18n:NPC_Data.Freddie}}/Custom_Ridgeside_FreddieHouse 3 5/{{i18n:Name.Freddie}}",
			"Lola": "adult/polite/neutral/neutral/female/non-datable/null/Town/summer 2/{{i18n:NPC_Data.Lola}}/Custom_Ridgeside_FreddieHouse 4 5/{{i18n:Name.Lola}}",

			//Amethyne Residence
			"Maive": "adult/rude/neutral/negative/female/non-datable/null/Town/null/{{i18n:NPC_Data.Maive}}/Custom_Ridgeside_PurpleMansion2ndFloor 24 5/{{i18n:Name.Maive}}",
			"Zayne": "adult/polite/outgoing/positive/male/non-datable/null/Other/null/{{i18n:NPC_Data.Zayne}}/Custom_Ridgeside_RSVHiddenWarp2 10 8/{{i18n:Name.Zayne}}",
			"Ariah": "teen/polite/neutral/positive/female/non-datable/null/Town/null/{{i18n:NPC_Data.Ariah}}/Custom_Ridgeside_PurpleMansion2ndFloor 3 5/{{i18n:Name.Ariah}}",
			"Louie": "child/rude/outgoing/positive/male/non-datable/null/Town/null/{{i18n:NPC_Data.Louie}}/Custom_Ridgeside_PurpleMansion2ndFloor 17 9/{{i18n:Name.Louie}}",
			"Sonny": "adult/polite/neutral/neutral/male/non-datable/null/Town/null/{{i18n:NPC_Data.Sonny}}/Custom_Ridgeside_PurpleMansion 55 44/{{i18n:Name.Sonny}}",
			"Irene": "teen/polite/neutral/positive/female/non-datable/null/Town/null/{{i18n:NPC_Data.Irene}}/Custom_Ridgeside_PurpleMansion 2 44/{{i18n:Name.Irene}}",

			//Water Research Facility
			"Aguar": "adult/rude/neutral/negative/male/not-datable/null/Town/summer 25//Custom_Ridgeside_AguarBasement 2 8/{{i18n:Name.Aguar}}",

			//Nightingale Orchard
			"Alissa": "teen/polite/shy/neutral/female/datable/null/Town/spring 5/{{i18n:NPC_Data.Alissa}}/Custom_Ridgeside_AlissaHouse 11 5/{{i18n:Name.Alissa}}",
			"Malaya": "adult/polite/outgoing/positive/female/non-datable/null/Other/null/{{i18n:NPC_Data.Malaya}}/Custom_Ridgeside_RSVHiddenWarp2 6 8/{{i18n:Name.Malaya}}",
			"Kimpoi": "adult/polite/shy/positive/male/non-datable/null/Other/null/{{i18n:NPC_Data.Kimpoi}}/Custom_Ridgeside_RSVHiddenWarp2 7 8/{{i18n:Name.Kimpoi}}",
			"Trinnie": "child/polite/outgoing/negative/female/non-datable/null/Town/spring 16/{{i18n:NPC_Data.Trinnie}}/Custom_Ridgeside_BertHouse2ndFloor 18 5/{{i18n:Name.Trinnie}}",
			"Olga": "adult/polite/neutral/positive/female/non-datable/null/Town/summer 9/{{i18n:NPC_Data.Olga}}/Custom_Ridgeside_BertHouse2ndFloor 3 5/{{i18n:Name.Olga}}",
			"Bert": "adult/neutral/neutral/neutral/male/non-datable/null/Town/spring 28/{{i18n:NPC_Data.Bert}}/Custom_Ridgeside_BertHouse2ndFloor 2 5/{{i18n:Name.Bert}}",

			//Deities
			"Belinda": "adult/neutral/outgoing/positive/female/non-datable/null/Other/null//Custom_Ridgeside_RSVHiddenWarp2 6 6/{{i18n:Name.Belinda}}",
			"Raeriyala": "adult/polite/outgoing/positive/female/non-datable/null/Other/null/{{i18n:NPC_Data.Raeriyala}}/Custom_Ridgeside_RSVHiddenWarp2 9 8/{{i18n:Name.Raeriyala}}",

			//Lost Princess Story Arch
			"Undreya": "child/neutral/neutral/neutral/female/non-datable/null/Other/null//Custom_Ridgeside_RSVAbandonedHouse 5 5/{{i18n:Name.Undreya}}",
			"Sari": "adult/polite/outgoing/positive/female/non-datable/null/Other/null/{{i18n:NPC_Data.Sari}}/Custom_Ridgeside_RSVHiddenWarp2 5 7/{{i18n:Name.Sari}}",
			"Pipo": "child/polite/outgoing/positive/male/non-datable/null/Other/null/{{i18n:NPC_Data.Pipo}}/Custom_Ridgeside_RSVHiddenWarp2 6 7/{{i18n:Name.Pipo}}",
			"Acorn": "child/polite/outgoing/positive/male/non-datable/null/Other/null//Custom_Ridgeside_RSVHiddenWarp2 7 7/{{i18n:Name.Acorn}}",

			//The Lady with the Red Tail Cult Members
			"Helen": "adult/neutral/neutral/neutral/female/non-datable/null/Other/null/{{i18n:NPC_Data.Helen}}/Custom_Ridgeside_RSVHiddenWarp2 5 5/{{i18n:Name.Helen}}",
			"Daia": "teen/neutral/outgoing/positive/female/datable/null/Other/null//Custom_Ridgeside_RSVHiddenWarp2 5 6/{{i18n:Name.Daia}}",
			"Jio": "teen/neutral/neutral/neutral/male/non-datable/null/Other/null//Custom_Ridgeside_RSVNinjaHouse 14 5/{{i18n:Name.Jio}}",
			"Bliss": "child/rude/neutral/negative/female/non-datable/null/Other/null//Custom_Ridgeside_RSVHiddenWarp2 7 6/{{i18n:Name.Bliss}}",
			"Kiwi": "child/rude/outgoing/negative/female/non-datable/null/Other/null//Custom_Ridgeside_RSVHiddenWarp 10 1/{{i18n:Name.Kiwi}}",
			"TreehouseGirl": "child/polite/neutral/neutral/female/non-datable/null/Other/null//Custom_Ridgeside_RSVHiddenWarp 10 2/???",
		},
	},


]
}
