{
"Changes": [
	
//------------------------
// G I F T S              
//------------------------

	{
		"LogName": "Gift tastes",
		"Action": "EditData",
		"Target": "Data/NPCGiftTastes",
		"Entries": {
		
			"Aguar": "{{i18n:Gift.Love.Aguar}}/62 225 107 118/{{i18n:Gift.Like.Aguar}}/768 769 130 258/{{i18n:Gift.Dislike.Aguar}}/266/{{i18n:Gift.Hate.Aguar}}/82/{{i18n:Gift.Neutral.Aguar}}/-4/ ",

			"Alissa": "{{i18n:Gift.Love.Alissa}}/211 276 60 398/{{i18n:Gift.Like.Alissa}}/22 68 400 613/{{i18n:Gift.Dislike.Alissa}}//{{i18n:Gift.Hate.Alissa}}//{{i18n:Gift.Neutral.Alissa}}/-4/ ",

			"Bert": "{{i18n:Gift.Love.Bert}}/207 336 72 645/{{i18n:Gift.Like.Bert}}/86 284 270 280/{{i18n:Gift.Dislike.Bert}}//{{i18n:Gift.Hate.Bert}}//{{i18n:Gift.Neutral.Bert}}/-4/ ",
			
			"Corine": "{{i18n:Gift.Love.Corine}}/591 227 196 340/{{i18n:Gift.Like.Corine}}/280 398 638 254/{{i18n:Gift.Dislike.Corine}}//{{i18n:Gift.Hate.Corine}}//{{i18n:Gift.Neutral.Corine}}/-4/ ",
			
			"Ezekiel": "{{i18n:Gift.Love.Ezekiel}}/198 386 190 129/{{i18n:Gift.Like.Ezekiel}}/78 403 24 192/{{i18n:Gift.Dislike.Ezekiel}}//{{i18n:Gift.Hate.Ezekiel}}//{{i18n:Gift.Neutral.Ezekiel}}/-4/ ",
				
			"Flor": "{{i18n:Gift.Love.Flor}}/253 64 268 233/{{i18n:Gift.Like.Flor}}/260 412 22 418/{{i18n:Gift.Dislike.Flor}}//{{i18n:Gift.Hate.Flor}}//{{i18n:Gift.Neutral.Flor}}/-4/ ",
			
			"Freddie": "{{i18n:Gift.Love.Freddie}}/218 236 278 86 20/{{i18n:Gift.Like.Freddie}}/380 396 348 252/{{i18n:Gift.Dislike.Freddie}}//{{i18n:Gift.Hate.Freddie}}//{{i18n:Gift.Neutral.Freddie}}/-4/ ",
			
			"Ian": "{{i18n:Gift.Love.Ian}}/233 213 272 400/{{i18n:Gift.Like.Ian}}/403 24 812 397/{{i18n:Gift.Dislike.Ian}}//{{i18n:Gift.Hate.Ian}}//{{i18n:Gift.Neutral.Ian}}/-4/ ",
			
			"Jeric": "{{i18n:Gift.Love.Jeric}}/637 224 444 597/{{i18n:Gift.Like.Jeric}}/20 335 266 408/{{i18n:Gift.Dislike.Jeric}}//{{i18n:Gift.Hate.Jeric}}//{{i18n:Gift.Neutral.Jeric}}/-4/ ",
			
			"Jio": "{{i18n:Gift.Love.Jio}}/604/{{i18n:Gift.Like.Jio}}/406/{{i18n:Gift.Dislike.Jio}}//{{i18n:Gift.Hate.Jio}}//{{i18n:Gift.Neutral.Jio}}/-4/ ",
			
			"Keahi": "{{i18n:Gift.Love.Keahi}}/223 224 372 282/{{i18n:Gift.Like.Keahi}}/396 404 567 430/{{i18n:Gift.Dislike.Keahi}}//{{i18n:Gift.Hate.Keahi}}//{{i18n:Gift.Neutral.Keahi}}/-4/ ",
			
			"Kenneth": "{{i18n:Gift.Love.Kenneth}}/206 400 338 576/{{i18n:Gift.Like.Kenneth}}/90 184 395 538/{{i18n:Gift.Dislike.Kenneth}}//{{i18n:Gift.Hate.Kenneth}}//{{i18n:Gift.Neutral.Kenneth}}/-4/ ",
			
			"Kiwi": "{{i18n:Gift.Love.Kiwi}}/268/{{i18n:Gift.Like.Kiwi}}/-4/{{i18n:Gift.Dislike.Kiwi}}//{{i18n:Gift.Hate.Kiwi}}//{{i18n:Gift.Neutral.Kiwi}}// ",
			
			"Lenny": "{{i18n:Gift.Love.Lenny}}/235 260 416 573/{{i18n:Gift.Like.Lenny}}/400 376 264 196/{{i18n:Gift.Dislike.Lenny}}//{{i18n:Gift.Hate.Lenny}}//{{i18n:Gift.Neutral.Lenny}}/-4/ ",
			
			"Lola": "{{i18n:Gift.Love.Lola}}/230 64 241 306/{{i18n:Gift.Like.Lola}}/769 107 454 575/{{i18n:Gift.Dislike.Lola}}//{{i18n:Gift.Hate.Lola}}//{{i18n:Gift.Neutral.Lola}}/-4/ ",
			
			"Maddie": "{{i18n:Gift.Love.Maddie}}/196 611 393 586/{{i18n:Gift.Like.Maddie}}/82 418 283 284/{{i18n:Gift.Dislike.Maddie}}//{{i18n:Gift.Hate.Maddie}}//{{i18n:Gift.Neutral.Maddie}}/-4/ ",
			
			"Olga": "{{i18n:Gift.Love.Olga}}/212 348 376 188/{{i18n:Gift.Like.Olga}}/184 22 281 402/{{i18n:Gift.Dislike.Olga}}//{{i18n:Gift.Hate.Olga}}//{{i18n:Gift.Neutral.Olga}}/-4/ ",
			
			"Philip": "{{i18n:Gift.Love.Philip}}/219 86 264 591/{{i18n:Gift.Like.Philip}}/80 223 350 157/{{i18n:Gift.Dislike.Philip}}//{{i18n:Gift.Hate.Philip}}//{{i18n:Gift.Neutral.Philip}}/-4/ ",
			
			"Pika": "{{i18n:Gift.Love.Pika}}/733 60 342 350/{{i18n:Gift.Like.Pika}}/157 346 419 246/{{i18n:Gift.Dislike.Pika}}//{{i18n:Gift.Hate.Pika}}//{{i18n:Gift.Neutral.Pika}}/-4/ ",
			
			"Richard": "{{i18n:Gift.Love.Richard}}/72 218 348 604/{{i18n:Gift.Like.Richard}}/386 86 552 303/{{i18n:Gift.Dislike.Richard}}//{{i18n:Gift.Hate.Richard}}//{{i18n:Gift.Neutral.Richard}}/-4/ ",
			
			"Shiro": "{{i18n:Gift.Love.Shiro}}/414 241 610 420/{{i18n:Gift.Like.Shiro}}/424 190 399 304/{{i18n:Gift.Dislike.Shiro}}//{{i18n:Gift.Hate.Shiro}}//{{i18n:Gift.Neutral.Shiro}}/-4/ ",
			
			"Trinnie": "{{i18n:Gift.Love.Trinnie}}/233 797 211 221/{{i18n:Gift.Like.Trinnie}}/591 22 428 400/{{i18n:Gift.Dislike.Trinnie}}//{{i18n:Gift.Hate.Trinnie}}//{{i18n:Gift.Neutral.Trinnie}}/-4/ ",
			
			"Ysabelle": "{{i18n:Gift.Love.Ysabelle}}/72 228 268 636/{{i18n:Gift.Like.Ysabelle}}/348 340 421 258/{{i18n:Gift.Dislike.Ysabelle}}//{{i18n:Gift.Hate.Ysabelle}}//{{i18n:Gift.Neutral.Ysabelle}}/-4/ ",
		
			"Yuuma": "{{i18n:Gift.Love.Yuuma}}/194 613 398 216/{{i18n:Gift.Like.Yuuma}}/167 176 92 311/{{i18n:Gift.Dislike.Yuuma}}/346/{{i18n:Gift.Hate.Yuuma}}//{{i18n:Gift.Neutral.Yuuma}}/-4/ ",

			//2.0

			"Undreya": "{{i18n:Gift.Love.Undreya}}/73 124 125 336 384 928/{{i18n:Gift.Like.Undreya}}/-2/{{i18n:Gift.Dislike.Undreya}}/-4/{{i18n:Gift.Hate.Undreya}}/227/{{i18n:Gift.Neutral.Undreya}}/-20/ ",

			"Ariah": "{{i18n:Gift.Love.Ariah}}/433/{{i18n:Gift.Like.Ariah}}/400/{{i18n:Gift.Dislike.Ariah}}/304/{{i18n:Gift.Hate.Ariah}}//{{i18n:Gift.Neutral.Ariah}}/-4/ ",

			"Maive": "{{i18n:Gift.Love.Maive}}/{{spacechase0.JsonAssets/ObjectId:Honey Glazed Salad}} {{spacechase0.JsonAssets/ObjectId:Zesty Tuna}} {{spacechase0.JsonAssets/ObjectId:Cherry Berry Shakey}}/{{i18n:Gift.Like.Maive}}/{{spacechase0.JsonAssets/ObjectId:Fairytale Lionfish}} 254 340 426/{{i18n:Gift.Dislike.Maive}}/346 459 {{spacechase0.JsonAssets/ObjectId:Arugula Roll}} {{spacechase0.JsonAssets/ObjectId:Fixer Eel}}/{{i18n:Gift.Hate.Maive}}/306 307 308 807 {{spacechase0.JsonAssets/ObjectId:Caped Tree Frog}} {{spacechase0.JsonAssets/ObjectId:Forage Souffle}}/{{i18n:Gift.Neutral.Maive}}/-4/ ",

			"Louie": "{{i18n:Gift.Love.Louie}}/{{spacechase0.JsonAssets/ObjectId:Keks Style Shortcake}} {{spacechase0.JsonAssets/ObjectId:Forest Halva}} {{spacechase0.JsonAssets/ObjectId:Fried Fish a la Ridge}}/{{i18n:Gift.Like.Louie}}/{{spacechase0.JsonAssets/ObjectId:Pumpkin Darling Slice}} {{spacechase0.JsonAssets/ObjectId:Snow Bowl Surprise}} {{spacechase0.JsonAssets/ObjectId:Highland Ice Cream}} 258/{{i18n:Gift.Dislike.Louie}}/769 {{spacechase0.JsonAssets/ObjectId:Caped Tree Frog}} {{spacechase0.JsonAssets/ObjectId:Fixer Eel}} {{spacechase0.JsonAssets/ObjectId:Ridgeside Bass}}/{{i18n:Gift.Hate.Louie}}/614 91 207/{{i18n:Gift.Neutral.Louie}}/-4/ ",

			"Irene": "{{i18n:Gift.Love.Irene}}/{{spacechase0.JsonAssets/ObjectId:Pillowsoft Cheezy Sandwich}} {{spacechase0.JsonAssets/ObjectId:Mountain Plumcot}} {{spacechase0.JsonAssets/ObjectId:Ridge Wild Apple}}/{{i18n:Gift.Like.Irene}}/{{spacechase0.JsonAssets/ObjectId:Northern Limequat}} {{spacechase0.JsonAssets/ObjectId:Pumpkin Darling Slice}} {{spacechase0.JsonAssets/ObjectId:Ridge Mosaic Cake}} {{spacechase0.JsonAssets/ObjectId:Zesty Tuna}}/{{i18n:Gift.Dislike.Irene}}/304/{{i18n:Gift.Hate.Irene}}//{{i18n:Gift.Neutral.Irene}}/-4/ ",

			"Sonny": "{{i18n:Gift.Love.Sonny}}/618 426 {{spacechase0.JsonAssets/ObjectId:Ridge Cherry}}/{{i18n:Gift.Like.Sonny}}/{{spacechase0.JsonAssets/ObjectId:Keks Style Shortcake}} {{spacechase0.JsonAssets/ObjectId:Desert Tangelo}} 340 303/{{i18n:Gift.Dislike.Sonny}}/248/{{i18n:Gift.Hate.Sonny}}/250/{{i18n:Gift.Neutral.Sonny}}/-4/ ",

			"Paula": "{{i18n:Gift.Love.Paula}}/{{spacechase0.JsonAssets/ObjectId:Crunchy Bagel}} {{spacechase0.JsonAssets/ObjectId:Arugula Roll}} {{spacechase0.JsonAssets/ObjectId:Ridgeside Shaketini}}/{{i18n:Gift.Like.Paula}}/{{spacechase0.JsonAssets/ObjectId:Fluffy Apple Crumble}} {{spacechase0.JsonAssets/ObjectId:Pillowsoft Cheezy Sandwich}} {{spacechase0.JsonAssets/ObjectId:Snow Bowl Surprise}} 250/{{i18n:Gift.Dislike.Paula}}/306 260 605 906/{{i18n:Gift.Hate.Paula}}/729 921 247 445/{{i18n:Gift.Neutral.Paula}}/-4/ ",

			"Carmen": "{{i18n:Gift.Love.Carmen}}/-4 {{spacechase0.JsonAssets/ObjectId:Snowball Slurpee}} {{spacechase0.JsonAssets/ObjectId:Wild Apple Juice}} {{spacechase0.JsonAssets/ObjectId:Crimson Spiked Clam}}/{{i18n:Gift.Like.Carmen}}/{{spacechase0.JsonAssets/ObjectId:Fried Fish a la Ridge}} {{spacechase0.JsonAssets/ObjectId:Highland Ice Cream}} {{spacechase0.JsonAssets/ObjectId:Snow Bowl Surprise}} 222/{{i18n:Gift.Dislike.Carmen}}/607/{{i18n:Gift.Hate.Carmen}}/905/{{i18n:Gift.Neutral.Carmen}}// ",

			"Blair": "{{i18n:Gift.Love.Blair}}/-4 459 {{spacechase0.JsonAssets/ObjectId:Kek's Small Dream}} {{spacechase0.JsonAssets/ObjectId:Pillowsoft Cheezy Sandwich}} {{spacechase0.JsonAssets/ObjectId:Fried Mountain Greens}}/{{i18n:Gift.Like.Blair}}/{{spacechase0.JsonAssets/ObjectId:Highland Blueberry Pie}} {{spacechase0.JsonAssets/ObjectId:Highland Ice Cream}} {{spacechase0.JsonAssets/ObjectId:Wild Apple Juice}} {{spacechase0.JsonAssets/ObjectId:Honey Glazed Salad}}/{{i18n:Gift.Dislike.Blair}}/614/{{i18n:Gift.Hate.Blair}}//{{i18n:Gift.Neutral.Blair}}// ",

			"Lorenzo": "{{i18n:Gift.Love.Lorenzo}}/{{spacechase0.JsonAssets/ObjectId:Forage Souffle}} {{spacechase0.JsonAssets/ObjectId:Sweet Cranberry Cheesecake}} {{spacechase0.JsonAssets/ObjectId:Arugula Roll}} 224/{{i18n:Gift.Like.Lorenzo}}/{{spacechase0.JsonAssets/ObjectId:Fried Fish a la Ridge}}/{{i18n:Gift.Dislike.Lorenzo}}/342/{{i18n:Gift.Hate.Lorenzo}}//{{i18n:Gift.Neutral.Lorenzo}}/-4/ ",

			"Shanice": "{{i18n:Gift.Love.Shanice}}/649 {{spacechase0.JsonAssets/ObjectId:Strawberry Lover Pie}}/{{i18n:Gift.Like.Shanice}}/{{spacechase0.JsonAssets/ObjectId:Tropic Mango Cake}} 254/{{i18n:Gift.Dislike.Shanice}}/{{spacechase0.JsonAssets/ObjectId:Ember Blood Lime}}/{{i18n:Gift.Hate.Shanice}}/456/{{i18n:Gift.Neutral.Shanice}}/-4/ ",

			"Anton": "{{i18n:Gift.Love.Anton}}/459 224 733 348/{{i18n:Gift.Like.Anton}}/{{spacechase0.JsonAssets/ObjectId:Ridgeside Shaketini}} 346 236/{{i18n:Gift.Dislike.Anton}}/196/{{i18n:Gift.Hate.Anton}}/198/{{i18n:Gift.Neutral.Anton}}/-4/ ",

			"Kiarra": "{{i18n:Gift.Love.Kiarra}}/224 237 {{spacechase0.JsonAssets/ObjectId:Jumpy Coffee Cake}}/{{i18n:Gift.Like.Kiarra}}/{{spacechase0.JsonAssets/ObjectId:Pillowsoft Cheezy Sandwich}} 253 303 730/{{i18n:Gift.Dislike.Kiarra}}/304/{{i18n:Gift.Hate.Kiarra}}/834/{{i18n:Gift.Neutral.Kiarra}}/-4/ ",

			"Sean": "{{i18n:Gift.Love.Sean}}/188 204 272 210/{{i18n:Gift.Like.Sean}}/229/{{i18n:Gift.Dislike.Sean}}/274 832 {{spacechase0.JsonAssets/ObjectId:Arugula Roll}}/{{i18n:Gift.Hate.Sean}}/648/{{i18n:Gift.Neutral.Sean}}/-4/ ",

			"Faye": "{{i18n:Gift.Love.Faye}}/348 197 282 {{spacechase0.JsonAssets/ObjectId:Ridgeside Clementine}} {{spacechase0.JsonAssets/ObjectId:Sweet Cranberry Cheesecake}}/{{i18n:Gift.Like.Faye}}/{{spacechase0.JsonAssets/ObjectId:Apricot Juice}} {{spacechase0.JsonAssets/ObjectId:Holiday Ice}} {{spacechase0.JsonAssets/ObjectId:Pink Frosted Sprinkled Doughnut}}/{{i18n:Gift.Dislike.Faye}}/{{spacechase0.JsonAssets/ObjectId:Fixer Eel}}/{{i18n:Gift.Hate.Faye}}//{{i18n:Gift.Neutral.Faye}}/-4/ ",

			"Malaya": "{{i18n:Gift.Love.Malaya}}/{{spacechase0.JsonAssets/ObjectId:Arugula Roll}} {{spacechase0.JsonAssets/ObjectId:Tropic Mango Cake}} {{spacechase0.JsonAssets/ObjectId:Highland Ice Cream}} {{spacechase0.JsonAssets/ObjectId:Lullaby Carp}} {{spacechase0.JsonAssets/ObjectId:Northern Limequat}}/{{i18n:Gift.Like.Malaya}}/400/{{i18n:Gift.Dislike.Malaya}}/445 729/{{i18n:Gift.Hate.Malaya}}/-4/{{i18n:Gift.Neutral.Malaya}}// ",

			"Kimpoi": "{{i18n:Gift.Love.Kimpoi}}/278 {{spacechase0.JsonAssets/ObjectId:Autumn Dew Drop Juice}} {{spacechase0.JsonAssets/ObjectId:Honey Glazed Salad}} {{spacechase0.JsonAssets/ObjectId:Pink Frosted Sprinkled Doughnut}}/{{i18n:Gift.Like.Kimpoi}}/303 346/{{i18n:Gift.Dislike.Kimpoi}}/304/{{i18n:Gift.Hate.Kimpoi}}/284/{{i18n:Gift.Neutral.Kimpoi}}/-4/ ",

			"Naomi": "{{i18n:Gift.Love.Naomi}}/{{spacechase0.JsonAssets/ObjectId:Keks Style Shortcake}} {{spacechase0.JsonAssets/ObjectId:Ridge Mosaic Cake}} {{spacechase0.JsonAssets/ObjectId:Cherry Berry Shakey}} {{spacechase0.JsonAssets/ObjectId:Arugula Roll}} 348/{{i18n:Gift.Like.Naomi}}/227 228/{{i18n:Gift.Dislike.Naomi}}/90/{{i18n:Gift.Hate.Naomi}}/342/{{i18n:Gift.Neutral.Naomi}}/-4/ ",

			"Daia": "{{i18n:Gift.Love.Daia}}/{{spacechase0.JsonAssets/ObjectId:Autumn Drop Berry}} {{spacechase0.JsonAssets/ObjectId:Sweet Cranberry Cheesecake}} 196 64 162/{{i18n:Gift.Like.Daia}}/227 228/{{i18n:Gift.Dislike.Daia}}/304/{{i18n:Gift.Hate.Daia}}/207/{{i18n:Gift.Neutral.Daia}}/-4/ ",

			//"Bliss": "{{i18n:Gift.Love.Bliss}}/{{spacechase0.JsonAssets/ObjectId:Wild Apple Juice}}/{{i18n:Gift.Like.Bliss}}/400/{{i18n:Gift.Dislike.Bliss}}/304/{{i18n:Gift.Hate.Bliss}}/-80/{{i18n:Gift.Neutral.Bliss}}/-4/ ",


		},
	},

]
}
