{
"Changes": [
	
	{
		//Mail Letters
		"LogName": "Mail Letters",
		"Action": "EditData",
		"Target": "Data/mail",
		"Entries": {
			"AlissaLetter": "{{i18n:Mail.AlissaLetter}}",
			"AlissaPerform": "{{i18n:Mail.AlissaPerform}}",
			"FlorLetter": "{{i18n:Mail.FlorLetter}}",
			"MaddieLetter": "{{i18n:Mail.MaddieLetter}}",
			"MaddieDate": "{{i18n:Mail.MaddieDate}}",
			"JericLetter": "{{i18n:Mail.JericLetter}}",
			"GH1Letter": "{{i18n:Mail.GH1Letter}}",
			"EmberNightInvitation": "{{i18n:Mail.EmberNightInvitation}}",
            "GatheringInvitation": "{{i18n:Mail.GatheringInvitation}}",
            "WedReceptionMail": "{{i18n:Mail.WedReceptionMail}}"
		},
	},

	
]
}