{
"Changes": [
	
//------------------------
// S P R I T E S          
//------------------------

	{
		"LogName": "Sprites",
		"Action": "Load",
		"Target": "Characters/Aguar, Characters/Alissa, Characters/Bert, Characters/Corine, Characters/Ezekiel, Characters/Flor, Characters/Freddie, Characters/Ian, Characters/Jeric, Characters/Jio, Characters/Keahi, Characters/Kenneth, Characters/Kiwi, Characters/Lenny, Characters/Lola, Characters/Maddie, Characters/Olga, Characters/Philip, Characters/Pika, Characters/Richard, Characters/Shiro, Characters/Trinnie, Characters/Ysabelle, Characters/Yuuma, Characters/Undreya, Characters/Helen, Characters/Daia, Characters/Belinda, Characters/Bliss, Characters/Sari, Characters/Pipo, Characters/Acorn, Characters/Naomi, Characters/Malaya, Characters/Kimpoi, Characters/Anton, Characters/Ariah, Characters/Blair, Characters/Bryle, Characters/Carmen, Characters/Faye, Characters/Irene, Characters/Kiarra, Characters/Lorenzo, Characters/Louie, Characters/Maive, Characters/Paula, Characters/Raeriyala, Characters/Sean, Characters/Shanice, Characters/Sonny, Characters/Zayne, Characters/TreehouseGirl",
		"FromFile": "Assets/{{Target}}.png"
	},
	
	{
		"LogName": "Beach Sprites",
		"Action": "Load",
		"Target": "Characters/Aguar_Beach, Characters/Alissa_Beach, Characters/Bert_Beach, Characters/Corine_Beach, Characters/Ezekiel_Beach, Characters/Flor_Beach, Characters/Freddie_Beach, Characters/Ian_Beach, Characters/Jeric_Beach, Characters/Jio_Beach, Characters/Keahi_Beach, Characters/Kenneth_Beach, Characters/Kiwi_Beach, Characters/Lenny_Beach, Characters/Lola_Beach, Characters/Maddie_Beach, Characters/Olga_Beach, Characters/Philip_Beach, Characters/Pika_Beach, Characters/Richard_Beach, Characters/Shiro_Beach, Characters/Trinnie_Beach, Characters/Ysabelle_Beach, Characters/Yuuma_Beach, Characters/Daia_Beach",
		"FromFile": "Assets/BeachCharacters/{{TargetWithoutPath}}.png"
	},
	

]
}
