{
  "Name": "Foxbloom",
  "Description": "A mythical flower only thought to exist in legends. It seems to give off an otherwordly aura.",
  "Category": "Flower",
  "ProvidesLight": true,
  "Edibility": 100,
  "Price": 10000,
  "Recipe": null,
  "GiftTastes":
  {
  "Love": ["Alex", "Caroline", "Clint", "Demetrius", "Dwarf", "Elliott", "Emily", "Evelyn", "George", "Jodi", "Kent", "Krobus", "Leah", "Linus", "Marnie", "Maru", "Pam", "Penny", "Pierre", "Robin", "Sandy", "Shane", "Willy","Lewis","Abigail", "Haley", "Jas", "Sam", "Sebastian", "Vincent", "Aguar", "Alissa", "Anton", "Ariah", "Bert", "Blair", "Bliss", "Carmen", "Corine", "Daia", "Ezekiel", "Faye", "Flor", "Freddie", "Ian", "Irene", "Jeric", "Jio", "Keahi", "Kenneth", "Kiarra", "Kimpoi", "Kiwi", "Lenny", "Lola", "Lorenzo", "Louie", "Maddie", "Maive", "Malaya", "Naomi", "Olga", "Paula", "Philip", "Pika", "Richard", "Sean", "Shanice", "Shiro", "Sonny", "Trinnie", "Undreya", "Ysabelle", "Yuuma"],
  },
}