{
	"Name": "Freddie's Sword",
	"Description": "Freddie's sword! He must have lost it.",

    "NameLocalization":
    { 
    	//remove the "//" from your language
        //"es": "PLACEHOLDER",
        //"ko": "PLACEHOLDER",
        //"de": "PLACEHOLDER",
        //"fr": "PLACEHOLDER",
        //"hu": "PLACEHOLDER",
        //"it": "PLACEHOLDER",
        //"ja": "PLACEHOLDER",
        //"pt": "PLACEHOLDER",
        //"ru": "PLACEHOLDER",
        //"tr": "PLACEHOLDER",
        //"zh": "PLACEHOLDER",
    },
    "DescriptionLocalization":
    {
    	//remove the "//" from your language    	
        //"es": "PLACEHOLDER",
        //"ko": "PLACEHOLDER",
        //"de": "PLACEHOLDER",
        //"fr": "PLACEHOLDER",
        //"hu": "PLACEHOLDER",
        //"it": "PLACEHOLDER",
        //"ja": "PLACEHOLDER",
        //"pt": "PLACEHOLDER",
        //"ru": "PLACEHOLDER",
        //"tr": "PLACEHOLDER",
        //"zh": "PLACEHOLDER",
    }
}