{
"Changes": [

	{
   "Action": "EditData",
   "Target": "Data/Festivals/fall20",
   "TextOperations": [

   //SetUp
		{
         "Operation": "Append",
         "Target": ["Entries", "Set-Up_additionalCharacters"],
         "Value": "Aguar 60 30 right/Alissa 109 45 down/Bert 92 40 left/Corine 111 47 right/Ezekiel 84 46 down/Flor 105 52 right/Freddie 69 53 down/Ian 123 56 up/Jeric 120 45 down/Jio 63 29 down/Keahi 115 51 left/Kenneth 122 51 left/Kiwi 63 31 down/Lenny 75 41 down/Lola 66 52 left/Maddie 106 46 right/Olga 85 50 down/Philip 117 48 left/Pika 98 38 down/Richard 90 45 left/Shiro 122 46 left/Trinnie 112 51 right/Ysabelle 106 50 right/Yuuma 115 45 left/Sonny 78 43 left/Louie 115 49 down/Maive 77 42 left/Lorenzo 92 41 left/Shanice 91 42 up/Anton 124 55 left/Kiarra 106 45 right/Paula 114 54 down/Carmen 65 49 up/Blair 109 54 down/Faye 110 45 right/Irene 108 52 up/Kimpoi 88 44 down/Malaya 89 44 down/Ariah 104 53 right/Sean 116 52 left",
         "Delimiter": "/"
		},


   //MainEevent
		{
         "Operation": "Append",
         "Target": ["Entries", "MainEvent_additionalCharacters"],
         "Value": "Aguar 60 30 right/Alissa 78 42 up/Bert 66 42 up/Corine 69 41 up/Ezekiel 86 41 left/Flor 84 39 left/Freddie 84 45 up/Ian 79 41 up/Jeric 74 44 up/Jio 63 29 down/Keahi 75 41 up/Kenneth 84 38 left/Kiwi 65 31 down/Lenny 70 44 up/Lola 85 44 left/Maddie 73 44 up/Olga 67 42 up/Philip 64 41 right/Pika 76 46 up/Richard 86 42 left/Shiro 64 42 right/Trinnie 74 41 up/Ysabelle 70 41 up/Yuuma 65 41 right/Sonny 90 44 left/Louie 71 41 up/Maive 89 45 left/Lorenzo 83 43 left/Shanice 82 43 right/Anton 66 44 up/Kiarra 69 44 up/Paula 67 44 up/Carmen 64 45 up/Blair 77 42 up/Faye 80 41 up/Irene 81 44 up/Kimpoi 86 45 up/Malaya 87 44 left/Ariah 84 40 left/Sean 78 43 up",
         "Delimiter": "/"
		},

	]
	},

    {
        //Naomi Arrives
        "Action": "EditData",
        "Target": "Data/Festivals/fall20",
        "When": {
            "HasSeenEvent": 75160249,
        },
        "TextOperations": [
            {
                "Operation": "Append",
                "Target": ["Entries", "Set-Up_additionalCharacters"],
                "Value": "Naomi 87 45 right",
                "Delimiter": "/"
            },

            {
                "Operation": "Append",
                "Target": ["Entries", "MainEvent_additionalCharacters"],
                "Value": "Naomi 86 43 left",
                "Delimiter": "/"
            }
        ]
    },

    {
        //Daia Arrives
        "Action": "EditData",
        "Target": "Data/Festivals/fall20",
        "When": {
            "HasSeenEvent": 75160254,
        },
        "TextOperations": [
            {
                "Operation": "Append",
                "Target": ["Entries", "Set-Up_additionalCharacters"],
                "Value": "Daia 64 29 down",
                "Delimiter": "/"
            },

            {
                "Operation": "Append",
                "Target": ["Entries", "MainEvent_additionalCharacters"],
                "Value": "Daia 68 41 up",
                "Delimiter": "/"
            },
        ]
    },





]
}
