{
"Changes": [

	{
   "Action": "EditData",
   "Target": "Data/Festivals/winter8",
   "When": { "HasMod: |contains=FlashShifter.StardewValleyExpandedCP": false},
   "TextOperations": [
   
   //SetUp
		{
         "Operation": "Append",
         "Target": ["Entries", "Set-Up_additionalCharacters"],
         "Value": "Aguar 94 37 left/Alissa 58 45 right/Bert 63 26 left/Corine 64 19 down/Ezekiel 65 22 down/Flor 58 35 right/Freddie 80 33 left/Ian 83 30 left/Jeric 59 46 up/Keahi 91 33 left/Kenneth 78 44 right/Lenny 69 42 up/Lola 80 34 left/Maddie 64 21 up/Olga 61 26 right/Philip 78 23 down/Pika 63 50 up/Richard 62 49 right/Shiro 88 26 down/Trinnie 89 33 right/Ysabelle 63 20 right/Yuuma 87 26 down/Jio 91 19 down/Kiwi 90 19 down",
         "Delimiter": "/"
		},
	
   //MainEevent
		{
         "Operation": "Append",
         "Target": ["Entries", "Main-Event_additionalCharacters"],
         "Value": "Aguar 94 37 left/Alissa 58 45 right/Bert 63 26 left/Corine 64 19 down/Ezekiel 65 22 down/Flor 58 35 right/Freddie 80 33 left/Ian 83 30 left/Jeric 59 46 upKeahi 91 33 left/Kenneth 78 44 right/Lenny 69 42 up/Lola 80 34 left/Maddie 64 21 up/Olga 61 26 right/Philip 78 23 down/Pika 63 50 up/Richard 62 49 right/Shiro 88 26 down/Trinnie 89 33 right/Ysabelle 63 20 right/Yuuma 87 26 down/Jio 91 19 down/Kiwi 90 19 down",
         "Delimiter": "/"
		},

	]	
	},

    //2.0 Pips spots! THE TRUE RSV EXPERIENCE!
    {
        //The squad
        "Action": "EditData",
        "Target": "Data/Festivals/winter8",
        "When": {
            "FullFestivals": true
        },
        "TextOperations": [
            {
                "Operation": "Append",
                "Target": ["Entries", "Set-Up_additionalCharacters"],
                "Value": "Kimpoi 59 44 down/Malaya 60 44 down/Sonny 72 21 down/Louie 87 28 up/Maive 71 21 down/Ariah 70 21 right/Lorenzo 60 28 right/Shanice 60 27 right/Anton 71 11 down/Kiarra 72 14 up/Paula 72 12 down/Carmen 73 50 down/Blair 73 13 left/Sean 70 12 right/Faye 90 31 down/Irene 82 28 down",
                "Delimiter": "/"
            },

            {
                "Operation": "Append",
                "Target": ["Entries", "MainEvent_additionalCharacters"],
                "Value": "Kimpoi 59 44 down/Malaya 60 44 down/Sonny 72 21 down/Louie 87 28 up/Maive 71 21 down/Ariah 70 21 right/Lorenzo 60 28 right/Shanice 60 27 right/Anton 71 11 down/Kiarra 72 14 up/Paula 72 12 down/Carmen 73 50 down/Blair 73 13 left/Sean 70 12 right/Faye 90 31 down/Irene 82 28 down",
                "Delimiter": "/"
            },
        ]
    },

    {
        //Naomi Arrives
        "Action": "EditData",
        "Target": "Data/Festivals/winter8",
        "When": {
            "HasSeenEvent": 75160249, "FullFestivals": true
        },
        "TextOperations": [
            {
                "Operation": "Append",
                "Target": ["Entries", "Set-Up_additionalCharacters"],
                "Value": "Naomi 87 26 down",
                "Delimiter": "/"
            },

            {
                "Operation": "Append",
                "Target": ["Entries", "MainEvent_additionalCharacters"],
                "Value": "Naomi 87 26 down",
                "Delimiter": "/"
            }
        ]
    },

    {
        //Daia Arrives
        "Action": "EditData",
        "Target": "Data/Festivals/winter8",
        "When": {
            "HasSeenEvent": 75160254, "FullFestivals": true
        },
        "TextOperations": [
            {
                "Operation": "Append",
                "Target": ["Entries", "Set-Up_additionalCharacters"],
                "Value": "Daia 89 19 down",
                "Delimiter": "/"
            },

            {
                "Operation": "Append",
                "Target": ["Entries", "MainEvent_additionalCharacters"],
                "Value": "Daia 89 19 down",
                "Delimiter": "/"
            },
        ]
    },

    {
        //RSV Animations
        "Action": "EditData",
        "Target": "Data/Festivals/winter8",
        "When": {
            "FullFestivals": true
        },
        "TextOperations": [
          {
             "Operation": "Append",
             "Target": ["Fields", "set-up", 5],
             "Value": "/animate Keahi false true 100 20 20 20 23 23 23 20 20 20 23 23 23 21 22 21 23/animate Trinnie false true 100 16 16 16 4 4 4 16 16 16 4 4 4 16 16 16 4 4 4 16 17 18 19 18 17 16 4 4 4/animate Kiwi false true 100 16 16 17 17 17 17 17 17 18 19 20 21 22 23 24 25 26 17 17 27 27 27 16/animate Blair false true 500 16 16 16 16 16 16 16 17 17 17/animate Aguar false true 500 17 17 17 17 17 17 17 17 17 17 17 17 17 17 17 17 17 18 19 19 19 19 19 19 19 18",
          },
        ]
    }
	
]
}
