{
"Changes": [

	{
   "Action": "EditData",
   "Target": "Data/Festivals/summer11",
   "When": { "HasMod: |contains=FlashShifter.StardewValleyExpandedCP": false},
   "TextOperations": [
   
   //SetUp
		{
         "Operation": "Append",
         "Target": ["Entries", "Set-Up_additionalCharacters"],
         "Value": "Aguar 10 37 left/Alissa 25 13 left/Bert 23 9 right/Corine 18 17 right/Ezekiel 52 18 left/Flor 30 18 right/Freddie 19 12 right/Ian 35 36 down/Jeric 25 18 right/Jio 38 33 down/Keahi 13 8 down/Kenneth 22 6 down/Kiwi 37 33 down/Lenny 34 4 down/Lola 20 12 left/Maddie 32 19 up/Olga 24 9 left/Philip 14 16 down/Pika 53 19 left/Richard 35 4 down/Shiro 11 20 left/Trinnie 13 10 up/Ysabelle 19 16 down/Yuuma 11 21 left",
         "Delimiter": "/"
		},
	
   //MainEevent
		{
         "Operation": "Append",
         "Target": ["Entries", "MainEvent_additionalCharacters"],
         "Value": "Aguar 10 37 left/Alissa 25 13 left/Bert 23 9 right/Corine 18 17 right/Ezekiel 52 18 left/Flor 30 18 right/Freddie 19 12 right/Ian 35 36 down/Jeric 26 20 up/Jio 38 33 down/Keahi 13 8 down/Kenneth 22 6 right/Kiwi 37 33 down/Lenny 32 4 down/Lola 20 12 left/Maddie 32 19 up/Olga 24 9 left/Philip 14 16 down/Pika 53 19 left/Richard 35 4 down/Shiro 11 20 left/Trinnie 13 10 up/Ysabelle 19 16 down/Yuuma 11 21 left",
         "Delimiter": "/"
		},

	]	
	},

    //2.0 Pips spots! THE TRUE RSV EXPERIENCE!
    {
        //The squad
        "Action": "EditData",
        "Target": "Data/Festivals/summer11",
        "When": {
            "FullFestivals": true
        },
        "TextOperations": [
            {
                "Operation": "Append",
                "Target": ["Entries", "Set-Up_additionalCharacters"],
                "Value": "Kimpoi 23 12 left/Malaya 22 12 right/Sonny 28 4 down/Louie 53 22 left/Maive 29 4 down/Ariah 27 27 right/Lorenzo 17 11 left/Shanice 16 11 right/Anton 44 20 right/Kiarra 25 17 right/Paula 44 21 right/Carmen 40 36 down/Blair 11 7 down/Sean 10 8 right/Faye 19 18 up/Irene 53 21 left",
                "Delimiter": "/"
            },

            {
                "Operation": "Append",
                "Target": ["Entries", "MainEvent_additionalCharacters"],
                "Value": "Kimpoi 23 12 left/Malaya 22 12 right/Sonny 28 4 down/Louie 53 22 left/Maive 29 4 down/Ariah 27 27 right/Lorenzo 17 11 left/Shanice 16 11 right/Anton 44 20 right/Kiarra 25 17 right/Paula 44 21 right/Carmen 40 36 down/Blair 11 7 down/Sean 10 8 right/Faye 19 18 up/Irene 53 21 left",
                "Delimiter": "/"
            },
        ]
    },

    {
        //Naomi Arrives
        "Action": "EditData",
        "Target": "Data/Festivals/summer11",
        "When": {
            "HasSeenEvent": 75160249, "FullFestivals": true
        },
        "TextOperations": [
            {
                "Operation": "Append",
                "Target": ["Entries", "Set-Up_additionalCharacters"],
                "Value": "Naomi 11 19 left",
                "Delimiter": "/"
            },

            {
                "Operation": "Append",
                "Target": ["Entries", "MainEvent_additionalCharacters"],
                "Value": "Naomi 11 19 left",
                "Delimiter": "/"
            }
        ]
    },

    {
        //Daia Arrives
        "Action": "EditData",
        "Target": "Data/Festivals/summer11",
        "When": {
            "HasSeenEvent": 75160254, "FullFestivals": true
        },
        "TextOperations": [
            {
                "Operation": "Append",
                "Target": ["Entries", "Set-Up_additionalCharacters"],
                "Value": "Daia 47 23 up",
                "Delimiter": "/"
            },

            {
                "Operation": "Append",
                "Target": ["Entries", "MainEvent_additionalCharacters"],
                "Value": "Daia 47 23 up",
                "Delimiter": "/"
            },
        ]
    },

    {
        //RSV Animations Toggled
        "Action": "EditData",
        "Target": "Data/Festivals/summer11",
        "When": {
            "FullFestivals": true
        },
        "TextOperations": [
          {
             "Operation": "Append",
             "Target": ["Fields", "set-up", 5],
             "Value": "/animate Malaya false true 100 16 16 16 17 17 17 16 16 16 17 17 17 16 16 16 17 17 17 16 16 16 17 17 17 16 18 19 20 16 17 17 17/animate Kimpoi false true 300 16 17 18 16/animate Shanice false true 500 16 17/animate Lorenzo false true 500 16 17",
          },
        ]
    },

    {
        //RSV Animations
        "Action": "EditData",
        "Target": "Data/Festivals/summer11",
        "TextOperations": [
          {
             "Operation": "Append",
             "Target": ["Fields", "set-up", 5],
             "Value": "/animate Keahi false true 236 16 17 18 17/animate Trinnie false true 236 20 21 22 21/animate Olga false true 300 24 25/animate Bert false true 300 24 25/animate Lola false true 800 16 17/animate Freddie false true 800 16 17",
          },
        ]
    }
	
]
}
