{
"Changes": [

	{
   "Action": "EditData",
   "Target": "Data/Festivals/summer28",
   "TextOperations": [
   
   //SetUp
		{
         "Operation": "Append",
         "Target": ["Entries", "Set-Up_additionalCharacters"],
         "Value": "Aguar 87 8 down/Alissa 88 34 right/Bert 44 24 down/Corine 36 22 down/Ezekiel 35 22 down/Flor 39 33 down/Freddie 6 6 down/Ian 24 29 left/Jeric 63 21 down/Jio 67 6 down/Keahi 80 24 down/Kenneth 86 30 left/Kiwi 68 6 down/Lenny 9 13 left/Lola 7 6 down/Maddie 55 20 down/Olga 45 24 down/Philip 68 24 down/Pika 9 11 left/Richard 90 21 down/Shiro 65 22 down/Trinnie 81 24 down/Ysabelle 91 21 down/Yuuma 64 22 down",
         "Delimiter": "/"
		},

	]	
	},

    //2.0 Pips spots! THE TRUE RSV EXPERIENCE!
    {
        //The squad
        "Action": "EditData",
        "Target": "Data/Festivals/summer28",
        "When": {
            "FullFestivals": true
        },
        "TextOperations": [
            {
                "Operation": "Append",
                "Target": ["Entries", "Set-Up_additionalCharacters"],
                "Value": "Kimpoi 88 33 right/Malaya 88 35 right/Sonny 40 20 down/Louie 39 21 down/Maive 41 21 down/Ariah 42 21 down/Lorenzo 16 15 down/Shanice 17 15 down/Anton 20 18 down/Kiarra 18 18 down/Paula 21 18 down/Carmen 49 22 down/Blair 50 22 down/Sean 80 22 down/Faye 54 20 down/Irene 43 21 down",
                "Delimiter": "/"
            },
        ]
    },

    {
        //Naomi Arrives
        "Action": "EditData",
        "Target": "Data/Festivals/summer28",
        "When": {
            "HasSeenEvent": 75160249, "FullFestivals": true
        },
        "TextOperations": [
            {
                "Operation": "Append",
                "Target": ["Entries", "Set-Up_additionalCharacters"],
                "Value": "Naomi 65 20 down",
                "Delimiter": "/"
            },
        ]
    },

    {
        //Daia Arrives
        "Action": "EditData",
        "Target": "Data/Festivals/summer28",
        "When": {
            "HasSeenEvent": 75160254, "FullFestivals": true
        },
        "TextOperations": [
            {
                "Operation": "Append",
                "Target": ["Entries", "Set-Up_additionalCharacters"],
                "Value": "Daia 69 6 down",
                "Delimiter": "/"
            },
        ]
    },
	
]
}
