{
"Changes": [

	{
   "Action": "EditData",
   "Target": "Data/Festivals/winter25",
   "When": { "HasMod: |contains=FlashShifter.StardewValleyExpandedCP": false },
   "TextOperations": [
   
   //SetUp
		{
         "Operation": "Append",
         "Target": ["Entries", "Set-Up_additionalCharacters"],
         "Value": "Aguar 8 64 right/Alissa 21 66 left/Bert 41 57 down/Corine 32 61 left/Ezekiel 31 60 down/Flor 32 56 down/Freddie 38 72 left/Ian 21 71 right/Jeric 30 61 right/Jio 74 74 right/Keahi 27 70 up/Kenneth 26 55 right/Kiwi 74 75 right/Lenny 26 61 down/Lola 38 73 left/Maddie 23 53 down/Olga 20 66 right/Philip 28 55 left/Pika 23 72 up/Richard 30 74 up/Shiro 41 59 left/Trinnie 42 57 down/Ysabelle 31 74 up/Yuuma 41 60 left",
         "Delimiter": "/"
		},

	]	
	},

    //2.0 Pips spots! THE TRUE RSV EXPERIENCE!
    {
        //The squad
        "Action": "EditData",
        "Target": "Data/Festivals/winter25",
        "When": {
            "FullFestivals": true
        },
        "TextOperations": [
            {
                "Operation": "Append",
                "Target": ["Entries", "Set-Up_additionalCharacters"],
                "Value": "Kimpoi 20 64 right/Malaya 20 65 down/Sonny 28 60 down/Louie 28 61 down/Maive 27 61 down/Ariah 18 51 down/Lorenzo 17 62 up/Shanice 16 62 right/Anton 16 64 right/Kiarra 22 61 down/Paula 16 65 right/Carmen 38 57 left/Blair 14 52 right/Sean 16 52 left/Faye 22 53 down/Irene 24 74 up",
                "Delimiter": "/"
            },
        ]
    },

    {
        //Naomi Arrives
        "Action": "EditData",
        "Target": "Data/Festivals/winter25",
        "When": {
            "HasSeenEvent": 75160249, "FullFestivals": true
        },
        "TextOperations": [
            {
                "Operation": "Append",
                "Target": ["Entries", "Set-Up_additionalCharacters"],
                "Value": "Naomi 40 61 up",
                "Delimiter": "/"
            },
        ]
    },

    {
        //Daia Arrives
        "Action": "EditData",
        "Target": "Data/Festivals/winter25",
        "When": {
            "HasSeenEvent": 75160254, "FullFestivals": true
        },
        "TextOperations": [
            {
                "Operation": "Append",
                "Target": ["Entries", "Set-Up_additionalCharacters"],
                "Value": "Daia 76 72 down",
                "Delimiter": "/"
            },
        ]
    },
	
]
}
