{
	"Format": "1.22.0",

	/*********
	** Configuration
	*********/
	"ConfigSchema": {
		"RepeatCableCarCutscene": {
			"AllowValues": "true, false",
			"Default": "true",
			"Description": "Enable Cable Car Cutscene"
		},
		
		"EnableOtherNPCsInCableCar": {
			"AllowValues": "true, false",
			"Default": "true",
			"Description": "Enable the chances of other NPCs to appear riding the Cable Car (Along with LASV, ES and SVE NPCs)"
		},
		
		"EnableRidgesideMusic": {
			"AllowValues": "true, false",
			"Default": "true",
			"Description": "Enables music for Ridgeside Village"
		},		

		//Map Style		
		"PastoralMapStyle": {
			"AllowValues": "PastoralBase, PastoralGreen",
			"Default": "PastoralBase",
			"Description": "Pick your preferred Pastoral fall season map-style"
		},

		"RSVNPCSAttendFestivals": {
			"AllowValues": "true, false",
			"Default": "true",
			"Description": "Allows RSV NPCs to attend Pelican Town Festivals"
		},

		"EasyIntroduction": {
			"AllowValues": "true, false",
			"Default": "false",
			"Description": "RSV NPCs don't appear in Introduction quest."
		},

		"FullFestivals": {
			"AllowValues": "true, false",
			"Default": "true",
			"Description": "The true RSV experience. Almost all of RSV NPCs attend the vanilla festivals. Might be incompatible with some mods."
		},

		"EnableBetterBusStop": {
			"AllowValues": "true, false",
			"Default": "true",
			"Description": "Uses Ridgeside Village's official patch for the Bus Stop. Might be incompatible with some mods."
		}			
},

	/*********
	** Dynamic tokens
	*********/
	"DynamicTokens": [
		/*********
		** List of valid NPCs
		*********/
		// Ridgeside
		{
			"Name": "PossibleCableCarNPCs",
			"Value": "Aguar, Alissa, Bert, Corine, Ezekiel, Flor, Freddie, Ian, Jeric, Keahi, Kenneth, Lenny, Lola, Maddie, Olga, Philip, Pika, Richard, Shiro, Trinnie, Ysabelle, Yuuma"
		},

		// Vanilla
		{
			"Name": "PossibleCableCarNPCs",
			"Value": "{{PossibleCableCarNPCs}}, Alex, Elliott, Harvey, Sam, Sebastian, Shane, Abigail, Emily, Haley, Leah, Maru, Penny, Caroline, Clint, Demetrius, Evelyn, George, Gus, Jas, Jodi, Kenneth, Lewis, Linus, Marnie, Pam, Pierre, Robin, Vincent, Willy",
			"When": {
				"EnableOtherNPCsInCableCar": true
			}
		},

		// Lunna - Astray in Stardew Valley
		{
			"Name": "PossibleCableCarNPCs",
			"Value": "{{PossibleCableCarNPCs}}, Lunna, Raphael, Dianna, Bianka",
			"When": {
				"EnableOtherNPCsInCableCar": true,
				"HasMod |contains=Rafseazz.LunnaCP": true,
				"HasSeenEvent": "75160015"
			}
		},

		// East Scarpe
		{
			"Name": "PossibleCableCarNPCs",
			"Value": "{{PossibleCableCarNPCs}}, Aideen, Lexi, Jacob, Eloise",
			"When": {
				"EnableOtherNPCsInCableCar": true,
				"HasMod |contains=Lemurkat.JacobEloise.CP": true
			}
		},

		// Stardew Valley Expanded
		{
			"Name": "PossibleCableCarNPCs",
			"Value": "{{PossibleCableCarNPCs}}, Sophia, Olivia, Andy, Victor, Susan, Morris, Marlon, Claire, Martin",
			"When": {
				"EnableOtherNPCsInCableCar": true,
				"HasMod |contains=FlashShifter.StardewValleyExpandedCP": true
			}
		},

		/*********
		** Choose random cable car NPC
		*********/
		{
			"Name": "RANDOMRSVNPC",
			"Value": "{{Random: {{PossibleCableCarNPCs}} }}"
		},

		/*********
		** Ember of resolutions tokens
		*********/
		//Alone
		{
			"Name": "BONFIREEVENT",
			"Value": "/warp farmer1 40 49/warp farmer2 39 49/warp farmer3 38 49/warp farmer4 41 49/faceDirection farmer1 0/faceDirection farmer2 0/faceDirection farmer3 0/faceDirection farmer4 0/faceDirection farmer 0/fade/viewport 39 46/pause 2000/move farmer1 0 -5 0/pause 1000/playSound backpackIN/addObject 40 42 294/pause 2000/message \"{{i18n:EoR.19}}\"/pause 3000/emote farmer1 32/pause 1000/globalFade/viewport -1000 -1000/warp farmer1 40 49/warp farmer2 39 49/warp farmer3 38 49/warp farmer4 41 49/faceDirection farmer1 0/faceDirection farmer2 0/faceDirection farmer3 0/faceDirection farmer4 0/",
		},
		
		/*********
		** Ridgeside gathering tokens
		*********/
		//Sam Band Only
		{
			"Name": "RSVGATHER",
			"Value": "/warp Sam 74 38/showFrame Sam 20/showFrame Abigail 49/showFrame Sebastian 42/fade/viewport 74 39/pause 800/speak Sam \"{{i18n:RSVG.14}}\"/",
			"When": {
				"HasSeenEvent |contains=75160120": false
			}
		},
		{
			"Name": "RSVGATHERDANCE",
			"Value": "/animate Abigail false true 118 49 34 35 48/animate Sam false true 236 20 21/animate Sebastian false true 118 42 43 52 53/",
			"When": {
				"HasSeenEvent |contains=75160120": false
			}
		},

		//Sam Band and Alissa
		{
			"Name": "RSVGATHER",
			"Value": "/warp Alissa 74 38/warp Sam 72 38/faceDirection Alissa 2/showFrame Sam 20/showFrame Abigail 49/showFrame Sebastian 42/fade/viewport 74 39/pause 800/speak Sam \"{{i18n:RSVG.14}}\"/",
			"When": {
				"HasSeenEvent |contains=75160120": true
			}
		},
		{
			"Name": "RSVGATHERDANCE",
			"Value": "/animate Alissa false true 400 19 19 19 27 27 19/animate Abigail false true 118 49 34 35 48/animate Sam false true 236 20 21/animate Sebastian false true 118 42 43 52 53/",
			"When": {
				"HasSeenEvent: |contains=75160120": true
			}
		},

		//Sam Band and farmer (bugged)
		//{
		//	"Name": "RSVGATHER",
		//	"Value": "/warp farmer 83 40/faceDirection farmer 2/warp Sam 85 40/showFrame Sam 20/showFrame Abigail 49/showFrame Sebastian 42/fade/viewport 85 43/pause 800/speak Sam \"..and a one.. and a two.. and a..\"/",
		//	"When": {
		//		"HasDialogueAnswer": 75161001
		//	},
		//	"Update": "OnLocationChange",
		//},
		//{
		//	"Name": "RSVGATHERDANCE",
		//	"Value": "/animate farmer false true 300 27 55 55 55 55 27 27/animate Abigail false true 118 49 34 35 48/animate Sam false true 236 20 21/animate Sebastian false true 118 42 43 52 53/",
		//	"When": {
		//		"HasDialogueAnswer": 75161001
		//	},
		//	"Update": "OnLocationChange",
		//},

		//Sam Band, Alissa, and farmer (bugged)
		//{
		//	"Name": "RSVGATHER",
		//	"Value": "/warp farmer 83 40/faceDirection farmer 2/warp Alissa 85 40/faceDirection Alissa 2/showFrame Sam 20/showFrame Abigail 49/showFrame Sebastian 42/fade/viewport 85 43/pause 800/speak Sam \"..and a one.. and a two.. and a..\"/",
		//	"When": {
		//		"HasSeenEvent": 75160120,
		//		"HasDialogueAnswer": 75161001
		//	},
		//	"Update": "OnLocationChange",
		//},
		//{
		//	"Name": "RSVGATHERDANCE",
		//	"Value": "/animate farmer false true 300 27 55 55 55 55 27 27/animate Alissa false true 400 19 19 19 27 27 19/animate Abigail false true 118 49 34 35 48/animate Sam false true 236 20 21/animate Sebastian false true 118 42 43 52 53/",
		//	"When": {
		//		"HasSeenEvent": 75160120,
		//		"HasDialogueAnswer": 75161001
		//	},
		//	"Update": "OnLocationChange",
		//},

		/*********
		** Random music token
		*********/
		{
			"Name": "RANDOMMUSIC",
			"Value": "{{Random:poppy, shimmeringbastion, honkytonky, heavy}}",
			"When": {
				"HasSeenEvent |contains=75160120": false
			},
		},
		{
			"Name": "RANDOMMUSIC",
			"Value": "{{Random:poppy, shimmeringbastion, honkytonky, heavy, cm:AlissaConcert}}",
			"When": {
				"HasSeenEvent |contains=75160120": true
			},
		},

		/*********
		** Various tokens
		*********/
		//ODD YEAR	
		{
			"Name": "IsOddYear",
			"Value": "{{Query: {{Year}} % 2 = 1}}"
		},
		
		//Random Undreya Spawn
		{
			"Name": "RANDOMUNDREYA",
			"Value": "{{Random:0 Custom_Ridgeside_RidgesideVillage 47 22 0, 0 Custom_Ridgeside_RidgesideVillage 73 69 0, 0 Town 98 85 0, 0 Custom_Ridgeside_RSVCliff 21 11 0, 0 BusStop 29 16 0, 0 Custom_Ridgeside_Ridge 39 14, 0 Custom_Ridgeside_RSVCableCar 9 14 0, 0 Custom_Ridgeside_RidgesideVillage 131 105 0, 0 Mountain 31 5 0, 0 Mountain 87 33 0, 0 Mountain 51 37 0, 0 Beach 69 5 0, 0 Beach 37 31 0, 0 Custom_Ridgeside_RidgesideVillage 141 45 0, 0 Town 46 15 0, 0 Custom_Ridgeside_RidgesideVillage 13 82 0, 0 Custom_Ridgeside_RidgesideVillage 127 31 0, 0 Custom_Ridgeside_RidgesideVillage 57 44 0, 0 Town 18 8 0, 0 Town 6 78 0}}",
		},

		//Spouse Genders	
		{
			"Name": "SpouseGender",
			"Value": "female",
			"When": {
				"Query: '{{Rafseazz.RidgesideVillage/SpouseGender}}' = 'female'": true
			},
			"Update": "OnLocationChange, OnTimeChange"
		},
		{
			"Name": "SpouseGender",
			"Value": "male",
			"When": {
				"Query: '{{Rafseazz.RidgesideVillage/SpouseGender}}' = 'male'": true
			},
			"Update": "OnLocationChange, OnTimeChange"
		},
		{
			"Name": "SpouseGender",
			"Value": "undefined",
			"When": {
				"Query: '{{Rafseazz.RidgesideVillage/SpouseGender}}' = 'undefined'": true
			},
			"Update": "OnLocationChange, OnTimeChange"
		},
		{
			"Name": "NPCListCheck",
			"Value": "'Aguar', 'Alissa', 'Bert', 'Corine', 'Ezekiel', 'Flor', 'Freddie', 'Ian', 'Jeric', 'Keahi', 'Kenneth', 'Lenny', 'Lola', 'Maddie', 'Olga', 'Philip', 'Pika', 'Richard', 'Shiro', 'Trinnie', 'Ysabelle', 'Yuuma', 'Naomi', 'Kimpoi', 'Malaya', 'Alex', 'Elliott', 'Harvey', 'Sam', 'Sebastian', 'Shane', 'Abigail', 'Emily', 'Haley', 'Leah', 'Maru', 'Penny', 'Caroline', 'Clint', 'Demetrius', 'Evelyn', 'George', 'Gus', 'Jas', 'Jodi', 'Kenneth', 'Lewis', 'Linus', 'Marnie', 'Pam', 'Pierre', 'Robin', 'Vincent', 'Willy'"
		},

		//Hotel Guests
		{
			"Name": "RandomNumber",
			"Value": "{{Random: 1, 2, 3, 4, 5, 6, 7, 8, 9, 10}}"
		},
		{
			"Name": "RandomGuestNumber1",
			"Value": "{{Random: 1, 2, 3, 4, 5, 6, 7, 8, 9, 10}}"
		},
		{
			"Name": "RandomGuestNumber2",
			"Value": "{{Random: 1, 2, 3, 4, 5, 6, 7, 8, 9, 10}}"
		},
		{
			"Name": "RandomGuestNumber3",
			"Value": "{{Random: 1, 2, 3, 4, 5, 6, 7, 8, 9, 10}}"
		},
		{
			"Name": "RandomGuestNumber4",
			"Value": "{{Random: 1, 2, 3, 4, 5, 6, 7, 8, 9, 10}}"
		},
		{
			"Name": "RandomGuestNumber5",
			"Value": "{{Random: 1, 2, 3, 4, 5, 6, 7, 8, 9, 10}}"
		},
		{
			"Name": "RandomGuestNumber6",
			"Value": "{{Random: 1, 2, 3, 4, 5, 6, 7, 8, 9, 10}}"
		},
		{
			"Name": "RandomGuestNumber7",
			"Value": "{{Random: 1, 2, 3, 4, 5, 6, 7, 8, 9, 10}}"
		},
		{
			"Name": "RandomGuestNumber8",
			"Value": "{{Random: 1, 2, 3, 4, 5, 6, 7, 8, 9, 10}}"
		},
		{
			"Name": "RandomGuestNumber9",
			"Value": "{{Random: 1, 2, 3, 4, 5, 6, 7, 8, 9, 10}}"
		},
		{
			"Name": "RandomGuestNumber10",
			"Value": "{{Random: 1, 2, 3, 4, 5, 6, 7, 8, 9, 10}}"
		},
	],

	/*********
	** Define in-game locations
	*********/
	"CustomLocations": [

		/*********
		** EventMaps
		*********/
			//Heart events
			{
				"Name": "Custom_Ridgeside_RSVCliff_AlissaDate",
				"FromMapFile": "Assets/Maps/EventMaps/RSVCliff_AlissaDate.tmx",
			}, 
			{
				"Name": "Custom_Ridgeside_RSVCorineDate",
				"FromMapFile": "Assets/Maps/EventMaps/RSVCorineDate.tmx",
			},
			{
				"Name": "Custom_Ridgeside_RidgesideVillage_Event",
				"FromMapFile": "Assets/Maps/EventMaps/RidgesideVillage_Event.tmx",
			},
			{
				"Name": "Custom_Ridgeside_Ridge_KennethDate_OFF",
				"FromMapFile": "Assets/Maps/EventMaps/Ridge_KennethDate_OFF.tmx",
			}, 
			{
				"Name": "Custom_Ridgeside_Ridge_KennethDate_ON",
				"FromMapFile": "Assets/Maps/EventMaps/Ridge_KennethDate_ON.tmx",
			},    
			/*********
			** Aguar
			*********/		
			{
				"Name": "Custom_Ridgeside_AguarCave",
				"FromMapFile": "Assets/Maps/EventMaps/AguarCave.tmx",
				"MigrateLegacyNames": [ "AguarCave" ]
			},   
			{
				"Name": "Custom_Ridgeside_AguarCaveTemporary",
				"FromMapFile": "Assets/Maps/EventMaps/AguarCaveTemporary.tmx",
				"MigrateLegacyNames": [ "AguarCaveTemporary" ]
			},  
			/*********
			** Ezekiel
			*********/	
			{
				"Name": "Custom_Ridgeside_EzekielPic",
				"FromMapFile": "Assets/Maps/EventMaps/EzekielPic.tmx",
				"MigrateLegacyNames": [ "EzekielPic" ]
			},
			/*********
			** Lola
			*********/
			{
				"Name": "Custom_Ridgeside_LolaShed",
				"FromMapFile": "Assets/Maps/EventMaps/LolaShed.tmx",
				"MigrateLegacyNames": [ "LolaShed" ]
			},        	
			/*********
			** Undreya
			*********/	
			{
				"Name": "Custom_Ridgeside_RSVAbandonedHouse",
				"FromMapFile": "Assets/Maps/EventMaps/RSVAbandonedHouse.tmx",
				"MigrateLegacyNames": [ "RSVAbandonedHouse" ]
			},
			/*********
			** Multiple NPCs
			*********/
			{
				"Name": "Custom_Ridgeside_PrincessVilleDate",
				"FromMapFile": "Assets/Maps/EventMaps/PrincessVilleDate.tmx",
				"MigrateLegacyNames": [ "PrincessVilleDate" ]
			},   
			/*********
			** Public Greenhouses
			*********/
			{
				"Name": "Custom_Ridgeside_RSVGreenhouse1",
				"FromMapFile": "Assets/Maps/EventMaps/RSVGreenhouse1.tmx",
				"MigrateLegacyNames": [ "RSVGreenhouse1" ]
			},
			{
				"Name": "Custom_Ridgeside_RSVGreenhouse2",
				"FromMapFile": "Assets/Maps/EventMaps/RSVGreenhouse2.tmx",
				"MigrateLegacyNames": [ "RSVGreenhouse2" ]
			},
			/*********
			** CableCar Cutscene
			*********/		
			{
				"Name": "Custom_Ridgeside_RSVTheRide",
				"FromMapFile": "Assets/Maps/EventMaps/RSVTheRide.tmx",
				"MigrateLegacyNames": [ "RSVTheRide" ]
			}, 
			/*********
			** Event Hall Variants
			*********/		
			{
				"Name": "Custom_Ridgeside_LogCabinEventHall_WeddingReception",
				"FromMapFile": "Assets/Maps/EventMaps/LogCabinEventHall_WeddingReception.tmx",
			},
			{
				"Name": "Custom_Ridgeside_LogCabinEventHall_WeddingReception_Temp",
				"FromMapFile": "Assets/Maps/EventMaps/LogCabinEventHall_WeddingReception_Temp.tmx",
			},
			{
				"Name": "Custom_Ridgeside_LogCabinEventHall_Ballroom",
				"FromMapFile": "Assets/Maps/EventMaps/LogCabinEventHall_Ballroom.tmx",
			},
			{
				"Name": "Custom_Ridgeside_LogCabinEventHall_Birthday",
				"FromMapFile": "Assets/Maps/EventMaps/LogCabinEventHall_Birthday.tmx",
			},
		/*********
		** FestivalMaps
		*********/    	   
		{
			"Name": "Custom_Ridgeside_EmberNight",
			"FromMapFile": "Assets/Maps/FestivalMaps/EmberNight.tmx",
			"MigrateLegacyNames": [ "EmberNight" ]
		},
		{
			"Name": "Custom_Ridgeside_RSVGathering",
			"FromMapFile": "Assets/Maps/FestivalMaps/RSVGathering.tmx",
			"MigrateLegacyNames": [ "RSVGathering" ]
		},      	  	   

		/*********
		** IndoorMaps
		*********/    	
		{
			"Name": "Custom_Ridgeside_AguarBasement",
			"FromMapFile": "Assets/Maps/IndoorMaps/AguarBasement.tmx",
			"MigrateLegacyNames": [ "AguarBasement" ]
		},
		{
			"Name": "Custom_Ridgeside_AguarLab",
			"FromMapFile": "Assets/Maps/IndoorMaps/AguarLab.tmx",
			"MigrateLegacyNames": [ "AguarLab" ]
		},
		{
			"Name": "Custom_Ridgeside_AlissaHouse",
			"FromMapFile": "Assets/Maps/IndoorMaps/AlissaHouse.tmx",
			"MigrateLegacyNames": [ "AlissaHouse" ]
		},     	   
		{
			"Name": "Custom_Ridgeside_AlissaShed",
			"FromMapFile": "Assets/Maps/IndoorMaps/AlissaShed.tmx",
			"MigrateLegacyNames": [ "AlissaShed" ]
		},     	   	
		{
			"Name": "Custom_Ridgeside_BertHouse",
			"FromMapFile": "Assets/Maps/IndoorMaps/BertHouse.tmx",
			"MigrateLegacyNames": [ "BertHouse" ]
		},
		{
			"Name": "Custom_Ridgeside_BertHouse2ndFloor",
			"FromMapFile": "Assets/Maps/IndoorMaps/BertHouse2ndFloor.tmx",
			"MigrateLegacyNames": [ "BertHouse2ndFloor" ]
		},
		{
			"Name": "Custom_Ridgeside_EzekielHouse",
			"FromMapFile": "Assets/Maps/IndoorMaps/EzekielHouse.tmx",
			"MigrateLegacyNames": [ "EzekielHouse" ]
		},
		{
			"Name": "Custom_Ridgeside_FreddieHouse",
			"FromMapFile": "Assets/Maps/IndoorMaps/FreddieHouse.tmx",
			"MigrateLegacyNames": [ "FreddieHouse" ]
		},
		{
			"Name": "Custom_Ridgeside_IanHouse",
			"FromMapFile": "Assets/Maps/IndoorMaps/IanHouse.tmx",
			"MigrateLegacyNames": [ "IanHouse" ]
		},
		{
			"Name": "Custom_Ridgeside_JericHouse",
			"FromMapFile": "Assets/Maps/IndoorMaps/JericHouse.tmx",
			"MigrateLegacyNames": [ "JericHouse" ]
		},     	   
		{
			"Name": "Custom_Ridgeside_KennethHouse",
			"FromMapFile": "Assets/Maps/IndoorMaps/KennethHouse.tmx",
			"MigrateLegacyNames": [ "KennethHouse" ]
		},
		{
			"Name": "Custom_Ridgeside_LennyHouse",
			"FromMapFile": "Assets/Maps/IndoorMaps/LennyHouse.tmx",
			"MigrateLegacyNames": [ "LennyHouse" ]
		},
		{
			"Name": "Custom_Ridgeside_LogCabinHotel2ndFloor",
			"FromMapFile": "Assets/Maps/IndoorMaps/LogCabinHotel2ndFloor.tmx",
			"MigrateLegacyNames": [ "LogCabinHotel2ndFloor" ]
		},        
		{
			"Name": "Custom_Ridgeside_LogCabinHotel3rdFloor",
			"FromMapFile": "Assets/Maps/IndoorMaps/LogCabinHotel3rdFloor.tmx",
			"MigrateLegacyNames": [ "LogCabinHotel3rdFloor" ]
		},
		{
			"Name": "Custom_Ridgeside_LogCabinHotelLobby",
			"FromMapFile": "Assets/Maps/IndoorMaps/LogCabinHotelLobby.tmx",
			"MigrateLegacyNames": [ "LogCabinHotelLobby" ]
		},        	
		{
			"Name": "Custom_Ridgeside_MaddieHouse",
			"FromMapFile": "Assets/Maps/IndoorMaps/MaddieHouse.tmx",
			"MigrateLegacyNames": [ "MaddieHouse" ]
		},
		{
			"Name": "Custom_Ridgeside_PikaHouse",
			"FromMapFile": "Assets/Maps/IndoorMaps/PikaHouse.tmx",
			"MigrateLegacyNames": [ "PikaHouse" ]
		},        
		{
			"Name": "Custom_Ridgeside_RSVNinjaHouse",
			"FromMapFile": "Assets/Maps/IndoorMaps/RSVNinjaHouse.tmx",
			"MigrateLegacyNames": [ "RSVNinjaHouse" ]
		},  
		{
			"Name": "Custom_Ridgeside_ShiroHouse",
			"FromMapFile": "Assets/Maps/IndoorMaps/ShiroHouse.tmx",
			"MigrateLegacyNames": [ "ShiroHouse" ]
		},
		{
			"Name": "Custom_Ridgeside_LogCabinEventHall",
			"FromMapFile": "Assets/Maps/IndoorMaps/LogCabinEventHall.tmx",
		},
		{
			"Name": "Custom_Ridgeside_BlairHouse",
			"FromMapFile": "Assets/Maps/IndoorMaps/BlairHouse.tmx",
		},
		{
			"Name": "Custom_Ridgeside_FayeHouse",
			"FromMapFile": "Assets/Maps/IndoorMaps/FayeHouse.tmx",
		},
		{
			"Name": "Custom_Ridgeside_PurpleMansion",
			"FromMapFile": "Assets/Maps/IndoorMaps/PurpleMansion.tmx",
		},
		{
			"Name": "Custom_Ridgeside_PurpleMansion2ndFloor",
			"FromMapFile": "Assets/Maps/IndoorMaps/PurpleMansion2ndFloor.tmx",
		},
		{
			"Name": "Custom_Ridgeside_3Bros",
			"FromMapFile": "Assets/Maps/IndoorMaps/3Bros.tmx",
		},
		{
			"Name": "Custom_Ridgeside_3Bros2ndFloor",
			"FromMapFile": "Assets/Maps/IndoorMaps/3Bros2ndFloor.tmx",
		},
		{
			"Name": "Custom_Ridgeside_RSVSewers",
			"FromMapFile": "Assets/Maps/IndoorMaps/RSVSewers.tmx",
		},
		{
			"Name": "Custom_Ridgeside_PaulaClinic",
			"FromMapFile": "Assets/Maps/IndoorMaps/PaulaClinic.tmx",
		},
		{
			"Name": "Custom_Ridgeside_RSVSummitHouse",
			"FromMapFile": "Assets/Maps/IndoorMaps/RSVSummitHouse.tmx",
		},


		/*********
		** QuestMaps
		*********/    	
		{
			"Name": "Custom_Ridgeside_MysticFalls1",
			"FromMapFile": "Assets/Maps/QuestMaps/MysticFalls1.tmx",
			"MigrateLegacyNames": [ "MysticFalls1" ]
		},
		{
			"Name": "Custom_Ridgeside_MysticFalls2",
			"FromMapFile": "Assets/Maps/QuestMaps/MysticFalls2.tmx",
			"MigrateLegacyNames": [ "MysticFalls2" ]
		},      	   
		{
			"Name": "Custom_Ridgeside_MysticFalls3",
			"FromMapFile": "Assets/Maps/QuestMaps/MysticFalls3.tmx",
			"MigrateLegacyNames": [ "MysticFalls3" ]
		},
		{
			"Name": "Custom_Ridgeside_RSVSpiritRealm",
			"FromMapFile": "Assets/Maps/QuestMaps/RSVSpiritRealm.tmx",
		},

		/*********
		** OutdoorMaps
		*********/    	
		{
			"Name": "Custom_Ridgeside_Ridge",
			"FromMapFile": "Assets/Maps/OutdoorMaps/Ridge.tmx",
			"MigrateLegacyNames": [ "Ridge" ]
		},      
		{
			"Name": "Custom_Ridgeside_RidgeFalls",
			"FromMapFile": "Assets/Maps/OutdoorMaps/RidgeFalls.tmx",
			"MigrateLegacyNames": [ "RidgeFalls" ]
		},
		{
			"Name": "Custom_Ridgeside_RidgeForest",
			"FromMapFile": "Assets/Maps/OutdoorMaps/RidgeForest.tmx",
		},
		{
			"Name": "Custom_Ridgeside_RidgesideVillage",
			"FromMapFile": "Assets/Maps/OutdoorMaps/RidgesideVillage.tmx",
			"MigrateLegacyNames": [ "RidgesideVillage" ]
		},    
		{
			"Name": "Custom_Ridgeside_RSVCableCar",
			"FromMapFile": "Assets/Maps/OutdoorMaps/RSVCableCar.tmx",
			"MigrateLegacyNames": [ "RSVCableCar" ]
		},
		{
			"Name": "Custom_Ridgeside_RSVCliff",
			"FromMapFile": "Assets/Maps/OutdoorMaps/RSVCliff.tmx",
			"MigrateLegacyNames": [ "RSVCliff" ]
		},       	     	
		{
			"Name": "Custom_Ridgeside_RSVTheHike",
			"FromMapFile": "Assets/Maps/OutdoorMaps/RSVTheHike.tmx",
			"MigrateLegacyNames": [ "RSVTheHike" ]
		},  
		{
			"Name": "Custom_Ridgeside_SummitFarm",
			"FromMapFile": "Assets/Maps/OutdoorMaps/SummitFarm.tmx",
		},      	

		/*********
		** DynamicMaps
		*********/    	
		{
			"Name": "Custom_Ridgeside_RSVCliffNight",
			"FromMapFile": "Assets/Maps/DynamicMaps/RSVCliffNight.tmx",
			"MigrateLegacyNames": [ "RSVCliffNight" ]
		},      	      	      	      	      	
		{
			"Name": "Custom_Ridgeside_RSVHiddenWarp",
			"FromMapFile": "Assets/Maps/DynamicMaps/RSVHiddenWarp.tmx",
			"MigrateLegacyNames": [ "RSVHiddenWarp" ]
		},     
		{
			"Name": "Custom_Ridgeside_RSVHiddenWarp2",
			"FromMapFile": "Assets/Maps/DynamicMaps/RSVHiddenWarp2.tmx",
			"MigrateLegacyNames": [ "RSVHiddenWarp2" ]
		},
		{
			"Name": "Custom_Ridgeside_WeddingReceptionPic",
			"FromMapFile": "Assets/Maps/EventMaps/WeddingReceptionPic.tmx",
		},        	 	   

	],

	/*********
	** Patches
	*********/
	"Changes": [

	/*********
	** Include Data
	*********/

	//Include Dependency Data
	/*
		Loads cp code for Custom Companions, Farm Type Manager, NPCMapLocations, Questframework, AntisocialNPCs, and Custom NPC Exclusions.
	*/
	{
		"Action": "Include",
		"FromFile": "Data/DependencyData/CustomCompanions.json, Data/DependencyData/CustomCompanionsTourists.json, Data/DependencyData/FarmTypeManager.json, Data/DependencyData/NPCMapLocations.json, Data/DependencyData/QuestFramework.json, Data/DependencyData/AntiSocialNPCs.json, Data/DependencyData/CustomNPCExclusions.json",
	},

	//Include Event Data
	/*
		Loads event fork dialogies, blank files, special characters, and event scripts for versions up to 1.2.8.
	*/
	{
		"LogName": "Include all the Events",
		"Action": "Include",
		"FromFile": "Data/Events/EventDialogue.json, Data/Events/EventExtras.json, Data/Events/Events.json",
	},

	//Include Festival Data
	/*
		Loads json file that adds RSV festivals, their main events and edits, festival locations and festival dialogue.
	*/
	{
		"LogName": "Include all the Events",
		"Action": "Include",
		"FromFile": "Data/Festivals/FestivalData.json",
	},

	//Include Fish Data
	/*
		Loads fish data including spawn locations, fishpond, and aquarium data.
	*/
	{
		"LogName": "Include Fish Data",
		"Action": "Include",
		"FromFile": "Data/Fish/Aquarium.json, Data/Fish/FishData.json, Data/Fish/FishPond.json"
	},

	//Include Dynamic Changes
	/*
		Loads json files that dynamically change the mod/game as the player meets certain requirements.
	*/
	{
		"LogName": "Include Dynamic Changes",
		"Action": "Include",
		"FromFile": "Data/DynamicChanges/AntiSocialChanges.json, Data/DynamicChanges/DialogueChanges.json, Data/DynamicChanges/MapChanges.json, Data/DynamicChanges/MusicChanges.json, Data/DynamicChanges/PortraitChanges.json, Data/DynamicChanges/ScheduleChanges.json, Data/DynamicChanges/SpriteChanges.json"
	},

	//Include Intermod Compatibility Files
	/*
		Loads files that ensure/apply compatibilities with other mods.
	*/
	{
		"LogName": "Include all InterModCompat files",		
		"Action": "Include",
		"FromFile": "Data/InterModCompat/CustomGiftDialogue.json, Data/InterModCompat/EastScarpe.json, Data/InterModCompat/KarmyllasImmersiveMaps.json, Data/InterModCompat/StardewValleyExpanded.json, Data/InterModCompat/TownSchool.json, Data/InterModCompat/WarpNetwork.json",
	},

	//Includes Map Data
	/*
		Loads files for loading maps, map music, map patches, strings, and warps.
	*/
	{
		"LogName": "Include all the Map Data",		
		"Action": "Include",
		"FromFile": "Data/MapData/MapMusic.json, Data/MapData/MapPatches.json, Data/MapData/MapWarps.json, Data/MapData/MapStrings.json",
	},

	//Includes NPC Data
	/*
		Includes all data that concerns the NPCs, that includes: Animations, Conversation Topics, Dialogue, Dispositions, GiftTastes, Mail, Movie Data, Portraits, Romance, Schedules, and Sprites
	*/
	{
		"LogName": "Include all the NPCData",
   		"Action": "Include",
   		"FromFile": "Data/NPCData/Animations.json, Data/NPCData/ConversationTopics.json, Data/NPCData/Dialogue.json, Data/NPCData/Dispositions.json, Data/NPCData/GiftTasteData.json, Data/NPCData/Mail.json, Data/NPCData/MovieData.json, Data/NPCData/Portraits.json, Data/NPCData/Romance.json, Data/NPCData/Schedules.json, Data/NPCData/Sprites.json",
  	},  
	
	//Includes Extras
	/*
		Includes all data that concerns Extras, that includes: Obelisks,
	*/
	{
		"LogName": "Include Obelisk",
   		"Action": "Include",
   		"FromFile": "Data/Extras/Obelisks.json",
  	},
  	{
		"LogName": "Include RSVMap",
   		"Action": "Include",
   		"FromFile": "Data/Extras/RSVMap.json",
  	},    
	{
		"LogName": "Include TrashCanData",
   		"Action": "Include",
   		"FromFile": "Data/Extras/TrashCanData.json",
  	}, 
	{
		"LogName": "Include ShrinePortal",
   		"Action": "Include",
   		"FromFile": "Data/Extras/ShrinePortal.json",
  	},
  	{
		"LogName": "Include Context Tags",
   		"Action": "Include",
   		"FromFile": "Data/Extras/ContextTags.json",
  	}, 

  	//Includes Tilesheets
	/*
		Loads tilesheets
	*/
  	{
  		"LogName": "Include Tilesheets",		
		"Action": "Include",
		"FromFile": "Data/Tilesheets.json",
  	},

  	//Includes Special Orders
	/*
		Loads special order files
	*/
  	{
  		"LogName": "Include Special Orders",		
		"Action": "Include",
		"FromFile": "Data/SpecialOrders/SpecialOrders.json, Data/SpecialOrders/SOStrings.json",
  	}

],


}
