{
  "Name": "Howdy",
  "Type": "Walking",
  "FrameSizeWidth": 16,
  "FrameSizeHeight": 32,
  "TravelSpeed": 1,
  "InspectionDialogue": "Howdy!",

  "IdleBehavior": "Wander",
  "MaxIdleDistance": 500,
  "MaxDistanceBeforeTeleport": -1,

  "EnableBreathing": false,
  "EnableFarmerCollision": true,
  "EnableShadow": true,
  "Shadow": {
    "OffsetX": 0,
    "OffsetY": 8,
    "Scale": 1,
    "Alpha": 255
  },

  "Sounds": [
    {
      "SoundName": "detector",
      "WhenToPlay": "Always",
      "TimeBetweenSound": 5000,
      "ChanceOfPlaying": 0.2
    },
    {
      "SoundName": "dwoop",
      "WhenToPlay": "Always",
      "TimeBetweenSound": 3000,
      "ChanceOfPlaying": 0.2
    },
    {
      "SoundName": "powerup",
      "WhenToPlay": "Always",
      "TimeBetweenSound": 6000,
      "ChanceOfPlaying": 0.2
    },
    {
      "SoundName": "ow",
      "WhenToPlay": "Always",
      "TimeBetweenSound": 7000,
      "ChanceOfPlaying": 0.2
    },
  ],

  "DirectionChangeChanceWhileMoving": 0.003,
  "DirectionChangeChanceWhileIdle": 0.05,
  "ChanceForHalting": 0.1,
  "MinHaltTime": 10000,
  "MaxHaltTime": 20000,

  "DownAnimation": {
    "StartingFrame": 0,
    "NumberOfFrames": 4,
    "Duration": 500,

    "IdleAnimation": {
      "StartingFrame": 0,
      "NumberOfFrames": 1,
      "Duration": 500
    }
  },

  "RightAnimation": {
    "StartingFrame": 4,
    "NumberOfFrames": 4,
    "Duration": 500,

    "IdleAnimation": {
      "StartingFrame": 4,
      "NumberOfFrames": 1,
      "Duration": 500
    }
  },

  "UpAnimation": {
    "StartingFrame": 8,
    "NumberOfFrames": 4,
    "Duration": 500,

    "IdleAnimation": {
      "StartingFrame": 8,
      "NumberOfFrames": 1,
      "Duration": 500
    }
  },

  "LeftAnimation": {
    "StartingFrame": 12,
    "NumberOfFrames": 4,
    "Duration": 500,

    "IdleAnimation": {
      "StartingFrame": 12,
      "NumberOfFrames": 1,
      "Duration": 500
    }
  },
}