{
"Changes": [
	
//------------------------
// FESTIVAL DIALOGUE   
//------------------------

	//Egg Festival----------------------
	
		{
			"LogName": "EggFestival",
			"Action": "EditData",
			"Target": "Data/Festivals/spring13",
			"Entries": {
			
			//Non-Dateables
				"Aguar": "{{i18n:Festivals.EggFest.Aguar}}",
				"Bert": "{{i18n:Festivals.EggFest.Bert}}",
				"Ezekiel": "{{i18n:Festivals.EggFest.Ezekiel}}",
				"Freddie": "{{i18n:Festivals.EggFest.Freddie}}",
				"Keahi": "{{i18n:Festivals.EggFest.Keahi}}",
				"Kiwi": "{{i18n:Festivals.EggFest.Kiwi}}",
				"Lenny": "{{i18n:Festivals.EggFest.Lenny}}",
				"Lola": "{{i18n:Festivals.EggFest.Lola}}",
				"Olga": "{{i18n:Festivals.EggFest.Olga}}",
				"Pika": "{{i18n:Festivals.EggFest.Pika}}",
				"Richard": "{{i18n:Festivals.EggFest.Richard}}",
				"Trinnie": "{{i18n:Festivals.EggFest.Trinnie}}",
				"Yuuma": "{{i18n:Festivals.EggFest.Yuuma}}",

				"Ariah": "{{i18n:Festivals.EggFest.Ariah}}",
				"Maive": "{{i18n:Festivals.EggFest.Maive}}",
				"Louie": "{{i18n:Festivals.EggFest.Louie}}",
				"Irene": "{{i18n:Festivals.EggFest.Irene}}",
				"Sonny": "{{i18n:Festivals.EggFest.Sonny}}",
				"Paula": "{{i18n:Festivals.EggFest.Paula}}",
				"Carmen": "{{i18n:Festivals.EggFest.Carmen}}",
				"Blair": "{{i18n:Festivals.EggFest.Blair}}",
				"Lorenzo": "{{i18n:Festivals.EggFest.Lorenzo}}",
				"Shanice": "{{i18n:Festivals.EggFest.Shanice}}",
				"Anton": "{{i18n:Festivals.EggFest.Anton}}",
				"Kiarra": "{{i18n:Festivals.EggFest.Kiarra}}",
				"Sean": "{{i18n:Festivals.EggFest.Sean}}",
				"Faye": "{{i18n:Festivals.EggFest.Faye}}",
				"Malaya": "{{i18n:Festivals.EggFest.Malaya}}",
				"Kimpoi": "{{i18n:Festivals.EggFest.Kimpoi}}",
				"Naomi": "{{i18n:Festivals.EggFest.Naomi}}",
			
			//Dateables
				"Alissa": "{{i18n:Festivals.EggFest.Alissa}}",
				"Alissa_spouse": "{{i18n:Festivals.EggFest.Alissa_spouse}}",
				"Corine": "{{i18n:Festivals.EggFest.Corine}}",
				"Corine_spouse": "{{i18n:Festivals.EggFest.Corine_spouse}}",
				"Flor": "{{i18n:Festivals.EggFest.Flor}}",
				"Flor_spouse": "{{i18n:Festivals.EggFest.Flor_spouse}}",
				"Ian": "{{i18n:Festivals.EggFest.Ian}}",
				"Ian_spouse": "{{i18n:Festivals.EggFest.Ian_spouse}}",
				"Jeric": "{{i18n:Festivals.EggFest.Jeric}}",
				"Jeric_spouse": "{{i18n:Festivals.EggFest.Jeric_spouse}}",
				"Kenneth": "{{i18n:Festivals.EggFest.Kenneth}}",
				"Kenneth_spouse": "{{i18n:Festivals.EggFest.Kenneth_spouse}}",
				"Maddie": "{{i18n:Festivals.EggFest.Maddie}}",
				"Maddie_spouse": "{{i18n:Festivals.EggFest.Maddie_spouse}}",
				"Philip": "{{i18n:Festivals.EggFest.Philip}}",
				"Philip_spouse": "{{i18n:Festivals.EggFest.Philip_spouse}}",
				"Shiro": "{{i18n:Festivals.EggFest.Shiro}}",
				"Shiro_spouse": "{{i18n:Festivals.EggFest.Shiro_spouse}}",
				"Ysabelle": "{{i18n:Festivals.EggFest.Ysabelle}}",
				"Ysabelle_spouse": "{{i18n:Festivals.EggFest.Ysabelle_spouse}}",
				"Daia": "{{i18n:Festivals.EggFest.Daia}}",
				"Daia_spouse": "{{i18n:Festivals.EggFest.Daia_spouse}}",
				"Jio": "{{i18n:Festivals.EggFest.Jio}}",
				"Jio_spouse": "{{i18n:Festivals.EggFest.Jio_spouse}}",
			},
		},	
]
}