{
"Changes": [
	
//------------------------
// FESTIVAL DIALOGUE   
//------------------------

	//EmberOfResolutions----------------------
	
		{
			"LogName": "EmberOfResolutions",
			"Action": "EditData",
			"Target": "Data/Festivals/winter28",
			"Entries": {
			
			//Non-Dateables
				"Aguar": "{{i18n:Festivals.EoR.Aguar}}",
				"Bert": "{{i18n:Festivals.EoR.Bert}}",
				"Ezekiel": "{{i18n:Festivals.EoR.Ezekiel}}",
				"Freddie": "{{i18n:Festivals.EoR.Freddie}}",
				"Keahi": "{{i18n:Festivals.EoR.Keahi}}",
				"Kiwi": "{{i18n:Festivals.EoR.Kiwi}}",
				"Lenny": "{{i18n:Festivals.EoR.Lenny}}",
				"Lola": "{{i18n:Festivals.EoR.Lola}}",
				"Olga": "{{i18n:Festivals.EoR.Olga}}",
				"Pika": "{{i18n:Festivals.EoR.Pika}}",
				"Richard": "{{i18n:Festivals.EoR.Richard}}",
				"Trinnie": "{{i18n:Festivals.EoR.Trinnie}}",
				"Yuuma": "{{i18n:Festivals.EoR.Yuuma}}",

				"Ariah": "{{i18n:Festivals.EoR.Ariah}}",
				"Maive": "{{i18n:Festivals.EoR.Maive}}",
				"Louie": "{{i18n:Festivals.EoR.Louie}}",
				"Irene": "{{i18n:Festivals.EoR.Irene}}",
				"Sonny": "{{i18n:Festivals.EoR.Sonny}}",
				"Paula": "{{i18n:Festivals.EoR.Paula}}",
				"Carmen": "{{i18n:Festivals.EoR.Carmen}}",
				"Blair": "{{i18n:Festivals.EoR.Blair}}",
				"Lorenzo": "{{i18n:Festivals.EoR.Lorenzo}}",
				"Shanice": "{{i18n:Festivals.EoR.Shanice}}",
				"Anton": "{{i18n:Festivals.EoR.Anton}}",
				"Kiarra": "{{i18n:Festivals.EoR.Kiarra}}",
				"Sean": "{{i18n:Festivals.EoR.Sean}}",
				"Faye": "{{i18n:Festivals.EoR.Faye}}",
				"Malaya": "{{i18n:Festivals.EoR.Malaya}}",
				"Kimpoi": "{{i18n:Festivals.EoR.Kimpoi}}",
				"Naomi": "{{i18n:Festivals.EoR.Naomi}}",

			//Vanilla Non-Dateables
    			"Robin": "{{i18n:EmberNightDialogue.Robin}}",
    			"Demetrius": "{{i18n:EmberNightDialogue.Demetrius}}",				
				"Pierre": "{{i18n:EmberNightDialogue.Pierre}}" ,
				"Caroline": "{{i18n:EmberNightDialogue.Caroline}}",
				"Linus": "{{i18n:EmberNightDialogue.Linus}}",
				"George": "{{i18n:EmberNightDialogue.George}}",
				"Evelyn": "{{i18n:EmberNightDialogue.Evelyn}}",
				"Lewis": "{{i18n:EmberNightDialogue.Lewis}}",
				"Clint": "{{i18n:EmberNightDialogue.Clint}}",
				"Pam": "{{i18n:EmberNightDialogue.Pam}}" ,
				"Jodi": "{{i18n:EmberNightDialogue.Jodi}}" ,
				"Kent": "{{i18n:EmberNightDialogue.Kent}}",
    			"Marnie": "{{i18n:EmberNightDialogue.Marnie}}",    
				"Gus": "{{i18n:EmberNightDialogue.Gus}}",
				"Jas": "{{i18n:EmberNightDialogue.Jas}}",
			    "Vincent": "{{i18n:EmberNightDialogue.Vincent}}",
			    "Willy": "{{i18n:EmberNightDialogue.Willy}}",
				"Marlon": "{{i18n:EmberNightDialogue.Marlon}}",
				"Wizard": "{{i18n:EmberNightDialogue.Wizard}}",    

			//Dateables
				"Alissa": "{{i18n:Festivals.EoR.Alissa}}",
				"Alissa_spouse": "{{i18n:Festivals.EoR.Alissa_spouse}}",
				"Corine": "{{i18n:Festivals.EoR.Corine}}",
				"Corine_spouse": "{{i18n:Festivals.EoR.Corine_spouse}}",
				"Flor": "{{i18n:Festivals.EoR.Flor}}",
				"Flor_spouse": "{{i18n:Festivals.EoR.Flor_spouse}}",
				"Ian": "{{i18n:Festivals.EoR.Ian}}",
				"Ian_spouse": "{{i18n:Festivals.EoR.Ian_spouse}}",
				"Jeric": "{{i18n:Festivals.EoR.Jeric}}",
				"Jeric_spouse": "{{i18n:Festivals.EoR.Jeric_spouse}}",
				"Kenneth": "{{i18n:Festivals.EoR.Kenneth}}",
				"Kenneth_spouse": "{{i18n:Festivals.EoR.Kenneth_spouse}}",
				"Maddie": "{{i18n:Festivals.EoR.Maddie}}",
				"Maddie_spouse": "{{i18n:Festivals.EoR.Maddie_spouse}}",
				"Philip": "{{i18n:Festivals.EoR.Philip}}",
				"Philip_spouse": "{{i18n:Festivals.EoR.Philip_spouse}}",
				"Shiro": "{{i18n:Festivals.EoR.Shiro}}",
				"Shiro_spouse": "{{i18n:Festivals.EoR.Shiro_spouse}}",
				"Ysabelle": "{{i18n:Festivals.EoR.Ysabelle}}",
				"Ysabelle_spouse": "{{i18n:Festivals.EoR.Ysabelle_spouse}}",
				"Daia": "{{i18n:Festivals.EoR.Daia}}",
				"Daia_spouse": "{{i18n:Festivals.EoR.Daia_spouse}}",
				"Jio": "{{i18n:Festivals.EoR.Jio}}",
				"Jio_spouse": "{{i18n:Festivals.EoR.Jio_spouse}}",

			//Vanilla Dateables
			    "Abigail": "{{i18n:EmberNightDialogue.Abigail}}",
			    "Abigail_spouse": "{{i18n:EmberNightDialogue.Abigail.spouse}}",
			    "Leah": "{{i18n:EmberNightDialogue.Leah}}",
			    "Leah_spouse": "{{i18n:EmberNightDialogue.Leah.spouse}}",
			    "Maru": "{{i18n:EmberNightDialogue.Maru}}",    
			    "Maru_spouse": "{{i18n:EmberNightDialogue.Maru.spouse}}",
			    "Penny": "{{i18n:EmberNightDialogue.Penny}}",    
			    "Penny_spouse": "{{i18n:EmberNightDialogue.Penny.spouse}}",
			    "Haley": "{{i18n:EmberNightDialogue.Haley}}",    
			    "Haley_spouse": "{{i18n:EmberNightDialogue.Haley.spouse}}",
			    "Sebastian": "{{i18n:EmberNightDialogue.Sebastian}}",    
			    "Sebastian_spouse": "{{i18n:EmberNightDialogue.Sebastian.spouse}}",
			    "Sam": "{{i18n:EmberNightDialogue.Sam}}",    
			    "Sam_spouse": "{{i18n:EmberNightDialogue.Sam.spouse}}",
			    "Alex": "{{i18n:EmberNightDialogue.Alex}}",    
			    "Alex_spouse": "{{i18n:EmberNightDialogue.Alex.spouse}}",
			    "Harvey": "{{i18n:EmberNightDialogue.Harvey}}",    
			    "Harvey_spouse": "{{i18n:EmberNightDialogue.Harvey.spouse}}",
			    "Elliott": "{{i18n:EmberNightDialogue.Elliott}}",    
			    "Elliott_spouse": "{{i18n:EmberNightDialogue.Elliott.spouse}}",
			    "Emily": "{{i18n:EmberNightDialogue.Emily}}",    
			    "Emily_spouse": "{{i18n:EmberNightDialogue.Emily.spouse}}",
			    "Shane": "{{i18n:EmberNightDialogue.Shane}}",	
				"Shane_spouse": "{{i18n:EmberNightDialogue.Shane.spouse}}",

			},
		},
		
]
}