{
"Changes": [
	
//------------------------
// FESTIVAL DIALOGUE   
//------------------------

	//Flowerdance----------------------
	
		{
			"LogName": "FlowerDance",
			"Action": "EditData",
			"Target": "Data/Festivals/spring24",
			"Entries": {
			
			//Non-Dateables
				"Aguar": "{{i18n:Festivals.FlowerDance.Aguar}}",
				"Bert": "{{i18n:Festivals.FlowerDance.Bert}}",
				"Ezekiel": "{{i18n:Festivals.FlowerDance.Ezekiel}}",
				"Freddie": "{{i18n:Festivals.FlowerDance.Freddie}}",
				"Keahi": "{{i18n:Festivals.FlowerDance.Keahi}}",
				"Kiwi": "{{i18n:Festivals.FlowerDance.Kiwi}}",
				"Lenny": "{{i18n:Festivals.FlowerDance.Lenny}}",
				"Lola": "{{i18n:Festivals.FlowerDance.Lola}}",
				"Olga": "{{i18n:Festivals.FlowerDance.Olga}}",
				"Pika": "{{i18n:Festivals.FlowerDance.Pika}}",
				"Richard": "{{i18n:Festivals.FlowerDance.Richard}}",
				"Trinnie": "{{i18n:Festivals.FlowerDance.Trinnie}}",
				"Yuuma": "{{i18n:Festivals.FlowerDance.Yuuma}}",

				"Ariah": "{{i18n:Festivals.FlowerDance.Ariah}}",
				"Maive": "{{i18n:Festivals.FlowerDance.Maive}}",
				"Louie": "{{i18n:Festivals.FlowerDance.Louie}}",
				"Irene": "{{i18n:Festivals.FlowerDance.Irene}}",
				"Sonny": "{{i18n:Festivals.FlowerDance.Sonny}}",
				"Paula": "{{i18n:Festivals.FlowerDance.Paula}}",
				"Carmen": "{{i18n:Festivals.FlowerDance.Carmen}}",
				"Blair": "{{i18n:Festivals.FlowerDance.Blair}}",
				"Lorenzo": "{{i18n:Festivals.FlowerDance.Lorenzo}}",
				"Shanice": "{{i18n:Festivals.FlowerDance.Shanice}}",
				"Anton": "{{i18n:Festivals.FlowerDance.Anton}}",
				"Kiarra": "{{i18n:Festivals.FlowerDance.Kiarra}}",
				"Sean": "{{i18n:Festivals.FlowerDance.Sean}}",
				"Faye": "{{i18n:Festivals.FlowerDance.Faye}}",
				"Malaya": "{{i18n:Festivals.FlowerDance.Malaya}}",
				"Kimpoi": "{{i18n:Festivals.FlowerDance.Kimpoi}}",
				"Naomi": "{{i18n:Festivals.FlowerDance.Naomi}}",

			//Dateables
				"Alissa": "{{i18n:Festivals.FlowerDance.Alissa}}",
				"Alissa_spouse": "{{i18n:Festivals.FlowerDance.Alissa_spouse}}",
				"Corine": "{{i18n:Festivals.FlowerDance.Corine}}",
				"Corine_spouse": "{{i18n:Festivals.FlowerDance.Corine_spouse}}",
				"Flor": "{{i18n:Festivals.FlowerDance.Flor}}",
				"Flor_spouse": "{{i18n:Festivals.FlowerDance.Flor_spouse}}",
				"Ian": "{{i18n:Festivals.FlowerDance.Ian}}",
				"Ian_spouse": "{{i18n:Festivals.FlowerDance.Ian_spouse}}",
				"Jeric": "{{i18n:Festivals.FlowerDance.Jeric}}",
				"Jeric_spouse": "{{i18n:Festivals.FlowerDance.Jeric_spouse}}",
				"Kenneth": "{{i18n:Festivals.FlowerDance.Kenneth}}",
				"Kenneth_spouse": "{{i18n:Festivals.FlowerDance.Kenneth_spouse}}",
				"Maddie": "{{i18n:Festivals.FlowerDance.Maddie}}",
				"Maddie_spouse": "{{i18n:Festivals.FlowerDance.Maddie_spouse}}",
				"Philip": "{{i18n:Festivals.FlowerDance.Philip}}",
				"Philip_spouse": "{{i18n:Festivals.FlowerDance.Philip_spouse}}",
				"Shiro": "{{i18n:Festivals.FlowerDance.Shiro}}",
				"Shiro_spouse": "{{i18n:Festivals.FlowerDance.Shiro_spouse}}",
				"Ysabelle": "{{i18n:Festivals.FlowerDance.Ysabelle}}",
				"Ysabelle_spouse": "{{i18n:Festivals.FlowerDance.Ysabelle_spouse}}",
				"Daia": "{{i18n:Festivals.FlowerDance.Daia}}",
				"Daia_spouse": "{{i18n:Festivals.FlowerDance.Daia_spouse}}",
				"Jio": "{{i18n:Festivals.FlowerDance.Jio}}",
				"Jio_spouse": "{{i18n:Festivals.FlowerDance.Jio_spouse}}",
			},
		},
		
]
}