{
"Changes": [
	
//------------------------
// FESTIVAL DIALOGUE   
//------------------------

	//IceFest----------------------
	
		{
			"LogName": "IceFest",
			"Action": "EditData",
			"Target": "Data/Festivals/winter8",
			"Entries": {
			
			//Non-Dateables
				"Aguar": "{{i18n:Festivals.IceFest.Aguar}}",
				"Bert": "{{i18n:Festivals.IceFest.Bert}}",
				"Ezekiel": "{{i18n:Festivals.IceFest.Ezekiel}}",
				"Freddie": "{{i18n:Festivals.IceFest.Freddie}}",
				"Keahi": "{{i18n:Festivals.IceFest.Keahi}}",
				"Kiwi": "{{i18n:Festivals.IceFest.Kiwi}}",
				"Lenny": "{{i18n:Festivals.IceFest.Lenny}}",
				"Lola": "{{i18n:Festivals.IceFest.Lola}}",
				"Olga": "{{i18n:Festivals.IceFest.Olga}}",
				"Pika": "{{i18n:Festivals.IceFest.Pika}}",
				"Richard": "{{i18n:Festivals.IceFest.Richard}}",
				"Trinnie": "{{i18n:Festivals.IceFest.Trinnie}}",
				"Yuuma": "{{i18n:Festivals.IceFest.Yuuma}}",

				"Ariah": "{{i18n:Festivals.IceFest.Ariah}}",
				"Maive": "{{i18n:Festivals.IceFest.Maive}}",
				"Louie": "{{i18n:Festivals.IceFest.Louie}}",
				"Irene": "{{i18n:Festivals.IceFest.Irene}}",
				"Sonny": "{{i18n:Festivals.IceFest.Sonny}}",
				"Paula": "{{i18n:Festivals.IceFest.Paula}}",
				"Carmen": "{{i18n:Festivals.IceFest.Carmen}}",
				"Blair": "{{i18n:Festivals.IceFest.Blair}}",
				"Lorenzo": "{{i18n:Festivals.IceFest.Lorenzo}}",
				"Shanice": "{{i18n:Festivals.IceFest.Shanice}}",
				"Anton": "{{i18n:Festivals.IceFest.Anton}}",
				"Kiarra": "{{i18n:Festivals.IceFest.Kiarra}}",
				"Sean": "{{i18n:Festivals.IceFest.Sean}}",
				"Faye": "{{i18n:Festivals.IceFest.Faye}}",
				"Malaya": "{{i18n:Festivals.IceFest.Malaya}}",
				"Kimpoi": "{{i18n:Festivals.IceFest.Kimpoi}}",
				"Naomi": "{{i18n:Festivals.IceFest.Naomi}}",

			//Dateables
				"Alissa": "{{i18n:Festivals.IceFest.Alissa}}",
				"Alissa_spouse": "{{i18n:Festivals.IceFest.Alissa_spouse}}",
				"Corine": "{{i18n:Festivals.IceFest.Corine}}",
				"Corine_spouse": "{{i18n:Festivals.IceFest.Corine_spouse}}",
				"Flor": "{{i18n:Festivals.IceFest.Flor}}",
				"Flor_spouse": "{{i18n:Festivals.IceFest.Flor_spouse}}",
				"Ian": "{{i18n:Festivals.IceFest.Ian}}",
				"Ian_spouse": "{{i18n:Festivals.IceFest.Ian_spouse}}",
				"Jeric": "{{i18n:Festivals.IceFest.Jeric}}",
				"Jeric_spouse": "{{i18n:Festivals.IceFest.Jeric_spouse}}",
				"Kenneth": "{{i18n:Festivals.IceFest.Kenneth}}",
				"Kenneth_spouse": "{{i18n:Festivals.IceFest.Kenneth_spouse}}",
				"Maddie": "{{i18n:Festivals.IceFest.Maddie}}",
				"Maddie_spouse": "{{i18n:Festivals.IceFest.Maddie_spouse}}",
				"Philip": "{{i18n:Festivals.IceFest.Philip}}",
				"Philip_spouse": "{{i18n:Festivals.IceFest.Philip_spouse}}",
				"Shiro": "{{i18n:Festivals.IceFest.Shiro}}",
				"Shiro_spouse": "{{i18n:Festivals.IceFest.Shiro_spouse}}",
				"Ysabelle": "{{i18n:Festivals.IceFest.Ysabelle}}",
				"Ysabelle_spouse": "{{i18n:Festivals.IceFest.Ysabelle_spouse}}",
				"Daia": "{{i18n:Festivals.IceFest.Daia}}",
				"Daia_spouse": "{{i18n:Festivals.IceFest.Daia_spouse}}",
				"Jio": "{{i18n:Festivals.IceFest.Jio}}",
				"Jio_spouse": "{{i18n:Festivals.IceFest.Jio_spouse}}",
			},
		},
]
}