{
"Changes": [
	
//------------------------
// FESTIVAL DIALOGUE   
//------------------------

	//Luau----------------------
	
		{
			"LogName": "Luau",
			"Action": "EditData",
			"Target": "Data/Festivals/summer11",
			"Entries": {
			
			//Non-Dateables
				"Aguar": "{{i18n:Festivals.Luau.Aguar}}",
				"Bert": "{{i18n:Festivals.Luau.Bert}}",
				"Ezekiel": "{{i18n:Festivals.Luau.Ezekiel}}",
				"Freddie": "{{i18n:Festivals.Luau.Freddie}}",
				"Keahi": "{{i18n:Festivals.Luau.Keahi}}",
				"Kiwi": "{{i18n:Festivals.Luau.Kiwi}}",
				"Lenny": "{{i18n:Festivals.Luau.Lenny}}",
				"Lola": "{{i18n:Festivals.Luau.Lola}}",
				"Olga": "{{i18n:Festivals.Luau.Olga}}",
				"Pika": "{{i18n:Festivals.Luau.Pika}}",
				"Richard": "{{i18n:Festivals.Luau.Richard}}",
				"Trinnie": "{{i18n:Festivals.Luau.Trinnie}}",
				"Yuuma": "{{i18n:Festivals.Luau.Yuuma}}",

				"Ariah": "{{i18n:Festivals.Luau.Ariah}}",
				"Maive": "{{i18n:Festivals.Luau.Maive}}",
				"Louie": "{{i18n:Festivals.Luau.Louie}}",
				"Irene": "{{i18n:Festivals.Luau.Irene}}",
				"Sonny": "{{i18n:Festivals.Luau.Sonny}}",
				"Paula": "{{i18n:Festivals.Luau.Paula}}",
				"Carmen": "{{i18n:Festivals.Luau.Carmen}}",
				"Blair": "{{i18n:Festivals.Luau.Blair}}",
				"Lorenzo": "{{i18n:Festivals.Luau.Lorenzo}}",
				"Shanice": "{{i18n:Festivals.Luau.Shanice}}",
				"Anton": "{{i18n:Festivals.Luau.Anton}}",
				"Kiarra": "{{i18n:Festivals.Luau.Kiarra}}",
				"Sean": "{{i18n:Festivals.Luau.Sean}}",
				"Faye": "{{i18n:Festivals.Luau.Faye}}",
				"Malaya": "{{i18n:Festivals.Luau.Malaya}}",
				"Kimpoi": "{{i18n:Festivals.Luau.Kimpoi}}",
				"Naomi": "{{i18n:Festivals.Luau.Naomi}}",

			//Dateables
				"Alissa": "{{i18n:Festivals.Luau.Alissa}}",
				"Alissa_spouse": "{{i18n:Festivals.Luau.Alissa_spouse}}",
				"Corine": "{{i18n:Festivals.Luau.Corine}}",
				"Corine_spouse": "{{i18n:Festivals.Luau.Corine_spouse}}",
				"Flor": "{{i18n:Festivals.Luau.Flor}}",
				"Flor_spouse": "{{i18n:Festivals.Luau.Flor_spouse}}",
				"Ian": "{{i18n:Festivals.Luau.Ian}}",
				"Ian_spouse": "{{i18n:Festivals.Luau.Ian_spouse}}",
				"Jeric": "{{i18n:Festivals.Luau.Jeric}}",
				"Jeric_spouse": "{{i18n:Festivals.Luau.Jeric_spouse}}",
				"Kenneth": "{{i18n:Festivals.Luau.Kenneth}}",
				"Kenneth_spouse": "{{i18n:Festivals.Luau.Kenneth_spouse}}",
				"Maddie": "{{i18n:Festivals.Luau.Maddie}}",
				"Maddie_spouse": "{{i18n:Festivals.Luau.Maddie_spouse}}",
				"Philip": "{{i18n:Festivals.Luau.Philip}}",
				"Philip_spouse": "{{i18n:Festivals.Luau.Philip_spouse}}",
				"Shiro": "{{i18n:Festivals.Luau.Shiro}}",
				"Shiro_spouse": "{{i18n:Festivals.Luau.Shiro_spouse}}",
				"Ysabelle": "{{i18n:Festivals.Luau.Ysabelle}}",
				"Ysabelle_spouse": "{{i18n:Festivals.Luau.Ysabelle_spouse}}",
				"Daia": "{{i18n:Festivals.Luau.Daia}}",
				"Daia_spouse": "{{i18n:Festivals.Luau.Daia_spouse}}",
				"Jio": "{{i18n:Festivals.Luau.Jio}}",
				"Jio_spouse": "{{i18n:Festivals.Luau.Jio_spouse}}",
			},
		},

]
}