{
"Changes": [
	
//------------------------
// FESTIVAL DIALOGUE   
//------------------------

	//Jellies----------------------
	
		{
			"LogName": "Jellies",
			"Action": "EditData",
			"Target": "Data/Festivals/summer28",
			"Entries": {
			
			//Non-Dateables
				"Aguar": "{{i18n:Festivals.Jellies.Aguar}}",
				"Bert": "{{i18n:Festivals.Jellies.Bert}}",
				"Ezekiel": "{{i18n:Festivals.Jellies.Ezekiel}}",
				"Freddie": "{{i18n:Festivals.Jellies.Freddie}}",
				"Keahi": "{{i18n:Festivals.Jellies.Keahi}}",
				"Kiwi": "{{i18n:Festivals.Jellies.Kiwi}}",
				"Lenny": "{{i18n:Festivals.Jellies.Lenny}}",
				"Lola": "{{i18n:Festivals.Jellies.Lola}}",
				"Olga": "{{i18n:Festivals.Jellies.Olga}}",
				"Pika": "{{i18n:Festivals.Jellies.Pika}}",
				"Richard": "{{i18n:Festivals.Jellies.Richard}}",
				"Trinnie": "{{i18n:Festivals.Jellies.Trinnie}}",
				"Yuuma": "{{i18n:Festivals.Jellies.Yuuma}}",

				"Ariah": "{{i18n:Festivals.Jellies.Ariah}}",
				"Maive": "{{i18n:Festivals.Jellies.Maive}}",
				"Louie": "{{i18n:Festivals.Jellies.Louie}}",
				"Irene": "{{i18n:Festivals.Jellies.Irene}}",
				"Sonny": "{{i18n:Festivals.Jellies.Sonny}}",
				"Paula": "{{i18n:Festivals.Jellies.Paula}}",
				"Carmen": "{{i18n:Festivals.Jellies.Carmen}}",
				"Blair": "{{i18n:Festivals.Jellies.Blair}}",
				"Lorenzo": "{{i18n:Festivals.Jellies.Lorenzo}}",
				"Shanice": "{{i18n:Festivals.Jellies.Shanice}}",
				"Anton": "{{i18n:Festivals.Jellies.Anton}}",
				"Kiarra": "{{i18n:Festivals.Jellies.Kiarra}}",
				"Sean": "{{i18n:Festivals.Jellies.Sean}}",
				"Faye": "{{i18n:Festivals.Jellies.Faye}}",
				"Malaya": "{{i18n:Festivals.Jellies.Malaya}}",
				"Kimpoi": "{{i18n:Festivals.Jellies.Kimpoi}}",
				"Naomi": "{{i18n:Festivals.Jellies.Naomi}}",

			//Dateables
				"Alissa": "{{i18n:Festivals.Jellies.Alissa}}",
				"Alissa_spouse": "{{i18n:Festivals.Jellies.Alissa_spouse}}",
				"Corine": "{{i18n:Festivals.Jellies.Corine}}",
				"Corine_spouse": "{{i18n:Festivals.Jellies.Corine_spouse}}",
				"Flor": "{{i18n:Festivals.Jellies.Flor}}",
				"Flor_spouse": "{{i18n:Festivals.Jellies.Flor_spouse}}",
				"Ian": "{{i18n:Festivals.Jellies.Ian}}",
				"Ian_spouse": "{{i18n:Festivals.Jellies.Ian_spouse}}",
				"Jeric": "{{i18n:Festivals.Jellies.Jeric}}",
				"Jeric_spouse": "{{i18n:Festivals.Jellies.Jeric_spouse}}",
				"Kenneth": "{{i18n:Festivals.Jellies.Kenneth}}",
				"Kenneth_spouse": "{{i18n:Festivals.Jellies.Kenneth_spouse}}",
				"Maddie": "{{i18n:Festivals.Jellies.Maddie}}",
				"Maddie_spouse": "{{i18n:Festivals.Jellies.Maddie_spouse}}",
				"Philip": "{{i18n:Festivals.Jellies.Philip}}",
				"Philip_spouse": "{{i18n:Festivals.Jellies.Philip_spouse}}",
				"Shiro": "{{i18n:Festivals.Jellies.Shiro}}",
				"Shiro_spouse": "{{i18n:Festivals.Jellies.Shiro_spouse}}",
				"Ysabelle": "{{i18n:Festivals.Jellies.Ysabelle}}",
				"Ysabelle_spouse": "{{i18n:Festivals.Jellies.Ysabelle_spouse}}",
				"Daia": "{{i18n:Festivals.Jellies.Daia}}",
				"Daia_spouse": "{{i18n:Festivals.Jellies.Daia_spouse}}",
				"Jio": "{{i18n:Festivals.Jellies.Jio}}",
				"Jio_spouse": "{{i18n:Festivals.Jellies.Jio_spouse}}",
			},
		},

		//Naomi Arrives
		{
			"LogName": "Jellies",
			"Action": "EditData",
			"Target": "Data/Festivals/summer28",
			"When": {
				"HasSeenEvent": 75160249,
			},
			"Entries": {
				"Yuuma": "{{i18n:Festivals.Jellies.Yuuma.2}}",
			},
		},
]
}