{
"Changes": [
	
//------------------------
// FESTIVAL DIALOGUE   
//------------------------

	//SpiritEve----------------------
	
		{
			"LogName": "SpiritEve",
			"Action": "EditData",
			"Target": "Data/Festivals/fall27",
			"Entries": {
			
			//Non-Dateables
				"Aguar": "{{i18n:Festivals.SpiritEve.Aguar}}",
				"Bert": "{{i18n:Festivals.SpiritEve.Bert}}",
				"Ezekiel": "{{i18n:Festivals.SpiritEve.Ezekiel}}",
				"Freddie": "{{i18n:Festivals.SpiritEve.Freddie}}",
				"Keahi": "{{i18n:Festivals.SpiritEve.Keahi}}",
				"Kiwi": "{{i18n:Festivals.SpiritEve.Kiwi}}",
				"Lenny": "{{i18n:Festivals.SpiritEve.Lenny}}",
				"Lola": "{{i18n:Festivals.SpiritEve.Lola}}",
				"Olga": "{{i18n:Festivals.SpiritEve.Olga}}",
				"Pika": "{{i18n:Festivals.SpiritEve.Pika}}",
				"Richard": "{{i18n:Festivals.SpiritEve.Richard}}",
				"Trinnie": "{{i18n:Festivals.SpiritEve.Trinnie}}",
				"Yuuma": "{{i18n:Festivals.SpiritEve.Yuuma}}",

				"Ariah": "{{i18n:Festivals.SpiritEve.Ariah}}",
				"Maive": "{{i18n:Festivals.SpiritEve.Maive}}",
				"Louie": "{{i18n:Festivals.SpiritEve.Louie}}",
				"Irene": "{{i18n:Festivals.SpiritEve.Irene}}",
				"Sonny": "{{i18n:Festivals.SpiritEve.Sonny}}",
				"Paula": "{{i18n:Festivals.SpiritEve.Paula}}",
				"Carmen": "{{i18n:Festivals.SpiritEve.Carmen}}",
				"Blair": "{{i18n:Festivals.SpiritEve.Blair}}",
				"Lorenzo": "{{i18n:Festivals.SpiritEve.Lorenzo}}",
				"Shanice": "{{i18n:Festivals.SpiritEve.Shanice}}",
				"Anton": "{{i18n:Festivals.SpiritEve.Anton}}",
				"Kiarra": "{{i18n:Festivals.SpiritEve.Kiarra}}",
				"Sean": "{{i18n:Festivals.SpiritEve.Sean}}",
				"Faye": "{{i18n:Festivals.SpiritEve.Faye}}",
				"Malaya": "{{i18n:Festivals.SpiritEve.Malaya}}",
				"Kimpoi": "{{i18n:Festivals.SpiritEve.Kimpoi}}",
				"Naomi": "{{i18n:Festivals.SpiritEve.Naomi}}",

			//Dateables
				"Alissa": "{{i18n:Festivals.SpiritEve.Alissa}}",
				"Alissa_spouse": "{{i18n:Festivals.SpiritEve.Alissa_spouse}}",
				"Corine": "{{i18n:Festivals.SpiritEve.Corine}}",
				"Corine_spouse": "{{i18n:Festivals.SpiritEve.Corine_spouse}}",
				"Flor": "{{i18n:Festivals.SpiritEve.Flor}}",
				"Flor_spouse": "{{i18n:Festivals.SpiritEve.Flor_spouse}}",
				"Ian": "{{i18n:Festivals.SpiritEve.Ian}}",
				"Ian_spouse": "{{i18n:Festivals.SpiritEve.Ian_spouse}}",
				"Jeric": "{{i18n:Festivals.SpiritEve.Jeric}}",
				"Jeric_spouse": "{{i18n:Festivals.SpiritEve.Jeric_spouse}}",
				"Kenneth": "{{i18n:Festivals.SpiritEve.Kenneth}}",
				"Kenneth_spouse": "{{i18n:Festivals.SpiritEve.Kenneth_spouse}}",
				"Maddie": "{{i18n:Festivals.SpiritEve.Maddie}}",
				"Maddie_spouse": "{{i18n:Festivals.SpiritEve.Maddie_spouse}}",
				"Philip": "{{i18n:Festivals.SpiritEve.Philip}}",
				"Philip_spouse": "{{i18n:Festivals.SpiritEve.Philip_spouse}}",
				"Shiro": "{{i18n:Festivals.SpiritEve.Shiro}}",
				"Shiro_spouse": "{{i18n:Festivals.SpiritEve.Shiro_spouse}}",
				"Ysabelle": "{{i18n:Festivals.SpiritEve.Ysabelle}}",
				"Ysabelle_spouse": "{{i18n:Festivals.SpiritEve.Ysabelle_spouse}}",
				"Daia": "{{i18n:Festivals.SpiritEve.Daia}}",
				"Daia_spouse": "{{i18n:Festivals.SpiritEve.Daia_spouse}}",
				"Jio": "{{i18n:Festivals.SpiritEve.Jio}}",
				"Jio_spouse": "{{i18n:Festivals.SpiritEve.Jio_spouse}}",
			},
		},
		
]
}