{
"Changes": [
	
//------------------------
// FESTIVAL DIALOGUE   
//------------------------

	//SVFair----------------------
	
		{
			"LogName": "SVFair",
			"Action": "EditData",
			"Target": "Data/Festivals/fall16",
			"Entries": {
			
			//Non-Dateables
				"Aguar": "{{i18n:Festivals.StardewFair.Aguar}}",
				"Bert": "{{i18n:Festivals.StardewFair.Bert}}",
				"Ezekiel": "{{i18n:Festivals.StardewFair.Ezekiel}}",
				"Freddie": "{{i18n:Festivals.StardewFair.Freddie}}",
				"Keahi": "{{i18n:Festivals.StardewFair.Keahi}}",
				"Kiwi": "{{i18n:Festivals.StardewFair.Kiwi}}",
				"Lenny": "{{i18n:Festivals.StardewFair.Lenny}}",
				"Lola": "{{i18n:Festivals.StardewFair.Lola}}",
				"Olga": "{{i18n:Festivals.StardewFair.Olga}}",
				"Pika": "{{i18n:Festivals.StardewFair.Pika}}",
				"Richard": "{{i18n:Festivals.StardewFair.Richard}}",
				"Trinnie": "{{i18n:Festivals.StardewFair.Trinnie}}",
				"Yuuma": "{{i18n:Festivals.StardewFair.Yuuma}}",

				"Ariah": "{{i18n:Festivals.StardewFair.Ariah}}",
				"Maive": "{{i18n:Festivals.StardewFair.Maive}}",
				"Louie": "{{i18n:Festivals.StardewFair.Louie}}",
				"Irene": "{{i18n:Festivals.StardewFair.Irene}}",
				"Sonny": "{{i18n:Festivals.StardewFair.Sonny}}",
				"Paula": "{{i18n:Festivals.StardewFair.Paula}}",
				"Carmen": "{{i18n:Festivals.StardewFair.Carmen}}",
				"Blair": "{{i18n:Festivals.StardewFair.Blair}}",
				"Lorenzo": "{{i18n:Festivals.StardewFair.Lorenzo}}",
				"Shanice": "{{i18n:Festivals.StardewFair.Shanice}}",
				"Anton": "{{i18n:Festivals.StardewFair.Anton}}",
				"Kiarra": "{{i18n:Festivals.StardewFair.Kiarra}}",
				"Sean": "{{i18n:Festivals.StardewFair.Sean}}",
				"Faye": "{{i18n:Festivals.StardewFair.Faye}}",
				"Malaya": "{{i18n:Festivals.StardewFair.Malaya}}",
				"Kimpoi": "{{i18n:Festivals.StardewFair.Kimpoi}}",
				"Naomi": "{{i18n:Festivals.StardewFair.Naomi}}",

			//Dateables
				"Alissa": "{{i18n:Festivals.StardewFair.Alissa}}",
				"Alissa_spouse": "{{i18n:Festivals.StardewFair.Alissa_spouse}}",
				"Corine": "{{i18n:Festivals.StardewFair.Corine}}",
				"Corine_spouse": "{{i18n:Festivals.StardewFair.Corine_spouse}}",
				"Flor": "{{i18n:Festivals.StardewFair.Flor}}",
				"Flor_spouse": "{{i18n:Festivals.StardewFair.Flor_spouse}}",
				"Ian": "{{i18n:Festivals.StardewFair.Ian}}",
				"Ian_spouse": "{{i18n:Festivals.StardewFair.Ian_spouse}}",
				"Jeric": "{{i18n:Festivals.StardewFair.Jeric}}",
				"Jeric_spouse": "{{i18n:Festivals.StardewFair.Jeric_spouse}}",
				"Kenneth": "{{i18n:Festivals.StardewFair.Kenneth}}",
				"Kenneth_spouse": "{{i18n:Festivals.StardewFair.Kenneth_spouse}}",
				"Maddie": "{{i18n:Festivals.StardewFair.Maddie}}",
				"Maddie_spouse": "{{i18n:Festivals.StardewFair.Maddie_spouse}}",
				"Philip": "{{i18n:Festivals.StardewFair.Philip}}",
				"Philip_spouse": "{{i18n:Festivals.StardewFair.Philip_spouse}}",
				"Shiro": "{{i18n:Festivals.StardewFair.Shiro}}",
				"Shiro_spouse": "{{i18n:Festivals.StardewFair.Shiro_spouse}}",
				"Ysabelle": "{{i18n:Festivals.StardewFair.Ysabelle}}",
				"Ysabelle_spouse": "{{i18n:Festivals.StardewFair.Ysabelle_spouse}}",
				"Daia": "{{i18n:Festivals.StardewFair.Daia}}",
				"Daia_spouse": "{{i18n:Festivals.StardewFair.Daia_spouse}}",
				"Jio": "{{i18n:Festivals.StardewFair.Jio}}",
				"Jio_spouse": "{{i18n:Festivals.StardewFair.Jio_spouse}}",
			},
		},
]
}