{
"Changes": [
	
//------------------------
// FESTIVAL DIALOGUE   
//------------------------

	//WinterStar----------------------
	
		{
			"LogName": "WinterStar",
			"Action": "EditData",
			"Target": "Data/Festivals/winter25",
			"Entries": {
			
			//Non-Dateables
				"Aguar": "{{i18n:Festivals.WinterStar.Aguar}}",
				"Bert": "{{i18n:Festivals.WinterStar.Bert}}",
				"Ezekiel": "{{i18n:Festivals.WinterStar.Ezekiel}}",
				"Freddie": "{{i18n:Festivals.WinterStar.Freddie}}",
				"Keahi": "{{i18n:Festivals.WinterStar.Keahi}}",
				"Kiwi": "{{i18n:Festivals.WinterStar.Kiwi}}",
				"Lenny": "{{i18n:Festivals.WinterStar.Lenny}}",
				"Lola": "{{i18n:Festivals.WinterStar.Lola}}",
				"Olga": "{{i18n:Festivals.WinterStar.Olga}}",
				"Pika": "{{i18n:Festivals.WinterStar.Pika}}",
				"Richard": "{{i18n:Festivals.WinterStar.Richard}}",
				"Trinnie": "{{i18n:Festivals.WinterStar.Trinnie}}",
				"Yuuma": "{{i18n:Festivals.WinterStar.Yuuma}}",

				"Ariah": "{{i18n:Festivals.WinterStar.Ariah}}",
				"Maive": "{{i18n:Festivals.WinterStar.Maive}}",
				"Louie": "{{i18n:Festivals.WinterStar.Louie}}",
				"Irene": "{{i18n:Festivals.WinterStar.Irene}}",
				"Sonny": "{{i18n:Festivals.WinterStar.Sonny}}",
				"Paula": "{{i18n:Festivals.WinterStar.Paula}}",
				"Carmen": "{{i18n:Festivals.WinterStar.Carmen}}",
				"Blair": "{{i18n:Festivals.WinterStar.Blair}}",
				"Lorenzo": "{{i18n:Festivals.WinterStar.Lorenzo}}",
				"Shanice": "{{i18n:Festivals.WinterStar.Shanice}}",
				"Anton": "{{i18n:Festivals.WinterStar.Anton}}",
				"Kiarra": "{{i18n:Festivals.WinterStar.Kiarra}}",
				"Sean": "{{i18n:Festivals.WinterStar.Sean}}",
				"Faye": "{{i18n:Festivals.WinterStar.Faye}}",
				"Malaya": "{{i18n:Festivals.WinterStar.Malaya}}",
				"Kimpoi": "{{i18n:Festivals.WinterStar.Kimpoi}}",
				"Naomi": "{{i18n:Festivals.WinterStar.Naomi}}",

			//Dateables
				"Alissa": "{{i18n:Festivals.WinterStar.Alissa}}",
				"Alissa_spouse": "{{i18n:Festivals.WinterStar.Alissa_spouse}}",
				"Corine": "{{i18n:Festivals.WinterStar.Corine}}",
				"Corine_spouse": "{{i18n:Festivals.WinterStar.Corine_spouse}}",
				"Flor": "{{i18n:Festivals.WinterStar.Flor}}",
				"Flor_spouse": "{{i18n:Festivals.WinterStar.Flor_spouse}}",
				"Ian": "{{i18n:Festivals.WinterStar.Ian}}",
				"Ian_spouse": "{{i18n:Festivals.WinterStar.Ian_spouse}}",
				"Jeric": "{{i18n:Festivals.WinterStar.Jeric}}",
				"Jeric_spouse": "{{i18n:Festivals.WinterStar.Jeric_spouse}}",
				"Kenneth": "{{i18n:Festivals.WinterStar.Kenneth}}",
				"Kenneth_spouse": "{{i18n:Festivals.WinterStar.Kenneth_spouse}}",
				"Maddie": "{{i18n:Festivals.WinterStar.Maddie}}",
				"Maddie_spouse": "{{i18n:Festivals.WinterStar.Maddie_spouse}}",
				"Philip": "{{i18n:Festivals.WinterStar.Philip}}",
				"Philip_spouse": "{{i18n:Festivals.WinterStar.Philip_spouse}}",
				"Shiro": "{{i18n:Festivals.WinterStar.Shiro}}",
				"Shiro_spouse": "{{i18n:Festivals.WinterStar.Shiro_spouse}}",
				"Ysabelle": "{{i18n:Festivals.WinterStar.Ysabelle}}",
				"Ysabelle_spouse": "{{i18n:Festivals.WinterStar.Ysabelle_spouse}}",
				"Daia": "{{i18n:Festivals.WinterStar.Daia}}",
				"Daia_spouse": "{{i18n:Festivals.WinterStar.Daia_spouse}}",
				"Jio": "{{i18n:Festivals.WinterStar.Jio}}",
				"Jio_spouse": "{{i18n:Festivals.WinterStar.Jio_spouse}}",
			},
		},
		
]
}