{
  "Name": "Highland Butterwort",
  "Description": "Kids love to use this in local games!",
  "Category": "Flower",
  "Edibility": 5,
  "EdibleBuffs": {
    "Farming": 0,
    "Fishing": 0,
    "Mining": 0,
    "Luck": 0,
	"Foraging": 0,
	"MaxStamina": 0,
    "MagnetRadius": 0,
	"Speed": 1,
	"Defense": 0,
	"Attack": 0,
    "Duration": 10,
	},
  "Price": 40,
  "IsColored": false,
  "Recipe": null,
  "GiftTastes":
  {
  "Love": ["Trinnie", "Keahi", "Yuuma", "Louie", "Vincent", "Jas", "Blair", "Sean", "Lenny"],
  "Like": ["Aguar"],
  },

      "NameLocalization":
    { 
      //remove the "//" from your language
        //"es": "PLACEHOLDER",
        //"ko": "PLACEHOLDER",
        //"de": "PLACEHOLDER",
        //"fr": "PLACEHOLDER",
        //"hu": "PLACEHOLDER",
        //"it": "PLACEHOLDER",
        //"ja": "PLACEHOLDER",
        //"pt": "PLACEHOLDER",
        //"ru": "PLACEHOLDER",
        //"tr": "PLACEHOLDER",
        //"zh": "PLACEHOLDER",
    },
    "DescriptionLocalization":
    {
      //remove the "//" from your language      
        //"es": "PLACEHOLDER",
        //"ko": "PLACEHOLDER",
        //"de": "PLACEHOLDER",
        //"fr": "PLACEHOLDER",
        //"hu": "PLACEHOLDER",
        //"it": "PLACEHOLDER",
        //"ja": "PLACEHOLDER",
        //"pt": "PLACEHOLDER",
        //"ru": "PLACEHOLDER",
        //"tr": "PLACEHOLDER",
        //"zh": "PLACEHOLDER",
    }
}